Copyright 1986-2022 Xilinx, Inc. All Rights Reserved. Copyright 2022-2025 Advanced Micro Devices, Inc. All Rights Reserved.
-----------------------------------------------------------------------------------------------------------------------------------------------------------------------------------------------------------------------------
| Tool Version : Vivado v.2025.2 (lin64) Build 6299465 Fri Nov 14 12:34:56 MST 2025
| Date         : Thu Apr  9 15:20:48 2026
| Host         : legolas running 64-bit CachyOS
| Command      : report_methodology -file cw305_core_v_mini_mcu_wrapper_methodology_drc_routed.rpt -pb cw305_core_v_mini_mcu_wrapper_methodology_drc_routed.pb -rpx cw305_core_v_mini_mcu_wrapper_methodology_drc_routed.rpx
| Design       : cw305_core_v_mini_mcu_wrapper
| Device       : xc7a100tftg256-2
| Speed File   : -2
| Design State : Fully Routed
-----------------------------------------------------------------------------------------------------------------------------------------------------------------------------------------------------------------------------

Report Methodology

Table of Contents
-----------------
1. REPORT SUMMARY
2. REPORT DETAILS

1. REPORT SUMMARY
-----------------
            Netlist: netlist
          Floorplan: design_1
      Design limits: <entire design considered>
             Max checks: <unlimited>
             Checks found: 1234
+-----------+------------------+------------------------------------------------+--------+
| Rule      | Severity         | Description                                    | Checks |
+-----------+------------------+------------------------------------------------+--------+
| TIMING-6  | Critical Warning | No common primary clock between related clocks | 4      |
| TIMING-7  | Critical Warning | No common node between related clocks          | 4      |
| TIMING-14 | Critical Warning | LUT on the clock tree                          | 1      |
| DPIR-1    | Warning          | Asynchronous driver check                      | 136    |
| HPDR-1    | Warning          | Port pin direction inconsistency               | 2      |
| LUTAR-1   | Warning          | LUT drives async reset alert                   | 5      |
| SYNTH-10  | Warning          | Wide multiplier                                | 3      |
| TIMING-16 | Warning          | Large setup violation                          | 1000   |
| TIMING-18 | Warning          | Missing input or output delay                  | 39     |
| XDCH-2    | Warning          | Same min and max delay values on IO port       | 40     |
+-----------+------------------+------------------------------------------------+--------+

2. REPORT DETAILS
-----------------
TIMING-6#1 Critical Warning
No common primary clock between related clocks  
The clocks jtag_clk_pin and sys_clk_pin are related (timed together) but they have no common primary clock. The design could fail in hardware. To find a timing path between these clocks, run the following command: report_timing -from [get_clocks jtag_clk_pin] -to [get_clocks sys_clk_pin]
Related violations: <none>

TIMING-6#2 Critical Warning
No common primary clock between related clocks  
The clocks sys_clk_pin and jtag_clk_pin are related (timed together) but they have no common primary clock. The design could fail in hardware. To find a timing path between these clocks, run the following command: report_timing -from [get_clocks sys_clk_pin] -to [get_clocks jtag_clk_pin]
Related violations: <none>

TIMING-6#3 Critical Warning
No common primary clock between related clocks  
The clocks sys_clk_pin and usb_clk_pin are related (timed together) but they have no common primary clock. The design could fail in hardware. To find a timing path between these clocks, run the following command: report_timing -from [get_clocks sys_clk_pin] -to [get_clocks usb_clk_pin]
Related violations: <none>

TIMING-6#4 Critical Warning
No common primary clock between related clocks  
The clocks usb_clk_pin and sys_clk_pin are related (timed together) but they have no common primary clock. The design could fail in hardware. To find a timing path between these clocks, run the following command: report_timing -from [get_clocks usb_clk_pin] -to [get_clocks sys_clk_pin]
Related violations: <none>

TIMING-7#1 Critical Warning
No common node between related clocks  
The clocks jtag_clk_pin and sys_clk_pin are related (timed together) but they have no common node. The design could fail in hardware. To find a timing path between these clocks, run the following command: report_timing -from [get_clocks jtag_clk_pin] -to [get_clocks sys_clk_pin]
Related violations: <none>

TIMING-7#2 Critical Warning
No common node between related clocks  
The clocks sys_clk_pin and jtag_clk_pin are related (timed together) but they have no common node. The design could fail in hardware. To find a timing path between these clocks, run the following command: report_timing -from [get_clocks sys_clk_pin] -to [get_clocks jtag_clk_pin]
Related violations: <none>

TIMING-7#3 Critical Warning
No common node between related clocks  
The clocks sys_clk_pin and usb_clk_pin are related (timed together) but they have no common node. The design could fail in hardware. To find a timing path between these clocks, run the following command: report_timing -from [get_clocks sys_clk_pin] -to [get_clocks usb_clk_pin]
Related violations: <none>

TIMING-7#4 Critical Warning
No common node between related clocks  
The clocks usb_clk_pin and sys_clk_pin are related (timed together) but they have no common node. The design could fail in hardware. To find a timing path between these clocks, run the following command: report_timing -from [get_clocks usb_clk_pin] -to [get_clocks sys_clk_pin]
Related violations: <none>

TIMING-14#1 Critical Warning
LUT on the clock tree  
The LUT x_heep_system_i/core_v_mini_mcu_i/debug_subsystem_i/dmi_jtag_i/i_dmi_jtag_tap/i_dft_tck_mux/xilinx_i_clk_mux2_i/i_BUFGMUX_i_1 has been found on the clock tree. Run opt_design to optimize the clock trees, then re-run report_methodology. If LUT(s) are still present in the clock trees, modify the RTL or the synthesis options accordingly to move the clock gating logic to dedicated clock enable resources. Keep in mind that post-opt_design database cannot be used for pin-planning tasks
Related violations: <none>

DPIR-1#1 Warning
Asynchronous driver check  
DSP x_heep_system_i/core_v_mini_mcu_i/cpu_subsystem_i/cv32e40p_top_i/core_i/ex_stage_i/mult_i/int_result0 input pin x_heep_system_i/core_v_mini_mcu_i/cpu_subsystem_i/cv32e40p_top_i/core_i/ex_stage_i/mult_i/int_result0/A[0] is connected to registers with an asynchronous reset. This is preventing the possibility of merging these registers in to the DSP Block since the DSP block registers only possess synchronous reset capability.  It is suggested to recode or change these registers to remove the reset or use a synchronous reset to get the best optimization for performance, power and area.
Related violations: <none>

DPIR-1#2 Warning
Asynchronous driver check  
DSP x_heep_system_i/core_v_mini_mcu_i/cpu_subsystem_i/cv32e40p_top_i/core_i/ex_stage_i/mult_i/int_result0 input pin x_heep_system_i/core_v_mini_mcu_i/cpu_subsystem_i/cv32e40p_top_i/core_i/ex_stage_i/mult_i/int_result0/A[10] is connected to registers with an asynchronous reset. This is preventing the possibility of merging these registers in to the DSP Block since the DSP block registers only possess synchronous reset capability.  It is suggested to recode or change these registers to remove the reset or use a synchronous reset to get the best optimization for performance, power and area.
Related violations: <none>

DPIR-1#3 Warning
Asynchronous driver check  
DSP x_heep_system_i/core_v_mini_mcu_i/cpu_subsystem_i/cv32e40p_top_i/core_i/ex_stage_i/mult_i/int_result0 input pin x_heep_system_i/core_v_mini_mcu_i/cpu_subsystem_i/cv32e40p_top_i/core_i/ex_stage_i/mult_i/int_result0/A[11] is connected to registers with an asynchronous reset. This is preventing the possibility of merging these registers in to the DSP Block since the DSP block registers only possess synchronous reset capability.  It is suggested to recode or change these registers to remove the reset or use a synchronous reset to get the best optimization for performance, power and area.
Related violations: <none>

DPIR-1#4 Warning
Asynchronous driver check  
DSP x_heep_system_i/core_v_mini_mcu_i/cpu_subsystem_i/cv32e40p_top_i/core_i/ex_stage_i/mult_i/int_result0 input pin x_heep_system_i/core_v_mini_mcu_i/cpu_subsystem_i/cv32e40p_top_i/core_i/ex_stage_i/mult_i/int_result0/A[12] is connected to registers with an asynchronous reset. This is preventing the possibility of merging these registers in to the DSP Block since the DSP block registers only possess synchronous reset capability.  It is suggested to recode or change these registers to remove the reset or use a synchronous reset to get the best optimization for performance, power and area.
Related violations: <none>

DPIR-1#5 Warning
Asynchronous driver check  
DSP x_heep_system_i/core_v_mini_mcu_i/cpu_subsystem_i/cv32e40p_top_i/core_i/ex_stage_i/mult_i/int_result0 input pin x_heep_system_i/core_v_mini_mcu_i/cpu_subsystem_i/cv32e40p_top_i/core_i/ex_stage_i/mult_i/int_result0/A[13] is connected to registers with an asynchronous reset. This is preventing the possibility of merging these registers in to the DSP Block since the DSP block registers only possess synchronous reset capability.  It is suggested to recode or change these registers to remove the reset or use a synchronous reset to get the best optimization for performance, power and area.
Related violations: <none>

DPIR-1#6 Warning
Asynchronous driver check  
DSP x_heep_system_i/core_v_mini_mcu_i/cpu_subsystem_i/cv32e40p_top_i/core_i/ex_stage_i/mult_i/int_result0 input pin x_heep_system_i/core_v_mini_mcu_i/cpu_subsystem_i/cv32e40p_top_i/core_i/ex_stage_i/mult_i/int_result0/A[14] is connected to registers with an asynchronous reset. This is preventing the possibility of merging these registers in to the DSP Block since the DSP block registers only possess synchronous reset capability.  It is suggested to recode or change these registers to remove the reset or use a synchronous reset to get the best optimization for performance, power and area.
Related violations: <none>

DPIR-1#7 Warning
Asynchronous driver check  
DSP x_heep_system_i/core_v_mini_mcu_i/cpu_subsystem_i/cv32e40p_top_i/core_i/ex_stage_i/mult_i/int_result0 input pin x_heep_system_i/core_v_mini_mcu_i/cpu_subsystem_i/cv32e40p_top_i/core_i/ex_stage_i/mult_i/int_result0/A[15] is connected to registers with an asynchronous reset. This is preventing the possibility of merging these registers in to the DSP Block since the DSP block registers only possess synchronous reset capability.  It is suggested to recode or change these registers to remove the reset or use a synchronous reset to get the best optimization for performance, power and area.
Related violations: <none>

DPIR-1#8 Warning
Asynchronous driver check  
DSP x_heep_system_i/core_v_mini_mcu_i/cpu_subsystem_i/cv32e40p_top_i/core_i/ex_stage_i/mult_i/int_result0 input pin x_heep_system_i/core_v_mini_mcu_i/cpu_subsystem_i/cv32e40p_top_i/core_i/ex_stage_i/mult_i/int_result0/A[16] is connected to registers with an asynchronous reset. This is preventing the possibility of merging these registers in to the DSP Block since the DSP block registers only possess synchronous reset capability.  It is suggested to recode or change these registers to remove the reset or use a synchronous reset to get the best optimization for performance, power and area.
Related violations: <none>

DPIR-1#9 Warning
Asynchronous driver check  
DSP x_heep_system_i/core_v_mini_mcu_i/cpu_subsystem_i/cv32e40p_top_i/core_i/ex_stage_i/mult_i/int_result0 input pin x_heep_system_i/core_v_mini_mcu_i/cpu_subsystem_i/cv32e40p_top_i/core_i/ex_stage_i/mult_i/int_result0/A[1] is connected to registers with an asynchronous reset. This is preventing the possibility of merging these registers in to the DSP Block since the DSP block registers only possess synchronous reset capability.  It is suggested to recode or change these registers to remove the reset or use a synchronous reset to get the best optimization for performance, power and area.
Related violations: <none>

DPIR-1#10 Warning
Asynchronous driver check  
DSP x_heep_system_i/core_v_mini_mcu_i/cpu_subsystem_i/cv32e40p_top_i/core_i/ex_stage_i/mult_i/int_result0 input pin x_heep_system_i/core_v_mini_mcu_i/cpu_subsystem_i/cv32e40p_top_i/core_i/ex_stage_i/mult_i/int_result0/A[2] is connected to registers with an asynchronous reset. This is preventing the possibility of merging these registers in to the DSP Block since the DSP block registers only possess synchronous reset capability.  It is suggested to recode or change these registers to remove the reset or use a synchronous reset to get the best optimization for performance, power and area.
Related violations: <none>

DPIR-1#11 Warning
Asynchronous driver check  
DSP x_heep_system_i/core_v_mini_mcu_i/cpu_subsystem_i/cv32e40p_top_i/core_i/ex_stage_i/mult_i/int_result0 input pin x_heep_system_i/core_v_mini_mcu_i/cpu_subsystem_i/cv32e40p_top_i/core_i/ex_stage_i/mult_i/int_result0/A[3] is connected to registers with an asynchronous reset. This is preventing the possibility of merging these registers in to the DSP Block since the DSP block registers only possess synchronous reset capability.  It is suggested to recode or change these registers to remove the reset or use a synchronous reset to get the best optimization for performance, power and area.
Related violations: <none>

DPIR-1#12 Warning
Asynchronous driver check  
DSP x_heep_system_i/core_v_mini_mcu_i/cpu_subsystem_i/cv32e40p_top_i/core_i/ex_stage_i/mult_i/int_result0 input pin x_heep_system_i/core_v_mini_mcu_i/cpu_subsystem_i/cv32e40p_top_i/core_i/ex_stage_i/mult_i/int_result0/A[4] is connected to registers with an asynchronous reset. This is preventing the possibility of merging these registers in to the DSP Block since the DSP block registers only possess synchronous reset capability.  It is suggested to recode or change these registers to remove the reset or use a synchronous reset to get the best optimization for performance, power and area.
Related violations: <none>

DPIR-1#13 Warning
Asynchronous driver check  
DSP x_heep_system_i/core_v_mini_mcu_i/cpu_subsystem_i/cv32e40p_top_i/core_i/ex_stage_i/mult_i/int_result0 input pin x_heep_system_i/core_v_mini_mcu_i/cpu_subsystem_i/cv32e40p_top_i/core_i/ex_stage_i/mult_i/int_result0/A[5] is connected to registers with an asynchronous reset. This is preventing the possibility of merging these registers in to the DSP Block since the DSP block registers only possess synchronous reset capability.  It is suggested to recode or change these registers to remove the reset or use a synchronous reset to get the best optimization for performance, power and area.
Related violations: <none>

DPIR-1#14 Warning
Asynchronous driver check  
DSP x_heep_system_i/core_v_mini_mcu_i/cpu_subsystem_i/cv32e40p_top_i/core_i/ex_stage_i/mult_i/int_result0 input pin x_heep_system_i/core_v_mini_mcu_i/cpu_subsystem_i/cv32e40p_top_i/core_i/ex_stage_i/mult_i/int_result0/A[6] is connected to registers with an asynchronous reset. This is preventing the possibility of merging these registers in to the DSP Block since the DSP block registers only possess synchronous reset capability.  It is suggested to recode or change these registers to remove the reset or use a synchronous reset to get the best optimization for performance, power and area.
Related violations: <none>

DPIR-1#15 Warning
Asynchronous driver check  
DSP x_heep_system_i/core_v_mini_mcu_i/cpu_subsystem_i/cv32e40p_top_i/core_i/ex_stage_i/mult_i/int_result0 input pin x_heep_system_i/core_v_mini_mcu_i/cpu_subsystem_i/cv32e40p_top_i/core_i/ex_stage_i/mult_i/int_result0/A[7] is connected to registers with an asynchronous reset. This is preventing the possibility of merging these registers in to the DSP Block since the DSP block registers only possess synchronous reset capability.  It is suggested to recode or change these registers to remove the reset or use a synchronous reset to get the best optimization for performance, power and area.
Related violations: <none>

DPIR-1#16 Warning
Asynchronous driver check  
DSP x_heep_system_i/core_v_mini_mcu_i/cpu_subsystem_i/cv32e40p_top_i/core_i/ex_stage_i/mult_i/int_result0 input pin x_heep_system_i/core_v_mini_mcu_i/cpu_subsystem_i/cv32e40p_top_i/core_i/ex_stage_i/mult_i/int_result0/A[8] is connected to registers with an asynchronous reset. This is preventing the possibility of merging these registers in to the DSP Block since the DSP block registers only possess synchronous reset capability.  It is suggested to recode or change these registers to remove the reset or use a synchronous reset to get the best optimization for performance, power and area.
Related violations: <none>

DPIR-1#17 Warning
Asynchronous driver check  
DSP x_heep_system_i/core_v_mini_mcu_i/cpu_subsystem_i/cv32e40p_top_i/core_i/ex_stage_i/mult_i/int_result0 input pin x_heep_system_i/core_v_mini_mcu_i/cpu_subsystem_i/cv32e40p_top_i/core_i/ex_stage_i/mult_i/int_result0/A[9] is connected to registers with an asynchronous reset. This is preventing the possibility of merging these registers in to the DSP Block since the DSP block registers only possess synchronous reset capability.  It is suggested to recode or change these registers to remove the reset or use a synchronous reset to get the best optimization for performance, power and area.
Related violations: <none>

DPIR-1#18 Warning
Asynchronous driver check  
DSP x_heep_system_i/core_v_mini_mcu_i/cpu_subsystem_i/cv32e40p_top_i/core_i/ex_stage_i/mult_i/int_result0 input pin x_heep_system_i/core_v_mini_mcu_i/cpu_subsystem_i/cv32e40p_top_i/core_i/ex_stage_i/mult_i/int_result0/B[0] is connected to registers with an asynchronous reset. This is preventing the possibility of merging these registers in to the DSP Block since the DSP block registers only possess synchronous reset capability.  It is suggested to recode or change these registers to remove the reset or use a synchronous reset to get the best optimization for performance, power and area.
Related violations: <none>

DPIR-1#19 Warning
Asynchronous driver check  
DSP x_heep_system_i/core_v_mini_mcu_i/cpu_subsystem_i/cv32e40p_top_i/core_i/ex_stage_i/mult_i/int_result0 input pin x_heep_system_i/core_v_mini_mcu_i/cpu_subsystem_i/cv32e40p_top_i/core_i/ex_stage_i/mult_i/int_result0/B[10] is connected to registers with an asynchronous reset. This is preventing the possibility of merging these registers in to the DSP Block since the DSP block registers only possess synchronous reset capability.  It is suggested to recode or change these registers to remove the reset or use a synchronous reset to get the best optimization for performance, power and area.
Related violations: <none>

DPIR-1#20 Warning
Asynchronous driver check  
DSP x_heep_system_i/core_v_mini_mcu_i/cpu_subsystem_i/cv32e40p_top_i/core_i/ex_stage_i/mult_i/int_result0 input pin x_heep_system_i/core_v_mini_mcu_i/cpu_subsystem_i/cv32e40p_top_i/core_i/ex_stage_i/mult_i/int_result0/B[11] is connected to registers with an asynchronous reset. This is preventing the possibility of merging these registers in to the DSP Block since the DSP block registers only possess synchronous reset capability.  It is suggested to recode or change these registers to remove the reset or use a synchronous reset to get the best optimization for performance, power and area.
Related violations: <none>

DPIR-1#21 Warning
Asynchronous driver check  
DSP x_heep_system_i/core_v_mini_mcu_i/cpu_subsystem_i/cv32e40p_top_i/core_i/ex_stage_i/mult_i/int_result0 input pin x_heep_system_i/core_v_mini_mcu_i/cpu_subsystem_i/cv32e40p_top_i/core_i/ex_stage_i/mult_i/int_result0/B[12] is connected to registers with an asynchronous reset. This is preventing the possibility of merging these registers in to the DSP Block since the DSP block registers only possess synchronous reset capability.  It is suggested to recode or change these registers to remove the reset or use a synchronous reset to get the best optimization for performance, power and area.
Related violations: <none>

DPIR-1#22 Warning
Asynchronous driver check  
DSP x_heep_system_i/core_v_mini_mcu_i/cpu_subsystem_i/cv32e40p_top_i/core_i/ex_stage_i/mult_i/int_result0 input pin x_heep_system_i/core_v_mini_mcu_i/cpu_subsystem_i/cv32e40p_top_i/core_i/ex_stage_i/mult_i/int_result0/B[13] is connected to registers with an asynchronous reset. This is preventing the possibility of merging these registers in to the DSP Block since the DSP block registers only possess synchronous reset capability.  It is suggested to recode or change these registers to remove the reset or use a synchronous reset to get the best optimization for performance, power and area.
Related violations: <none>

DPIR-1#23 Warning
Asynchronous driver check  
DSP x_heep_system_i/core_v_mini_mcu_i/cpu_subsystem_i/cv32e40p_top_i/core_i/ex_stage_i/mult_i/int_result0 input pin x_heep_system_i/core_v_mini_mcu_i/cpu_subsystem_i/cv32e40p_top_i/core_i/ex_stage_i/mult_i/int_result0/B[14] is connected to registers with an asynchronous reset. This is preventing the possibility of merging these registers in to the DSP Block since the DSP block registers only possess synchronous reset capability.  It is suggested to recode or change these registers to remove the reset or use a synchronous reset to get the best optimization for performance, power and area.
Related violations: <none>

DPIR-1#24 Warning
Asynchronous driver check  
DSP x_heep_system_i/core_v_mini_mcu_i/cpu_subsystem_i/cv32e40p_top_i/core_i/ex_stage_i/mult_i/int_result0 input pin x_heep_system_i/core_v_mini_mcu_i/cpu_subsystem_i/cv32e40p_top_i/core_i/ex_stage_i/mult_i/int_result0/B[15] is connected to registers with an asynchronous reset. This is preventing the possibility of merging these registers in to the DSP Block since the DSP block registers only possess synchronous reset capability.  It is suggested to recode or change these registers to remove the reset or use a synchronous reset to get the best optimization for performance, power and area.
Related violations: <none>

DPIR-1#25 Warning
Asynchronous driver check  
DSP x_heep_system_i/core_v_mini_mcu_i/cpu_subsystem_i/cv32e40p_top_i/core_i/ex_stage_i/mult_i/int_result0 input pin x_heep_system_i/core_v_mini_mcu_i/cpu_subsystem_i/cv32e40p_top_i/core_i/ex_stage_i/mult_i/int_result0/B[16] is connected to registers with an asynchronous reset. This is preventing the possibility of merging these registers in to the DSP Block since the DSP block registers only possess synchronous reset capability.  It is suggested to recode or change these registers to remove the reset or use a synchronous reset to get the best optimization for performance, power and area.
Related violations: <none>

DPIR-1#26 Warning
Asynchronous driver check  
DSP x_heep_system_i/core_v_mini_mcu_i/cpu_subsystem_i/cv32e40p_top_i/core_i/ex_stage_i/mult_i/int_result0 input pin x_heep_system_i/core_v_mini_mcu_i/cpu_subsystem_i/cv32e40p_top_i/core_i/ex_stage_i/mult_i/int_result0/B[17] is connected to registers with an asynchronous reset. This is preventing the possibility of merging these registers in to the DSP Block since the DSP block registers only possess synchronous reset capability.  It is suggested to recode or change these registers to remove the reset or use a synchronous reset to get the best optimization for performance, power and area.
Related violations: <none>

DPIR-1#27 Warning
Asynchronous driver check  
DSP x_heep_system_i/core_v_mini_mcu_i/cpu_subsystem_i/cv32e40p_top_i/core_i/ex_stage_i/mult_i/int_result0 input pin x_heep_system_i/core_v_mini_mcu_i/cpu_subsystem_i/cv32e40p_top_i/core_i/ex_stage_i/mult_i/int_result0/B[1] is connected to registers with an asynchronous reset. This is preventing the possibility of merging these registers in to the DSP Block since the DSP block registers only possess synchronous reset capability.  It is suggested to recode or change these registers to remove the reset or use a synchronous reset to get the best optimization for performance, power and area.
Related violations: <none>

DPIR-1#28 Warning
Asynchronous driver check  
DSP x_heep_system_i/core_v_mini_mcu_i/cpu_subsystem_i/cv32e40p_top_i/core_i/ex_stage_i/mult_i/int_result0 input pin x_heep_system_i/core_v_mini_mcu_i/cpu_subsystem_i/cv32e40p_top_i/core_i/ex_stage_i/mult_i/int_result0/B[2] is connected to registers with an asynchronous reset. This is preventing the possibility of merging these registers in to the DSP Block since the DSP block registers only possess synchronous reset capability.  It is suggested to recode or change these registers to remove the reset or use a synchronous reset to get the best optimization for performance, power and area.
Related violations: <none>

DPIR-1#29 Warning
Asynchronous driver check  
DSP x_heep_system_i/core_v_mini_mcu_i/cpu_subsystem_i/cv32e40p_top_i/core_i/ex_stage_i/mult_i/int_result0 input pin x_heep_system_i/core_v_mini_mcu_i/cpu_subsystem_i/cv32e40p_top_i/core_i/ex_stage_i/mult_i/int_result0/B[3] is connected to registers with an asynchronous reset. This is preventing the possibility of merging these registers in to the DSP Block since the DSP block registers only possess synchronous reset capability.  It is suggested to recode or change these registers to remove the reset or use a synchronous reset to get the best optimization for performance, power and area.
Related violations: <none>

DPIR-1#30 Warning
Asynchronous driver check  
DSP x_heep_system_i/core_v_mini_mcu_i/cpu_subsystem_i/cv32e40p_top_i/core_i/ex_stage_i/mult_i/int_result0 input pin x_heep_system_i/core_v_mini_mcu_i/cpu_subsystem_i/cv32e40p_top_i/core_i/ex_stage_i/mult_i/int_result0/B[4] is connected to registers with an asynchronous reset. This is preventing the possibility of merging these registers in to the DSP Block since the DSP block registers only possess synchronous reset capability.  It is suggested to recode or change these registers to remove the reset or use a synchronous reset to get the best optimization for performance, power and area.
Related violations: <none>

DPIR-1#31 Warning
Asynchronous driver check  
DSP x_heep_system_i/core_v_mini_mcu_i/cpu_subsystem_i/cv32e40p_top_i/core_i/ex_stage_i/mult_i/int_result0 input pin x_heep_system_i/core_v_mini_mcu_i/cpu_subsystem_i/cv32e40p_top_i/core_i/ex_stage_i/mult_i/int_result0/B[5] is connected to registers with an asynchronous reset. This is preventing the possibility of merging these registers in to the DSP Block since the DSP block registers only possess synchronous reset capability.  It is suggested to recode or change these registers to remove the reset or use a synchronous reset to get the best optimization for performance, power and area.
Related violations: <none>

DPIR-1#32 Warning
Asynchronous driver check  
DSP x_heep_system_i/core_v_mini_mcu_i/cpu_subsystem_i/cv32e40p_top_i/core_i/ex_stage_i/mult_i/int_result0 input pin x_heep_system_i/core_v_mini_mcu_i/cpu_subsystem_i/cv32e40p_top_i/core_i/ex_stage_i/mult_i/int_result0/B[6] is connected to registers with an asynchronous reset. This is preventing the possibility of merging these registers in to the DSP Block since the DSP block registers only possess synchronous reset capability.  It is suggested to recode or change these registers to remove the reset or use a synchronous reset to get the best optimization for performance, power and area.
Related violations: <none>

DPIR-1#33 Warning
Asynchronous driver check  
DSP x_heep_system_i/core_v_mini_mcu_i/cpu_subsystem_i/cv32e40p_top_i/core_i/ex_stage_i/mult_i/int_result0 input pin x_heep_system_i/core_v_mini_mcu_i/cpu_subsystem_i/cv32e40p_top_i/core_i/ex_stage_i/mult_i/int_result0/B[7] is connected to registers with an asynchronous reset. This is preventing the possibility of merging these registers in to the DSP Block since the DSP block registers only possess synchronous reset capability.  It is suggested to recode or change these registers to remove the reset or use a synchronous reset to get the best optimization for performance, power and area.
Related violations: <none>

DPIR-1#34 Warning
Asynchronous driver check  
DSP x_heep_system_i/core_v_mini_mcu_i/cpu_subsystem_i/cv32e40p_top_i/core_i/ex_stage_i/mult_i/int_result0 input pin x_heep_system_i/core_v_mini_mcu_i/cpu_subsystem_i/cv32e40p_top_i/core_i/ex_stage_i/mult_i/int_result0/B[8] is connected to registers with an asynchronous reset. This is preventing the possibility of merging these registers in to the DSP Block since the DSP block registers only possess synchronous reset capability.  It is suggested to recode or change these registers to remove the reset or use a synchronous reset to get the best optimization for performance, power and area.
Related violations: <none>

DPIR-1#35 Warning
Asynchronous driver check  
DSP x_heep_system_i/core_v_mini_mcu_i/cpu_subsystem_i/cv32e40p_top_i/core_i/ex_stage_i/mult_i/int_result0 input pin x_heep_system_i/core_v_mini_mcu_i/cpu_subsystem_i/cv32e40p_top_i/core_i/ex_stage_i/mult_i/int_result0/B[9] is connected to registers with an asynchronous reset. This is preventing the possibility of merging these registers in to the DSP Block since the DSP block registers only possess synchronous reset capability.  It is suggested to recode or change these registers to remove the reset or use a synchronous reset to get the best optimization for performance, power and area.
Related violations: <none>

DPIR-1#36 Warning
Asynchronous driver check  
DSP x_heep_system_i/core_v_mini_mcu_i/cpu_subsystem_i/cv32e40p_top_i/core_i/ex_stage_i/mult_i/int_result0__0 input pin x_heep_system_i/core_v_mini_mcu_i/cpu_subsystem_i/cv32e40p_top_i/core_i/ex_stage_i/mult_i/int_result0__0/A[0] is connected to registers with an asynchronous reset. This is preventing the possibility of merging these registers in to the DSP Block since the DSP block registers only possess synchronous reset capability.  It is suggested to recode or change these registers to remove the reset or use a synchronous reset to get the best optimization for performance, power and area.
Related violations: <none>

DPIR-1#37 Warning
Asynchronous driver check  
DSP x_heep_system_i/core_v_mini_mcu_i/cpu_subsystem_i/cv32e40p_top_i/core_i/ex_stage_i/mult_i/int_result0__0 input pin x_heep_system_i/core_v_mini_mcu_i/cpu_subsystem_i/cv32e40p_top_i/core_i/ex_stage_i/mult_i/int_result0__0/A[10] is connected to registers with an asynchronous reset. This is preventing the possibility of merging these registers in to the DSP Block since the DSP block registers only possess synchronous reset capability.  It is suggested to recode or change these registers to remove the reset or use a synchronous reset to get the best optimization for performance, power and area.
Related violations: <none>

DPIR-1#38 Warning
Asynchronous driver check  
DSP x_heep_system_i/core_v_mini_mcu_i/cpu_subsystem_i/cv32e40p_top_i/core_i/ex_stage_i/mult_i/int_result0__0 input pin x_heep_system_i/core_v_mini_mcu_i/cpu_subsystem_i/cv32e40p_top_i/core_i/ex_stage_i/mult_i/int_result0__0/A[11] is connected to registers with an asynchronous reset. This is preventing the possibility of merging these registers in to the DSP Block since the DSP block registers only possess synchronous reset capability.  It is suggested to recode or change these registers to remove the reset or use a synchronous reset to get the best optimization for performance, power and area.
Related violations: <none>

DPIR-1#39 Warning
Asynchronous driver check  
DSP x_heep_system_i/core_v_mini_mcu_i/cpu_subsystem_i/cv32e40p_top_i/core_i/ex_stage_i/mult_i/int_result0__0 input pin x_heep_system_i/core_v_mini_mcu_i/cpu_subsystem_i/cv32e40p_top_i/core_i/ex_stage_i/mult_i/int_result0__0/A[12] is connected to registers with an asynchronous reset. This is preventing the possibility of merging these registers in to the DSP Block since the DSP block registers only possess synchronous reset capability.  It is suggested to recode or change these registers to remove the reset or use a synchronous reset to get the best optimization for performance, power and area.
Related violations: <none>

DPIR-1#40 Warning
Asynchronous driver check  
DSP x_heep_system_i/core_v_mini_mcu_i/cpu_subsystem_i/cv32e40p_top_i/core_i/ex_stage_i/mult_i/int_result0__0 input pin x_heep_system_i/core_v_mini_mcu_i/cpu_subsystem_i/cv32e40p_top_i/core_i/ex_stage_i/mult_i/int_result0__0/A[13] is connected to registers with an asynchronous reset. This is preventing the possibility of merging these registers in to the DSP Block since the DSP block registers only possess synchronous reset capability.  It is suggested to recode or change these registers to remove the reset or use a synchronous reset to get the best optimization for performance, power and area.
Related violations: <none>

DPIR-1#41 Warning
Asynchronous driver check  
DSP x_heep_system_i/core_v_mini_mcu_i/cpu_subsystem_i/cv32e40p_top_i/core_i/ex_stage_i/mult_i/int_result0__0 input pin x_heep_system_i/core_v_mini_mcu_i/cpu_subsystem_i/cv32e40p_top_i/core_i/ex_stage_i/mult_i/int_result0__0/A[14] is connected to registers with an asynchronous reset. This is preventing the possibility of merging these registers in to the DSP Block since the DSP block registers only possess synchronous reset capability.  It is suggested to recode or change these registers to remove the reset or use a synchronous reset to get the best optimization for performance, power and area.
Related violations: <none>

DPIR-1#42 Warning
Asynchronous driver check  
DSP x_heep_system_i/core_v_mini_mcu_i/cpu_subsystem_i/cv32e40p_top_i/core_i/ex_stage_i/mult_i/int_result0__0 input pin x_heep_system_i/core_v_mini_mcu_i/cpu_subsystem_i/cv32e40p_top_i/core_i/ex_stage_i/mult_i/int_result0__0/A[15] is connected to registers with an asynchronous reset. This is preventing the possibility of merging these registers in to the DSP Block since the DSP block registers only possess synchronous reset capability.  It is suggested to recode or change these registers to remove the reset or use a synchronous reset to get the best optimization for performance, power and area.
Related violations: <none>

DPIR-1#43 Warning
Asynchronous driver check  
DSP x_heep_system_i/core_v_mini_mcu_i/cpu_subsystem_i/cv32e40p_top_i/core_i/ex_stage_i/mult_i/int_result0__0 input pin x_heep_system_i/core_v_mini_mcu_i/cpu_subsystem_i/cv32e40p_top_i/core_i/ex_stage_i/mult_i/int_result0__0/A[16] is connected to registers with an asynchronous reset. This is preventing the possibility of merging these registers in to the DSP Block since the DSP block registers only possess synchronous reset capability.  It is suggested to recode or change these registers to remove the reset or use a synchronous reset to get the best optimization for performance, power and area.
Related violations: <none>

DPIR-1#44 Warning
Asynchronous driver check  
DSP x_heep_system_i/core_v_mini_mcu_i/cpu_subsystem_i/cv32e40p_top_i/core_i/ex_stage_i/mult_i/int_result0__0 input pin x_heep_system_i/core_v_mini_mcu_i/cpu_subsystem_i/cv32e40p_top_i/core_i/ex_stage_i/mult_i/int_result0__0/A[1] is connected to registers with an asynchronous reset. This is preventing the possibility of merging these registers in to the DSP Block since the DSP block registers only possess synchronous reset capability.  It is suggested to recode or change these registers to remove the reset or use a synchronous reset to get the best optimization for performance, power and area.
Related violations: <none>

DPIR-1#45 Warning
Asynchronous driver check  
DSP x_heep_system_i/core_v_mini_mcu_i/cpu_subsystem_i/cv32e40p_top_i/core_i/ex_stage_i/mult_i/int_result0__0 input pin x_heep_system_i/core_v_mini_mcu_i/cpu_subsystem_i/cv32e40p_top_i/core_i/ex_stage_i/mult_i/int_result0__0/A[2] is connected to registers with an asynchronous reset. This is preventing the possibility of merging these registers in to the DSP Block since the DSP block registers only possess synchronous reset capability.  It is suggested to recode or change these registers to remove the reset or use a synchronous reset to get the best optimization for performance, power and area.
Related violations: <none>

DPIR-1#46 Warning
Asynchronous driver check  
DSP x_heep_system_i/core_v_mini_mcu_i/cpu_subsystem_i/cv32e40p_top_i/core_i/ex_stage_i/mult_i/int_result0__0 input pin x_heep_system_i/core_v_mini_mcu_i/cpu_subsystem_i/cv32e40p_top_i/core_i/ex_stage_i/mult_i/int_result0__0/A[3] is connected to registers with an asynchronous reset. This is preventing the possibility of merging these registers in to the DSP Block since the DSP block registers only possess synchronous reset capability.  It is suggested to recode or change these registers to remove the reset or use a synchronous reset to get the best optimization for performance, power and area.
Related violations: <none>

DPIR-1#47 Warning
Asynchronous driver check  
DSP x_heep_system_i/core_v_mini_mcu_i/cpu_subsystem_i/cv32e40p_top_i/core_i/ex_stage_i/mult_i/int_result0__0 input pin x_heep_system_i/core_v_mini_mcu_i/cpu_subsystem_i/cv32e40p_top_i/core_i/ex_stage_i/mult_i/int_result0__0/A[4] is connected to registers with an asynchronous reset. This is preventing the possibility of merging these registers in to the DSP Block since the DSP block registers only possess synchronous reset capability.  It is suggested to recode or change these registers to remove the reset or use a synchronous reset to get the best optimization for performance, power and area.
Related violations: <none>

DPIR-1#48 Warning
Asynchronous driver check  
DSP x_heep_system_i/core_v_mini_mcu_i/cpu_subsystem_i/cv32e40p_top_i/core_i/ex_stage_i/mult_i/int_result0__0 input pin x_heep_system_i/core_v_mini_mcu_i/cpu_subsystem_i/cv32e40p_top_i/core_i/ex_stage_i/mult_i/int_result0__0/A[5] is connected to registers with an asynchronous reset. This is preventing the possibility of merging these registers in to the DSP Block since the DSP block registers only possess synchronous reset capability.  It is suggested to recode or change these registers to remove the reset or use a synchronous reset to get the best optimization for performance, power and area.
Related violations: <none>

DPIR-1#49 Warning
Asynchronous driver check  
DSP x_heep_system_i/core_v_mini_mcu_i/cpu_subsystem_i/cv32e40p_top_i/core_i/ex_stage_i/mult_i/int_result0__0 input pin x_heep_system_i/core_v_mini_mcu_i/cpu_subsystem_i/cv32e40p_top_i/core_i/ex_stage_i/mult_i/int_result0__0/A[6] is connected to registers with an asynchronous reset. This is preventing the possibility of merging these registers in to the DSP Block since the DSP block registers only possess synchronous reset capability.  It is suggested to recode or change these registers to remove the reset or use a synchronous reset to get the best optimization for performance, power and area.
Related violations: <none>

DPIR-1#50 Warning
Asynchronous driver check  
DSP x_heep_system_i/core_v_mini_mcu_i/cpu_subsystem_i/cv32e40p_top_i/core_i/ex_stage_i/mult_i/int_result0__0 input pin x_heep_system_i/core_v_mini_mcu_i/cpu_subsystem_i/cv32e40p_top_i/core_i/ex_stage_i/mult_i/int_result0__0/A[7] is connected to registers with an asynchronous reset. This is preventing the possibility of merging these registers in to the DSP Block since the DSP block registers only possess synchronous reset capability.  It is suggested to recode or change these registers to remove the reset or use a synchronous reset to get the best optimization for performance, power and area.
Related violations: <none>

DPIR-1#51 Warning
Asynchronous driver check  
DSP x_heep_system_i/core_v_mini_mcu_i/cpu_subsystem_i/cv32e40p_top_i/core_i/ex_stage_i/mult_i/int_result0__0 input pin x_heep_system_i/core_v_mini_mcu_i/cpu_subsystem_i/cv32e40p_top_i/core_i/ex_stage_i/mult_i/int_result0__0/A[8] is connected to registers with an asynchronous reset. This is preventing the possibility of merging these registers in to the DSP Block since the DSP block registers only possess synchronous reset capability.  It is suggested to recode or change these registers to remove the reset or use a synchronous reset to get the best optimization for performance, power and area.
Related violations: <none>

DPIR-1#52 Warning
Asynchronous driver check  
DSP x_heep_system_i/core_v_mini_mcu_i/cpu_subsystem_i/cv32e40p_top_i/core_i/ex_stage_i/mult_i/int_result0__0 input pin x_heep_system_i/core_v_mini_mcu_i/cpu_subsystem_i/cv32e40p_top_i/core_i/ex_stage_i/mult_i/int_result0__0/A[9] is connected to registers with an asynchronous reset. This is preventing the possibility of merging these registers in to the DSP Block since the DSP block registers only possess synchronous reset capability.  It is suggested to recode or change these registers to remove the reset or use a synchronous reset to get the best optimization for performance, power and area.
Related violations: <none>

DPIR-1#53 Warning
Asynchronous driver check  
DSP x_heep_system_i/core_v_mini_mcu_i/cpu_subsystem_i/cv32e40p_top_i/core_i/ex_stage_i/mult_i/int_result0__0 input pin x_heep_system_i/core_v_mini_mcu_i/cpu_subsystem_i/cv32e40p_top_i/core_i/ex_stage_i/mult_i/int_result0__0/B[0] is connected to registers with an asynchronous reset. This is preventing the possibility of merging these registers in to the DSP Block since the DSP block registers only possess synchronous reset capability.  It is suggested to recode or change these registers to remove the reset or use a synchronous reset to get the best optimization for performance, power and area.
Related violations: <none>

DPIR-1#54 Warning
Asynchronous driver check  
DSP x_heep_system_i/core_v_mini_mcu_i/cpu_subsystem_i/cv32e40p_top_i/core_i/ex_stage_i/mult_i/int_result0__0 input pin x_heep_system_i/core_v_mini_mcu_i/cpu_subsystem_i/cv32e40p_top_i/core_i/ex_stage_i/mult_i/int_result0__0/B[10] is connected to registers with an asynchronous reset. This is preventing the possibility of merging these registers in to the DSP Block since the DSP block registers only possess synchronous reset capability.  It is suggested to recode or change these registers to remove the reset or use a synchronous reset to get the best optimization for performance, power and area.
Related violations: <none>

DPIR-1#55 Warning
Asynchronous driver check  
DSP x_heep_system_i/core_v_mini_mcu_i/cpu_subsystem_i/cv32e40p_top_i/core_i/ex_stage_i/mult_i/int_result0__0 input pin x_heep_system_i/core_v_mini_mcu_i/cpu_subsystem_i/cv32e40p_top_i/core_i/ex_stage_i/mult_i/int_result0__0/B[11] is connected to registers with an asynchronous reset. This is preventing the possibility of merging these registers in to the DSP Block since the DSP block registers only possess synchronous reset capability.  It is suggested to recode or change these registers to remove the reset or use a synchronous reset to get the best optimization for performance, power and area.
Related violations: <none>

DPIR-1#56 Warning
Asynchronous driver check  
DSP x_heep_system_i/core_v_mini_mcu_i/cpu_subsystem_i/cv32e40p_top_i/core_i/ex_stage_i/mult_i/int_result0__0 input pin x_heep_system_i/core_v_mini_mcu_i/cpu_subsystem_i/cv32e40p_top_i/core_i/ex_stage_i/mult_i/int_result0__0/B[12] is connected to registers with an asynchronous reset. This is preventing the possibility of merging these registers in to the DSP Block since the DSP block registers only possess synchronous reset capability.  It is suggested to recode or change these registers to remove the reset or use a synchronous reset to get the best optimization for performance, power and area.
Related violations: <none>

DPIR-1#57 Warning
Asynchronous driver check  
DSP x_heep_system_i/core_v_mini_mcu_i/cpu_subsystem_i/cv32e40p_top_i/core_i/ex_stage_i/mult_i/int_result0__0 input pin x_heep_system_i/core_v_mini_mcu_i/cpu_subsystem_i/cv32e40p_top_i/core_i/ex_stage_i/mult_i/int_result0__0/B[13] is connected to registers with an asynchronous reset. This is preventing the possibility of merging these registers in to the DSP Block since the DSP block registers only possess synchronous reset capability.  It is suggested to recode or change these registers to remove the reset or use a synchronous reset to get the best optimization for performance, power and area.
Related violations: <none>

DPIR-1#58 Warning
Asynchronous driver check  
DSP x_heep_system_i/core_v_mini_mcu_i/cpu_subsystem_i/cv32e40p_top_i/core_i/ex_stage_i/mult_i/int_result0__0 input pin x_heep_system_i/core_v_mini_mcu_i/cpu_subsystem_i/cv32e40p_top_i/core_i/ex_stage_i/mult_i/int_result0__0/B[14] is connected to registers with an asynchronous reset. This is preventing the possibility of merging these registers in to the DSP Block since the DSP block registers only possess synchronous reset capability.  It is suggested to recode or change these registers to remove the reset or use a synchronous reset to get the best optimization for performance, power and area.
Related violations: <none>

DPIR-1#59 Warning
Asynchronous driver check  
DSP x_heep_system_i/core_v_mini_mcu_i/cpu_subsystem_i/cv32e40p_top_i/core_i/ex_stage_i/mult_i/int_result0__0 input pin x_heep_system_i/core_v_mini_mcu_i/cpu_subsystem_i/cv32e40p_top_i/core_i/ex_stage_i/mult_i/int_result0__0/B[15] is connected to registers with an asynchronous reset. This is preventing the possibility of merging these registers in to the DSP Block since the DSP block registers only possess synchronous reset capability.  It is suggested to recode or change these registers to remove the reset or use a synchronous reset to get the best optimization for performance, power and area.
Related violations: <none>

DPIR-1#60 Warning
Asynchronous driver check  
DSP x_heep_system_i/core_v_mini_mcu_i/cpu_subsystem_i/cv32e40p_top_i/core_i/ex_stage_i/mult_i/int_result0__0 input pin x_heep_system_i/core_v_mini_mcu_i/cpu_subsystem_i/cv32e40p_top_i/core_i/ex_stage_i/mult_i/int_result0__0/B[16] is connected to registers with an asynchronous reset. This is preventing the possibility of merging these registers in to the DSP Block since the DSP block registers only possess synchronous reset capability.  It is suggested to recode or change these registers to remove the reset or use a synchronous reset to get the best optimization for performance, power and area.
Related violations: <none>

DPIR-1#61 Warning
Asynchronous driver check  
DSP x_heep_system_i/core_v_mini_mcu_i/cpu_subsystem_i/cv32e40p_top_i/core_i/ex_stage_i/mult_i/int_result0__0 input pin x_heep_system_i/core_v_mini_mcu_i/cpu_subsystem_i/cv32e40p_top_i/core_i/ex_stage_i/mult_i/int_result0__0/B[1] is connected to registers with an asynchronous reset. This is preventing the possibility of merging these registers in to the DSP Block since the DSP block registers only possess synchronous reset capability.  It is suggested to recode or change these registers to remove the reset or use a synchronous reset to get the best optimization for performance, power and area.
Related violations: <none>

DPIR-1#62 Warning
Asynchronous driver check  
DSP x_heep_system_i/core_v_mini_mcu_i/cpu_subsystem_i/cv32e40p_top_i/core_i/ex_stage_i/mult_i/int_result0__0 input pin x_heep_system_i/core_v_mini_mcu_i/cpu_subsystem_i/cv32e40p_top_i/core_i/ex_stage_i/mult_i/int_result0__0/B[2] is connected to registers with an asynchronous reset. This is preventing the possibility of merging these registers in to the DSP Block since the DSP block registers only possess synchronous reset capability.  It is suggested to recode or change these registers to remove the reset or use a synchronous reset to get the best optimization for performance, power and area.
Related violations: <none>

DPIR-1#63 Warning
Asynchronous driver check  
DSP x_heep_system_i/core_v_mini_mcu_i/cpu_subsystem_i/cv32e40p_top_i/core_i/ex_stage_i/mult_i/int_result0__0 input pin x_heep_system_i/core_v_mini_mcu_i/cpu_subsystem_i/cv32e40p_top_i/core_i/ex_stage_i/mult_i/int_result0__0/B[3] is connected to registers with an asynchronous reset. This is preventing the possibility of merging these registers in to the DSP Block since the DSP block registers only possess synchronous reset capability.  It is suggested to recode or change these registers to remove the reset or use a synchronous reset to get the best optimization for performance, power and area.
Related violations: <none>

DPIR-1#64 Warning
Asynchronous driver check  
DSP x_heep_system_i/core_v_mini_mcu_i/cpu_subsystem_i/cv32e40p_top_i/core_i/ex_stage_i/mult_i/int_result0__0 input pin x_heep_system_i/core_v_mini_mcu_i/cpu_subsystem_i/cv32e40p_top_i/core_i/ex_stage_i/mult_i/int_result0__0/B[4] is connected to registers with an asynchronous reset. This is preventing the possibility of merging these registers in to the DSP Block since the DSP block registers only possess synchronous reset capability.  It is suggested to recode or change these registers to remove the reset or use a synchronous reset to get the best optimization for performance, power and area.
Related violations: <none>

DPIR-1#65 Warning
Asynchronous driver check  
DSP x_heep_system_i/core_v_mini_mcu_i/cpu_subsystem_i/cv32e40p_top_i/core_i/ex_stage_i/mult_i/int_result0__0 input pin x_heep_system_i/core_v_mini_mcu_i/cpu_subsystem_i/cv32e40p_top_i/core_i/ex_stage_i/mult_i/int_result0__0/B[5] is connected to registers with an asynchronous reset. This is preventing the possibility of merging these registers in to the DSP Block since the DSP block registers only possess synchronous reset capability.  It is suggested to recode or change these registers to remove the reset or use a synchronous reset to get the best optimization for performance, power and area.
Related violations: <none>

DPIR-1#66 Warning
Asynchronous driver check  
DSP x_heep_system_i/core_v_mini_mcu_i/cpu_subsystem_i/cv32e40p_top_i/core_i/ex_stage_i/mult_i/int_result0__0 input pin x_heep_system_i/core_v_mini_mcu_i/cpu_subsystem_i/cv32e40p_top_i/core_i/ex_stage_i/mult_i/int_result0__0/B[6] is connected to registers with an asynchronous reset. This is preventing the possibility of merging these registers in to the DSP Block since the DSP block registers only possess synchronous reset capability.  It is suggested to recode or change these registers to remove the reset or use a synchronous reset to get the best optimization for performance, power and area.
Related violations: <none>

DPIR-1#67 Warning
Asynchronous driver check  
DSP x_heep_system_i/core_v_mini_mcu_i/cpu_subsystem_i/cv32e40p_top_i/core_i/ex_stage_i/mult_i/int_result0__0 input pin x_heep_system_i/core_v_mini_mcu_i/cpu_subsystem_i/cv32e40p_top_i/core_i/ex_stage_i/mult_i/int_result0__0/B[7] is connected to registers with an asynchronous reset. This is preventing the possibility of merging these registers in to the DSP Block since the DSP block registers only possess synchronous reset capability.  It is suggested to recode or change these registers to remove the reset or use a synchronous reset to get the best optimization for performance, power and area.
Related violations: <none>

DPIR-1#68 Warning
Asynchronous driver check  
DSP x_heep_system_i/core_v_mini_mcu_i/cpu_subsystem_i/cv32e40p_top_i/core_i/ex_stage_i/mult_i/int_result0__0 input pin x_heep_system_i/core_v_mini_mcu_i/cpu_subsystem_i/cv32e40p_top_i/core_i/ex_stage_i/mult_i/int_result0__0/B[8] is connected to registers with an asynchronous reset. This is preventing the possibility of merging these registers in to the DSP Block since the DSP block registers only possess synchronous reset capability.  It is suggested to recode or change these registers to remove the reset or use a synchronous reset to get the best optimization for performance, power and area.
Related violations: <none>

DPIR-1#69 Warning
Asynchronous driver check  
DSP x_heep_system_i/core_v_mini_mcu_i/cpu_subsystem_i/cv32e40p_top_i/core_i/ex_stage_i/mult_i/int_result0__0 input pin x_heep_system_i/core_v_mini_mcu_i/cpu_subsystem_i/cv32e40p_top_i/core_i/ex_stage_i/mult_i/int_result0__0/B[9] is connected to registers with an asynchronous reset. This is preventing the possibility of merging these registers in to the DSP Block since the DSP block registers only possess synchronous reset capability.  It is suggested to recode or change these registers to remove the reset or use a synchronous reset to get the best optimization for performance, power and area.
Related violations: <none>

DPIR-1#70 Warning
Asynchronous driver check  
DSP x_heep_system_i/core_v_mini_mcu_i/cpu_subsystem_i/cv32e40p_top_i/core_i/ex_stage_i/mult_i/int_result0__1 input pin x_heep_system_i/core_v_mini_mcu_i/cpu_subsystem_i/cv32e40p_top_i/core_i/ex_stage_i/mult_i/int_result0__1/A[0] is connected to registers with an asynchronous reset. This is preventing the possibility of merging these registers in to the DSP Block since the DSP block registers only possess synchronous reset capability.  It is suggested to recode or change these registers to remove the reset or use a synchronous reset to get the best optimization for performance, power and area.
Related violations: <none>

DPIR-1#71 Warning
Asynchronous driver check  
DSP x_heep_system_i/core_v_mini_mcu_i/cpu_subsystem_i/cv32e40p_top_i/core_i/ex_stage_i/mult_i/int_result0__1 input pin x_heep_system_i/core_v_mini_mcu_i/cpu_subsystem_i/cv32e40p_top_i/core_i/ex_stage_i/mult_i/int_result0__1/A[10] is connected to registers with an asynchronous reset. This is preventing the possibility of merging these registers in to the DSP Block since the DSP block registers only possess synchronous reset capability.  It is suggested to recode or change these registers to remove the reset or use a synchronous reset to get the best optimization for performance, power and area.
Related violations: <none>

DPIR-1#72 Warning
Asynchronous driver check  
DSP x_heep_system_i/core_v_mini_mcu_i/cpu_subsystem_i/cv32e40p_top_i/core_i/ex_stage_i/mult_i/int_result0__1 input pin x_heep_system_i/core_v_mini_mcu_i/cpu_subsystem_i/cv32e40p_top_i/core_i/ex_stage_i/mult_i/int_result0__1/A[11] is connected to registers with an asynchronous reset. This is preventing the possibility of merging these registers in to the DSP Block since the DSP block registers only possess synchronous reset capability.  It is suggested to recode or change these registers to remove the reset or use a synchronous reset to get the best optimization for performance, power and area.
Related violations: <none>

DPIR-1#73 Warning
Asynchronous driver check  
DSP x_heep_system_i/core_v_mini_mcu_i/cpu_subsystem_i/cv32e40p_top_i/core_i/ex_stage_i/mult_i/int_result0__1 input pin x_heep_system_i/core_v_mini_mcu_i/cpu_subsystem_i/cv32e40p_top_i/core_i/ex_stage_i/mult_i/int_result0__1/A[12] is connected to registers with an asynchronous reset. This is preventing the possibility of merging these registers in to the DSP Block since the DSP block registers only possess synchronous reset capability.  It is suggested to recode or change these registers to remove the reset or use a synchronous reset to get the best optimization for performance, power and area.
Related violations: <none>

DPIR-1#74 Warning
Asynchronous driver check  
DSP x_heep_system_i/core_v_mini_mcu_i/cpu_subsystem_i/cv32e40p_top_i/core_i/ex_stage_i/mult_i/int_result0__1 input pin x_heep_system_i/core_v_mini_mcu_i/cpu_subsystem_i/cv32e40p_top_i/core_i/ex_stage_i/mult_i/int_result0__1/A[13] is connected to registers with an asynchronous reset. This is preventing the possibility of merging these registers in to the DSP Block since the DSP block registers only possess synchronous reset capability.  It is suggested to recode or change these registers to remove the reset or use a synchronous reset to get the best optimization for performance, power and area.
Related violations: <none>

DPIR-1#75 Warning
Asynchronous driver check  
DSP x_heep_system_i/core_v_mini_mcu_i/cpu_subsystem_i/cv32e40p_top_i/core_i/ex_stage_i/mult_i/int_result0__1 input pin x_heep_system_i/core_v_mini_mcu_i/cpu_subsystem_i/cv32e40p_top_i/core_i/ex_stage_i/mult_i/int_result0__1/A[14] is connected to registers with an asynchronous reset. This is preventing the possibility of merging these registers in to the DSP Block since the DSP block registers only possess synchronous reset capability.  It is suggested to recode or change these registers to remove the reset or use a synchronous reset to get the best optimization for performance, power and area.
Related violations: <none>

DPIR-1#76 Warning
Asynchronous driver check  
DSP x_heep_system_i/core_v_mini_mcu_i/cpu_subsystem_i/cv32e40p_top_i/core_i/ex_stage_i/mult_i/int_result0__1 input pin x_heep_system_i/core_v_mini_mcu_i/cpu_subsystem_i/cv32e40p_top_i/core_i/ex_stage_i/mult_i/int_result0__1/A[15] is connected to registers with an asynchronous reset. This is preventing the possibility of merging these registers in to the DSP Block since the DSP block registers only possess synchronous reset capability.  It is suggested to recode or change these registers to remove the reset or use a synchronous reset to get the best optimization for performance, power and area.
Related violations: <none>

DPIR-1#77 Warning
Asynchronous driver check  
DSP x_heep_system_i/core_v_mini_mcu_i/cpu_subsystem_i/cv32e40p_top_i/core_i/ex_stage_i/mult_i/int_result0__1 input pin x_heep_system_i/core_v_mini_mcu_i/cpu_subsystem_i/cv32e40p_top_i/core_i/ex_stage_i/mult_i/int_result0__1/A[16] is connected to registers with an asynchronous reset. This is preventing the possibility of merging these registers in to the DSP Block since the DSP block registers only possess synchronous reset capability.  It is suggested to recode or change these registers to remove the reset or use a synchronous reset to get the best optimization for performance, power and area.
Related violations: <none>

DPIR-1#78 Warning
Asynchronous driver check  
DSP x_heep_system_i/core_v_mini_mcu_i/cpu_subsystem_i/cv32e40p_top_i/core_i/ex_stage_i/mult_i/int_result0__1 input pin x_heep_system_i/core_v_mini_mcu_i/cpu_subsystem_i/cv32e40p_top_i/core_i/ex_stage_i/mult_i/int_result0__1/A[1] is connected to registers with an asynchronous reset. This is preventing the possibility of merging these registers in to the DSP Block since the DSP block registers only possess synchronous reset capability.  It is suggested to recode or change these registers to remove the reset or use a synchronous reset to get the best optimization for performance, power and area.
Related violations: <none>

DPIR-1#79 Warning
Asynchronous driver check  
DSP x_heep_system_i/core_v_mini_mcu_i/cpu_subsystem_i/cv32e40p_top_i/core_i/ex_stage_i/mult_i/int_result0__1 input pin x_heep_system_i/core_v_mini_mcu_i/cpu_subsystem_i/cv32e40p_top_i/core_i/ex_stage_i/mult_i/int_result0__1/A[2] is connected to registers with an asynchronous reset. This is preventing the possibility of merging these registers in to the DSP Block since the DSP block registers only possess synchronous reset capability.  It is suggested to recode or change these registers to remove the reset or use a synchronous reset to get the best optimization for performance, power and area.
Related violations: <none>

DPIR-1#80 Warning
Asynchronous driver check  
DSP x_heep_system_i/core_v_mini_mcu_i/cpu_subsystem_i/cv32e40p_top_i/core_i/ex_stage_i/mult_i/int_result0__1 input pin x_heep_system_i/core_v_mini_mcu_i/cpu_subsystem_i/cv32e40p_top_i/core_i/ex_stage_i/mult_i/int_result0__1/A[3] is connected to registers with an asynchronous reset. This is preventing the possibility of merging these registers in to the DSP Block since the DSP block registers only possess synchronous reset capability.  It is suggested to recode or change these registers to remove the reset or use a synchronous reset to get the best optimization for performance, power and area.
Related violations: <none>

DPIR-1#81 Warning
Asynchronous driver check  
DSP x_heep_system_i/core_v_mini_mcu_i/cpu_subsystem_i/cv32e40p_top_i/core_i/ex_stage_i/mult_i/int_result0__1 input pin x_heep_system_i/core_v_mini_mcu_i/cpu_subsystem_i/cv32e40p_top_i/core_i/ex_stage_i/mult_i/int_result0__1/A[4] is connected to registers with an asynchronous reset. This is preventing the possibility of merging these registers in to the DSP Block since the DSP block registers only possess synchronous reset capability.  It is suggested to recode or change these registers to remove the reset or use a synchronous reset to get the best optimization for performance, power and area.
Related violations: <none>

DPIR-1#82 Warning
Asynchronous driver check  
DSP x_heep_system_i/core_v_mini_mcu_i/cpu_subsystem_i/cv32e40p_top_i/core_i/ex_stage_i/mult_i/int_result0__1 input pin x_heep_system_i/core_v_mini_mcu_i/cpu_subsystem_i/cv32e40p_top_i/core_i/ex_stage_i/mult_i/int_result0__1/A[5] is connected to registers with an asynchronous reset. This is preventing the possibility of merging these registers in to the DSP Block since the DSP block registers only possess synchronous reset capability.  It is suggested to recode or change these registers to remove the reset or use a synchronous reset to get the best optimization for performance, power and area.
Related violations: <none>

DPIR-1#83 Warning
Asynchronous driver check  
DSP x_heep_system_i/core_v_mini_mcu_i/cpu_subsystem_i/cv32e40p_top_i/core_i/ex_stage_i/mult_i/int_result0__1 input pin x_heep_system_i/core_v_mini_mcu_i/cpu_subsystem_i/cv32e40p_top_i/core_i/ex_stage_i/mult_i/int_result0__1/A[6] is connected to registers with an asynchronous reset. This is preventing the possibility of merging these registers in to the DSP Block since the DSP block registers only possess synchronous reset capability.  It is suggested to recode or change these registers to remove the reset or use a synchronous reset to get the best optimization for performance, power and area.
Related violations: <none>

DPIR-1#84 Warning
Asynchronous driver check  
DSP x_heep_system_i/core_v_mini_mcu_i/cpu_subsystem_i/cv32e40p_top_i/core_i/ex_stage_i/mult_i/int_result0__1 input pin x_heep_system_i/core_v_mini_mcu_i/cpu_subsystem_i/cv32e40p_top_i/core_i/ex_stage_i/mult_i/int_result0__1/A[7] is connected to registers with an asynchronous reset. This is preventing the possibility of merging these registers in to the DSP Block since the DSP block registers only possess synchronous reset capability.  It is suggested to recode or change these registers to remove the reset or use a synchronous reset to get the best optimization for performance, power and area.
Related violations: <none>

DPIR-1#85 Warning
Asynchronous driver check  
DSP x_heep_system_i/core_v_mini_mcu_i/cpu_subsystem_i/cv32e40p_top_i/core_i/ex_stage_i/mult_i/int_result0__1 input pin x_heep_system_i/core_v_mini_mcu_i/cpu_subsystem_i/cv32e40p_top_i/core_i/ex_stage_i/mult_i/int_result0__1/A[8] is connected to registers with an asynchronous reset. This is preventing the possibility of merging these registers in to the DSP Block since the DSP block registers only possess synchronous reset capability.  It is suggested to recode or change these registers to remove the reset or use a synchronous reset to get the best optimization for performance, power and area.
Related violations: <none>

DPIR-1#86 Warning
Asynchronous driver check  
DSP x_heep_system_i/core_v_mini_mcu_i/cpu_subsystem_i/cv32e40p_top_i/core_i/ex_stage_i/mult_i/int_result0__1 input pin x_heep_system_i/core_v_mini_mcu_i/cpu_subsystem_i/cv32e40p_top_i/core_i/ex_stage_i/mult_i/int_result0__1/A[9] is connected to registers with an asynchronous reset. This is preventing the possibility of merging these registers in to the DSP Block since the DSP block registers only possess synchronous reset capability.  It is suggested to recode or change these registers to remove the reset or use a synchronous reset to get the best optimization for performance, power and area.
Related violations: <none>

DPIR-1#87 Warning
Asynchronous driver check  
DSP x_heep_system_i/core_v_mini_mcu_i/cpu_subsystem_i/cv32e40p_top_i/core_i/ex_stage_i/mult_i/int_result0__1 input pin x_heep_system_i/core_v_mini_mcu_i/cpu_subsystem_i/cv32e40p_top_i/core_i/ex_stage_i/mult_i/int_result0__1/B[0] is connected to registers with an asynchronous reset. This is preventing the possibility of merging these registers in to the DSP Block since the DSP block registers only possess synchronous reset capability.  It is suggested to recode or change these registers to remove the reset or use a synchronous reset to get the best optimization for performance, power and area.
Related violations: <none>

DPIR-1#88 Warning
Asynchronous driver check  
DSP x_heep_system_i/core_v_mini_mcu_i/cpu_subsystem_i/cv32e40p_top_i/core_i/ex_stage_i/mult_i/int_result0__1 input pin x_heep_system_i/core_v_mini_mcu_i/cpu_subsystem_i/cv32e40p_top_i/core_i/ex_stage_i/mult_i/int_result0__1/B[10] is connected to registers with an asynchronous reset. This is preventing the possibility of merging these registers in to the DSP Block since the DSP block registers only possess synchronous reset capability.  It is suggested to recode or change these registers to remove the reset or use a synchronous reset to get the best optimization for performance, power and area.
Related violations: <none>

DPIR-1#89 Warning
Asynchronous driver check  
DSP x_heep_system_i/core_v_mini_mcu_i/cpu_subsystem_i/cv32e40p_top_i/core_i/ex_stage_i/mult_i/int_result0__1 input pin x_heep_system_i/core_v_mini_mcu_i/cpu_subsystem_i/cv32e40p_top_i/core_i/ex_stage_i/mult_i/int_result0__1/B[11] is connected to registers with an asynchronous reset. This is preventing the possibility of merging these registers in to the DSP Block since the DSP block registers only possess synchronous reset capability.  It is suggested to recode or change these registers to remove the reset or use a synchronous reset to get the best optimization for performance, power and area.
Related violations: <none>

DPIR-1#90 Warning
Asynchronous driver check  
DSP x_heep_system_i/core_v_mini_mcu_i/cpu_subsystem_i/cv32e40p_top_i/core_i/ex_stage_i/mult_i/int_result0__1 input pin x_heep_system_i/core_v_mini_mcu_i/cpu_subsystem_i/cv32e40p_top_i/core_i/ex_stage_i/mult_i/int_result0__1/B[12] is connected to registers with an asynchronous reset. This is preventing the possibility of merging these registers in to the DSP Block since the DSP block registers only possess synchronous reset capability.  It is suggested to recode or change these registers to remove the reset or use a synchronous reset to get the best optimization for performance, power and area.
Related violations: <none>

DPIR-1#91 Warning
Asynchronous driver check  
DSP x_heep_system_i/core_v_mini_mcu_i/cpu_subsystem_i/cv32e40p_top_i/core_i/ex_stage_i/mult_i/int_result0__1 input pin x_heep_system_i/core_v_mini_mcu_i/cpu_subsystem_i/cv32e40p_top_i/core_i/ex_stage_i/mult_i/int_result0__1/B[13] is connected to registers with an asynchronous reset. This is preventing the possibility of merging these registers in to the DSP Block since the DSP block registers only possess synchronous reset capability.  It is suggested to recode or change these registers to remove the reset or use a synchronous reset to get the best optimization for performance, power and area.
Related violations: <none>

DPIR-1#92 Warning
Asynchronous driver check  
DSP x_heep_system_i/core_v_mini_mcu_i/cpu_subsystem_i/cv32e40p_top_i/core_i/ex_stage_i/mult_i/int_result0__1 input pin x_heep_system_i/core_v_mini_mcu_i/cpu_subsystem_i/cv32e40p_top_i/core_i/ex_stage_i/mult_i/int_result0__1/B[14] is connected to registers with an asynchronous reset. This is preventing the possibility of merging these registers in to the DSP Block since the DSP block registers only possess synchronous reset capability.  It is suggested to recode or change these registers to remove the reset or use a synchronous reset to get the best optimization for performance, power and area.
Related violations: <none>

DPIR-1#93 Warning
Asynchronous driver check  
DSP x_heep_system_i/core_v_mini_mcu_i/cpu_subsystem_i/cv32e40p_top_i/core_i/ex_stage_i/mult_i/int_result0__1 input pin x_heep_system_i/core_v_mini_mcu_i/cpu_subsystem_i/cv32e40p_top_i/core_i/ex_stage_i/mult_i/int_result0__1/B[15] is connected to registers with an asynchronous reset. This is preventing the possibility of merging these registers in to the DSP Block since the DSP block registers only possess synchronous reset capability.  It is suggested to recode or change these registers to remove the reset or use a synchronous reset to get the best optimization for performance, power and area.
Related violations: <none>

DPIR-1#94 Warning
Asynchronous driver check  
DSP x_heep_system_i/core_v_mini_mcu_i/cpu_subsystem_i/cv32e40p_top_i/core_i/ex_stage_i/mult_i/int_result0__1 input pin x_heep_system_i/core_v_mini_mcu_i/cpu_subsystem_i/cv32e40p_top_i/core_i/ex_stage_i/mult_i/int_result0__1/B[16] is connected to registers with an asynchronous reset. This is preventing the possibility of merging these registers in to the DSP Block since the DSP block registers only possess synchronous reset capability.  It is suggested to recode or change these registers to remove the reset or use a synchronous reset to get the best optimization for performance, power and area.
Related violations: <none>

DPIR-1#95 Warning
Asynchronous driver check  
DSP x_heep_system_i/core_v_mini_mcu_i/cpu_subsystem_i/cv32e40p_top_i/core_i/ex_stage_i/mult_i/int_result0__1 input pin x_heep_system_i/core_v_mini_mcu_i/cpu_subsystem_i/cv32e40p_top_i/core_i/ex_stage_i/mult_i/int_result0__1/B[17] is connected to registers with an asynchronous reset. This is preventing the possibility of merging these registers in to the DSP Block since the DSP block registers only possess synchronous reset capability.  It is suggested to recode or change these registers to remove the reset or use a synchronous reset to get the best optimization for performance, power and area.
Related violations: <none>

DPIR-1#96 Warning
Asynchronous driver check  
DSP x_heep_system_i/core_v_mini_mcu_i/cpu_subsystem_i/cv32e40p_top_i/core_i/ex_stage_i/mult_i/int_result0__1 input pin x_heep_system_i/core_v_mini_mcu_i/cpu_subsystem_i/cv32e40p_top_i/core_i/ex_stage_i/mult_i/int_result0__1/B[1] is connected to registers with an asynchronous reset. This is preventing the possibility of merging these registers in to the DSP Block since the DSP block registers only possess synchronous reset capability.  It is suggested to recode or change these registers to remove the reset or use a synchronous reset to get the best optimization for performance, power and area.
Related violations: <none>

DPIR-1#97 Warning
Asynchronous driver check  
DSP x_heep_system_i/core_v_mini_mcu_i/cpu_subsystem_i/cv32e40p_top_i/core_i/ex_stage_i/mult_i/int_result0__1 input pin x_heep_system_i/core_v_mini_mcu_i/cpu_subsystem_i/cv32e40p_top_i/core_i/ex_stage_i/mult_i/int_result0__1/B[2] is connected to registers with an asynchronous reset. This is preventing the possibility of merging these registers in to the DSP Block since the DSP block registers only possess synchronous reset capability.  It is suggested to recode or change these registers to remove the reset or use a synchronous reset to get the best optimization for performance, power and area.
Related violations: <none>

DPIR-1#98 Warning
Asynchronous driver check  
DSP x_heep_system_i/core_v_mini_mcu_i/cpu_subsystem_i/cv32e40p_top_i/core_i/ex_stage_i/mult_i/int_result0__1 input pin x_heep_system_i/core_v_mini_mcu_i/cpu_subsystem_i/cv32e40p_top_i/core_i/ex_stage_i/mult_i/int_result0__1/B[3] is connected to registers with an asynchronous reset. This is preventing the possibility of merging these registers in to the DSP Block since the DSP block registers only possess synchronous reset capability.  It is suggested to recode or change these registers to remove the reset or use a synchronous reset to get the best optimization for performance, power and area.
Related violations: <none>

DPIR-1#99 Warning
Asynchronous driver check  
DSP x_heep_system_i/core_v_mini_mcu_i/cpu_subsystem_i/cv32e40p_top_i/core_i/ex_stage_i/mult_i/int_result0__1 input pin x_heep_system_i/core_v_mini_mcu_i/cpu_subsystem_i/cv32e40p_top_i/core_i/ex_stage_i/mult_i/int_result0__1/B[4] is connected to registers with an asynchronous reset. This is preventing the possibility of merging these registers in to the DSP Block since the DSP block registers only possess synchronous reset capability.  It is suggested to recode or change these registers to remove the reset or use a synchronous reset to get the best optimization for performance, power and area.
Related violations: <none>

DPIR-1#100 Warning
Asynchronous driver check  
DSP x_heep_system_i/core_v_mini_mcu_i/cpu_subsystem_i/cv32e40p_top_i/core_i/ex_stage_i/mult_i/int_result0__1 input pin x_heep_system_i/core_v_mini_mcu_i/cpu_subsystem_i/cv32e40p_top_i/core_i/ex_stage_i/mult_i/int_result0__1/B[5] is connected to registers with an asynchronous reset. This is preventing the possibility of merging these registers in to the DSP Block since the DSP block registers only possess synchronous reset capability.  It is suggested to recode or change these registers to remove the reset or use a synchronous reset to get the best optimization for performance, power and area.
Related violations: <none>

DPIR-1#101 Warning
Asynchronous driver check  
DSP x_heep_system_i/core_v_mini_mcu_i/cpu_subsystem_i/cv32e40p_top_i/core_i/ex_stage_i/mult_i/int_result0__1 input pin x_heep_system_i/core_v_mini_mcu_i/cpu_subsystem_i/cv32e40p_top_i/core_i/ex_stage_i/mult_i/int_result0__1/B[6] is connected to registers with an asynchronous reset. This is preventing the possibility of merging these registers in to the DSP Block since the DSP block registers only possess synchronous reset capability.  It is suggested to recode or change these registers to remove the reset or use a synchronous reset to get the best optimization for performance, power and area.
Related violations: <none>

DPIR-1#102 Warning
Asynchronous driver check  
DSP x_heep_system_i/core_v_mini_mcu_i/cpu_subsystem_i/cv32e40p_top_i/core_i/ex_stage_i/mult_i/int_result0__1 input pin x_heep_system_i/core_v_mini_mcu_i/cpu_subsystem_i/cv32e40p_top_i/core_i/ex_stage_i/mult_i/int_result0__1/B[7] is connected to registers with an asynchronous reset. This is preventing the possibility of merging these registers in to the DSP Block since the DSP block registers only possess synchronous reset capability.  It is suggested to recode or change these registers to remove the reset or use a synchronous reset to get the best optimization for performance, power and area.
Related violations: <none>

DPIR-1#103 Warning
Asynchronous driver check  
DSP x_heep_system_i/core_v_mini_mcu_i/cpu_subsystem_i/cv32e40p_top_i/core_i/ex_stage_i/mult_i/int_result0__1 input pin x_heep_system_i/core_v_mini_mcu_i/cpu_subsystem_i/cv32e40p_top_i/core_i/ex_stage_i/mult_i/int_result0__1/B[8] is connected to registers with an asynchronous reset. This is preventing the possibility of merging these registers in to the DSP Block since the DSP block registers only possess synchronous reset capability.  It is suggested to recode or change these registers to remove the reset or use a synchronous reset to get the best optimization for performance, power and area.
Related violations: <none>

DPIR-1#104 Warning
Asynchronous driver check  
DSP x_heep_system_i/core_v_mini_mcu_i/cpu_subsystem_i/cv32e40p_top_i/core_i/ex_stage_i/mult_i/int_result0__1 input pin x_heep_system_i/core_v_mini_mcu_i/cpu_subsystem_i/cv32e40p_top_i/core_i/ex_stage_i/mult_i/int_result0__1/B[9] is connected to registers with an asynchronous reset. This is preventing the possibility of merging these registers in to the DSP Block since the DSP block registers only possess synchronous reset capability.  It is suggested to recode or change these registers to remove the reset or use a synchronous reset to get the best optimization for performance, power and area.
Related violations: <none>

DPIR-1#105 Warning
Asynchronous driver check  
DSP x_heep_system_i/core_v_mini_mcu_i/cpu_subsystem_i/cv32e40p_top_i/core_i/ex_stage_i/mult_i/short_mac input pin x_heep_system_i/core_v_mini_mcu_i/cpu_subsystem_i/cv32e40p_top_i/core_i/ex_stage_i/mult_i/short_mac/C[0] is connected to registers with an asynchronous reset. This is preventing the possibility of merging these registers in to the DSP Block since the DSP block registers only possess synchronous reset capability.  It is suggested to recode or change these registers to remove the reset or use a synchronous reset to get the best optimization for performance, power and area.
Related violations: <none>

DPIR-1#106 Warning
Asynchronous driver check  
DSP x_heep_system_i/core_v_mini_mcu_i/cpu_subsystem_i/cv32e40p_top_i/core_i/ex_stage_i/mult_i/short_mac input pin x_heep_system_i/core_v_mini_mcu_i/cpu_subsystem_i/cv32e40p_top_i/core_i/ex_stage_i/mult_i/short_mac/C[10] is connected to registers with an asynchronous reset. This is preventing the possibility of merging these registers in to the DSP Block since the DSP block registers only possess synchronous reset capability.  It is suggested to recode or change these registers to remove the reset or use a synchronous reset to get the best optimization for performance, power and area.
Related violations: <none>

DPIR-1#107 Warning
Asynchronous driver check  
DSP x_heep_system_i/core_v_mini_mcu_i/cpu_subsystem_i/cv32e40p_top_i/core_i/ex_stage_i/mult_i/short_mac input pin x_heep_system_i/core_v_mini_mcu_i/cpu_subsystem_i/cv32e40p_top_i/core_i/ex_stage_i/mult_i/short_mac/C[11] is connected to registers with an asynchronous reset. This is preventing the possibility of merging these registers in to the DSP Block since the DSP block registers only possess synchronous reset capability.  It is suggested to recode or change these registers to remove the reset or use a synchronous reset to get the best optimization for performance, power and area.
Related violations: <none>

DPIR-1#108 Warning
Asynchronous driver check  
DSP x_heep_system_i/core_v_mini_mcu_i/cpu_subsystem_i/cv32e40p_top_i/core_i/ex_stage_i/mult_i/short_mac input pin x_heep_system_i/core_v_mini_mcu_i/cpu_subsystem_i/cv32e40p_top_i/core_i/ex_stage_i/mult_i/short_mac/C[12] is connected to registers with an asynchronous reset. This is preventing the possibility of merging these registers in to the DSP Block since the DSP block registers only possess synchronous reset capability.  It is suggested to recode or change these registers to remove the reset or use a synchronous reset to get the best optimization for performance, power and area.
Related violations: <none>

DPIR-1#109 Warning
Asynchronous driver check  
DSP x_heep_system_i/core_v_mini_mcu_i/cpu_subsystem_i/cv32e40p_top_i/core_i/ex_stage_i/mult_i/short_mac input pin x_heep_system_i/core_v_mini_mcu_i/cpu_subsystem_i/cv32e40p_top_i/core_i/ex_stage_i/mult_i/short_mac/C[13] is connected to registers with an asynchronous reset. This is preventing the possibility of merging these registers in to the DSP Block since the DSP block registers only possess synchronous reset capability.  It is suggested to recode or change these registers to remove the reset or use a synchronous reset to get the best optimization for performance, power and area.
Related violations: <none>

DPIR-1#110 Warning
Asynchronous driver check  
DSP x_heep_system_i/core_v_mini_mcu_i/cpu_subsystem_i/cv32e40p_top_i/core_i/ex_stage_i/mult_i/short_mac input pin x_heep_system_i/core_v_mini_mcu_i/cpu_subsystem_i/cv32e40p_top_i/core_i/ex_stage_i/mult_i/short_mac/C[14] is connected to registers with an asynchronous reset. This is preventing the possibility of merging these registers in to the DSP Block since the DSP block registers only possess synchronous reset capability.  It is suggested to recode or change these registers to remove the reset or use a synchronous reset to get the best optimization for performance, power and area.
Related violations: <none>

DPIR-1#111 Warning
Asynchronous driver check  
DSP x_heep_system_i/core_v_mini_mcu_i/cpu_subsystem_i/cv32e40p_top_i/core_i/ex_stage_i/mult_i/short_mac input pin x_heep_system_i/core_v_mini_mcu_i/cpu_subsystem_i/cv32e40p_top_i/core_i/ex_stage_i/mult_i/short_mac/C[15] is connected to registers with an asynchronous reset. This is preventing the possibility of merging these registers in to the DSP Block since the DSP block registers only possess synchronous reset capability.  It is suggested to recode or change these registers to remove the reset or use a synchronous reset to get the best optimization for performance, power and area.
Related violations: <none>

DPIR-1#112 Warning
Asynchronous driver check  
DSP x_heep_system_i/core_v_mini_mcu_i/cpu_subsystem_i/cv32e40p_top_i/core_i/ex_stage_i/mult_i/short_mac input pin x_heep_system_i/core_v_mini_mcu_i/cpu_subsystem_i/cv32e40p_top_i/core_i/ex_stage_i/mult_i/short_mac/C[16] is connected to registers with an asynchronous reset. This is preventing the possibility of merging these registers in to the DSP Block since the DSP block registers only possess synchronous reset capability.  It is suggested to recode or change these registers to remove the reset or use a synchronous reset to get the best optimization for performance, power and area.
Related violations: <none>

DPIR-1#113 Warning
Asynchronous driver check  
DSP x_heep_system_i/core_v_mini_mcu_i/cpu_subsystem_i/cv32e40p_top_i/core_i/ex_stage_i/mult_i/short_mac input pin x_heep_system_i/core_v_mini_mcu_i/cpu_subsystem_i/cv32e40p_top_i/core_i/ex_stage_i/mult_i/short_mac/C[17] is connected to registers with an asynchronous reset. This is preventing the possibility of merging these registers in to the DSP Block since the DSP block registers only possess synchronous reset capability.  It is suggested to recode or change these registers to remove the reset or use a synchronous reset to get the best optimization for performance, power and area.
Related violations: <none>

DPIR-1#114 Warning
Asynchronous driver check  
DSP x_heep_system_i/core_v_mini_mcu_i/cpu_subsystem_i/cv32e40p_top_i/core_i/ex_stage_i/mult_i/short_mac input pin x_heep_system_i/core_v_mini_mcu_i/cpu_subsystem_i/cv32e40p_top_i/core_i/ex_stage_i/mult_i/short_mac/C[18] is connected to registers with an asynchronous reset. This is preventing the possibility of merging these registers in to the DSP Block since the DSP block registers only possess synchronous reset capability.  It is suggested to recode or change these registers to remove the reset or use a synchronous reset to get the best optimization for performance, power and area.
Related violations: <none>

DPIR-1#115 Warning
Asynchronous driver check  
DSP x_heep_system_i/core_v_mini_mcu_i/cpu_subsystem_i/cv32e40p_top_i/core_i/ex_stage_i/mult_i/short_mac input pin x_heep_system_i/core_v_mini_mcu_i/cpu_subsystem_i/cv32e40p_top_i/core_i/ex_stage_i/mult_i/short_mac/C[19] is connected to registers with an asynchronous reset. This is preventing the possibility of merging these registers in to the DSP Block since the DSP block registers only possess synchronous reset capability.  It is suggested to recode or change these registers to remove the reset or use a synchronous reset to get the best optimization for performance, power and area.
Related violations: <none>

DPIR-1#116 Warning
Asynchronous driver check  
DSP x_heep_system_i/core_v_mini_mcu_i/cpu_subsystem_i/cv32e40p_top_i/core_i/ex_stage_i/mult_i/short_mac input pin x_heep_system_i/core_v_mini_mcu_i/cpu_subsystem_i/cv32e40p_top_i/core_i/ex_stage_i/mult_i/short_mac/C[1] is connected to registers with an asynchronous reset. This is preventing the possibility of merging these registers in to the DSP Block since the DSP block registers only possess synchronous reset capability.  It is suggested to recode or change these registers to remove the reset or use a synchronous reset to get the best optimization for performance, power and area.
Related violations: <none>

DPIR-1#117 Warning
Asynchronous driver check  
DSP x_heep_system_i/core_v_mini_mcu_i/cpu_subsystem_i/cv32e40p_top_i/core_i/ex_stage_i/mult_i/short_mac input pin x_heep_system_i/core_v_mini_mcu_i/cpu_subsystem_i/cv32e40p_top_i/core_i/ex_stage_i/mult_i/short_mac/C[20] is connected to registers with an asynchronous reset. This is preventing the possibility of merging these registers in to the DSP Block since the DSP block registers only possess synchronous reset capability.  It is suggested to recode or change these registers to remove the reset or use a synchronous reset to get the best optimization for performance, power and area.
Related violations: <none>

DPIR-1#118 Warning
Asynchronous driver check  
DSP x_heep_system_i/core_v_mini_mcu_i/cpu_subsystem_i/cv32e40p_top_i/core_i/ex_stage_i/mult_i/short_mac input pin x_heep_system_i/core_v_mini_mcu_i/cpu_subsystem_i/cv32e40p_top_i/core_i/ex_stage_i/mult_i/short_mac/C[21] is connected to registers with an asynchronous reset. This is preventing the possibility of merging these registers in to the DSP Block since the DSP block registers only possess synchronous reset capability.  It is suggested to recode or change these registers to remove the reset or use a synchronous reset to get the best optimization for performance, power and area.
Related violations: <none>

DPIR-1#119 Warning
Asynchronous driver check  
DSP x_heep_system_i/core_v_mini_mcu_i/cpu_subsystem_i/cv32e40p_top_i/core_i/ex_stage_i/mult_i/short_mac input pin x_heep_system_i/core_v_mini_mcu_i/cpu_subsystem_i/cv32e40p_top_i/core_i/ex_stage_i/mult_i/short_mac/C[22] is connected to registers with an asynchronous reset. This is preventing the possibility of merging these registers in to the DSP Block since the DSP block registers only possess synchronous reset capability.  It is suggested to recode or change these registers to remove the reset or use a synchronous reset to get the best optimization for performance, power and area.
Related violations: <none>

DPIR-1#120 Warning
Asynchronous driver check  
DSP x_heep_system_i/core_v_mini_mcu_i/cpu_subsystem_i/cv32e40p_top_i/core_i/ex_stage_i/mult_i/short_mac input pin x_heep_system_i/core_v_mini_mcu_i/cpu_subsystem_i/cv32e40p_top_i/core_i/ex_stage_i/mult_i/short_mac/C[23] is connected to registers with an asynchronous reset. This is preventing the possibility of merging these registers in to the DSP Block since the DSP block registers only possess synchronous reset capability.  It is suggested to recode or change these registers to remove the reset or use a synchronous reset to get the best optimization for performance, power and area.
Related violations: <none>

DPIR-1#121 Warning
Asynchronous driver check  
DSP x_heep_system_i/core_v_mini_mcu_i/cpu_subsystem_i/cv32e40p_top_i/core_i/ex_stage_i/mult_i/short_mac input pin x_heep_system_i/core_v_mini_mcu_i/cpu_subsystem_i/cv32e40p_top_i/core_i/ex_stage_i/mult_i/short_mac/C[24] is connected to registers with an asynchronous reset. This is preventing the possibility of merging these registers in to the DSP Block since the DSP block registers only possess synchronous reset capability.  It is suggested to recode or change these registers to remove the reset or use a synchronous reset to get the best optimization for performance, power and area.
Related violations: <none>

DPIR-1#122 Warning
Asynchronous driver check  
DSP x_heep_system_i/core_v_mini_mcu_i/cpu_subsystem_i/cv32e40p_top_i/core_i/ex_stage_i/mult_i/short_mac input pin x_heep_system_i/core_v_mini_mcu_i/cpu_subsystem_i/cv32e40p_top_i/core_i/ex_stage_i/mult_i/short_mac/C[25] is connected to registers with an asynchronous reset. This is preventing the possibility of merging these registers in to the DSP Block since the DSP block registers only possess synchronous reset capability.  It is suggested to recode or change these registers to remove the reset or use a synchronous reset to get the best optimization for performance, power and area.
Related violations: <none>

DPIR-1#123 Warning
Asynchronous driver check  
DSP x_heep_system_i/core_v_mini_mcu_i/cpu_subsystem_i/cv32e40p_top_i/core_i/ex_stage_i/mult_i/short_mac input pin x_heep_system_i/core_v_mini_mcu_i/cpu_subsystem_i/cv32e40p_top_i/core_i/ex_stage_i/mult_i/short_mac/C[26] is connected to registers with an asynchronous reset. This is preventing the possibility of merging these registers in to the DSP Block since the DSP block registers only possess synchronous reset capability.  It is suggested to recode or change these registers to remove the reset or use a synchronous reset to get the best optimization for performance, power and area.
Related violations: <none>

DPIR-1#124 Warning
Asynchronous driver check  
DSP x_heep_system_i/core_v_mini_mcu_i/cpu_subsystem_i/cv32e40p_top_i/core_i/ex_stage_i/mult_i/short_mac input pin x_heep_system_i/core_v_mini_mcu_i/cpu_subsystem_i/cv32e40p_top_i/core_i/ex_stage_i/mult_i/short_mac/C[27] is connected to registers with an asynchronous reset. This is preventing the possibility of merging these registers in to the DSP Block since the DSP block registers only possess synchronous reset capability.  It is suggested to recode or change these registers to remove the reset or use a synchronous reset to get the best optimization for performance, power and area.
Related violations: <none>

DPIR-1#125 Warning
Asynchronous driver check  
DSP x_heep_system_i/core_v_mini_mcu_i/cpu_subsystem_i/cv32e40p_top_i/core_i/ex_stage_i/mult_i/short_mac input pin x_heep_system_i/core_v_mini_mcu_i/cpu_subsystem_i/cv32e40p_top_i/core_i/ex_stage_i/mult_i/short_mac/C[28] is connected to registers with an asynchronous reset. This is preventing the possibility of merging these registers in to the DSP Block since the DSP block registers only possess synchronous reset capability.  It is suggested to recode or change these registers to remove the reset or use a synchronous reset to get the best optimization for performance, power and area.
Related violations: <none>

DPIR-1#126 Warning
Asynchronous driver check  
DSP x_heep_system_i/core_v_mini_mcu_i/cpu_subsystem_i/cv32e40p_top_i/core_i/ex_stage_i/mult_i/short_mac input pin x_heep_system_i/core_v_mini_mcu_i/cpu_subsystem_i/cv32e40p_top_i/core_i/ex_stage_i/mult_i/short_mac/C[29] is connected to registers with an asynchronous reset. This is preventing the possibility of merging these registers in to the DSP Block since the DSP block registers only possess synchronous reset capability.  It is suggested to recode or change these registers to remove the reset or use a synchronous reset to get the best optimization for performance, power and area.
Related violations: <none>

DPIR-1#127 Warning
Asynchronous driver check  
DSP x_heep_system_i/core_v_mini_mcu_i/cpu_subsystem_i/cv32e40p_top_i/core_i/ex_stage_i/mult_i/short_mac input pin x_heep_system_i/core_v_mini_mcu_i/cpu_subsystem_i/cv32e40p_top_i/core_i/ex_stage_i/mult_i/short_mac/C[2] is connected to registers with an asynchronous reset. This is preventing the possibility of merging these registers in to the DSP Block since the DSP block registers only possess synchronous reset capability.  It is suggested to recode or change these registers to remove the reset or use a synchronous reset to get the best optimization for performance, power and area.
Related violations: <none>

DPIR-1#128 Warning
Asynchronous driver check  
DSP x_heep_system_i/core_v_mini_mcu_i/cpu_subsystem_i/cv32e40p_top_i/core_i/ex_stage_i/mult_i/short_mac input pin x_heep_system_i/core_v_mini_mcu_i/cpu_subsystem_i/cv32e40p_top_i/core_i/ex_stage_i/mult_i/short_mac/C[30] is connected to registers with an asynchronous reset. This is preventing the possibility of merging these registers in to the DSP Block since the DSP block registers only possess synchronous reset capability.  It is suggested to recode or change these registers to remove the reset or use a synchronous reset to get the best optimization for performance, power and area.
Related violations: <none>

DPIR-1#129 Warning
Asynchronous driver check  
DSP x_heep_system_i/core_v_mini_mcu_i/cpu_subsystem_i/cv32e40p_top_i/core_i/ex_stage_i/mult_i/short_mac input pin x_heep_system_i/core_v_mini_mcu_i/cpu_subsystem_i/cv32e40p_top_i/core_i/ex_stage_i/mult_i/short_mac/C[31] is connected to registers with an asynchronous reset. This is preventing the possibility of merging these registers in to the DSP Block since the DSP block registers only possess synchronous reset capability.  It is suggested to recode or change these registers to remove the reset or use a synchronous reset to get the best optimization for performance, power and area.
Related violations: <none>

DPIR-1#130 Warning
Asynchronous driver check  
DSP x_heep_system_i/core_v_mini_mcu_i/cpu_subsystem_i/cv32e40p_top_i/core_i/ex_stage_i/mult_i/short_mac input pin x_heep_system_i/core_v_mini_mcu_i/cpu_subsystem_i/cv32e40p_top_i/core_i/ex_stage_i/mult_i/short_mac/C[3] is connected to registers with an asynchronous reset. This is preventing the possibility of merging these registers in to the DSP Block since the DSP block registers only possess synchronous reset capability.  It is suggested to recode or change these registers to remove the reset or use a synchronous reset to get the best optimization for performance, power and area.
Related violations: <none>

DPIR-1#131 Warning
Asynchronous driver check  
DSP x_heep_system_i/core_v_mini_mcu_i/cpu_subsystem_i/cv32e40p_top_i/core_i/ex_stage_i/mult_i/short_mac input pin x_heep_system_i/core_v_mini_mcu_i/cpu_subsystem_i/cv32e40p_top_i/core_i/ex_stage_i/mult_i/short_mac/C[4] is connected to registers with an asynchronous reset. This is preventing the possibility of merging these registers in to the DSP Block since the DSP block registers only possess synchronous reset capability.  It is suggested to recode or change these registers to remove the reset or use a synchronous reset to get the best optimization for performance, power and area.
Related violations: <none>

DPIR-1#132 Warning
Asynchronous driver check  
DSP x_heep_system_i/core_v_mini_mcu_i/cpu_subsystem_i/cv32e40p_top_i/core_i/ex_stage_i/mult_i/short_mac input pin x_heep_system_i/core_v_mini_mcu_i/cpu_subsystem_i/cv32e40p_top_i/core_i/ex_stage_i/mult_i/short_mac/C[5] is connected to registers with an asynchronous reset. This is preventing the possibility of merging these registers in to the DSP Block since the DSP block registers only possess synchronous reset capability.  It is suggested to recode or change these registers to remove the reset or use a synchronous reset to get the best optimization for performance, power and area.
Related violations: <none>

DPIR-1#133 Warning
Asynchronous driver check  
DSP x_heep_system_i/core_v_mini_mcu_i/cpu_subsystem_i/cv32e40p_top_i/core_i/ex_stage_i/mult_i/short_mac input pin x_heep_system_i/core_v_mini_mcu_i/cpu_subsystem_i/cv32e40p_top_i/core_i/ex_stage_i/mult_i/short_mac/C[6] is connected to registers with an asynchronous reset. This is preventing the possibility of merging these registers in to the DSP Block since the DSP block registers only possess synchronous reset capability.  It is suggested to recode or change these registers to remove the reset or use a synchronous reset to get the best optimization for performance, power and area.
Related violations: <none>

DPIR-1#134 Warning
Asynchronous driver check  
DSP x_heep_system_i/core_v_mini_mcu_i/cpu_subsystem_i/cv32e40p_top_i/core_i/ex_stage_i/mult_i/short_mac input pin x_heep_system_i/core_v_mini_mcu_i/cpu_subsystem_i/cv32e40p_top_i/core_i/ex_stage_i/mult_i/short_mac/C[7] is connected to registers with an asynchronous reset. This is preventing the possibility of merging these registers in to the DSP Block since the DSP block registers only possess synchronous reset capability.  It is suggested to recode or change these registers to remove the reset or use a synchronous reset to get the best optimization for performance, power and area.
Related violations: <none>

DPIR-1#135 Warning
Asynchronous driver check  
DSP x_heep_system_i/core_v_mini_mcu_i/cpu_subsystem_i/cv32e40p_top_i/core_i/ex_stage_i/mult_i/short_mac input pin x_heep_system_i/core_v_mini_mcu_i/cpu_subsystem_i/cv32e40p_top_i/core_i/ex_stage_i/mult_i/short_mac/C[8] is connected to registers with an asynchronous reset. This is preventing the possibility of merging these registers in to the DSP Block since the DSP block registers only possess synchronous reset capability.  It is suggested to recode or change these registers to remove the reset or use a synchronous reset to get the best optimization for performance, power and area.
Related violations: <none>

DPIR-1#136 Warning
Asynchronous driver check  
DSP x_heep_system_i/core_v_mini_mcu_i/cpu_subsystem_i/cv32e40p_top_i/core_i/ex_stage_i/mult_i/short_mac input pin x_heep_system_i/core_v_mini_mcu_i/cpu_subsystem_i/cv32e40p_top_i/core_i/ex_stage_i/mult_i/short_mac/C[9] is connected to registers with an asynchronous reset. This is preventing the possibility of merging these registers in to the DSP Block since the DSP block registers only possess synchronous reset capability.  It is suggested to recode or change these registers to remove the reset or use a synchronous reset to get the best optimization for performance, power and area.
Related violations: <none>

HPDR-1#1 Warning
Port pin direction inconsistency  
Hierarchical port(pin) jtag_tdo_o direction INOUT is not consistent with the directions of the cell pins/ports found at that level of the netlist hierarchy. Please review the design and consider changing the port(pin) direction. Both drivers and loads were expected for the net (jtag_tdo_o) connected to this Port, but both were not found.
Related violations: <none>

HPDR-1#2 Warning
Port pin direction inconsistency  
Hierarchical port(pin) uart_tx_o direction INOUT is not consistent with the directions of the cell pins/ports found at that level of the netlist hierarchy. Please review the design and consider changing the port(pin) direction. Both drivers and loads were expected for the net (uart_tx_o) connected to this Port, but both were not found.
Related violations: <none>

LUTAR-1#1 Warning
LUT drives async reset alert  
LUT cell clk_count[0]_i_2, with 2 or more inputs, drives asynchronous preset/clear pin(s) clk_count_reg[18]/CLR, clk_count_reg[19]/CLR, clk_count_reg[1]/CLR,
clk_count_reg[20]/CLR, clk_count_reg[21]/CLR, clk_count_reg[22]/CLR,
clk_count_reg[23]/CLR, clk_count_reg[2]/CLR, clk_count_reg[3]/CLR,
clk_count_reg[4]/CLR, clk_count_reg[5]/CLR, clk_count_reg[6]/CLR,
clk_count_reg[7]/CLR, clk_count_reg[8]/CLR, clk_count_reg[9]/CLR
 (the first 15 of 24 listed). The LUT may glitch and trigger an unexpected reset, even if it is a properly timed path.
Related violations: <none>

LUTAR-1#2 Warning
LUT drives async reset alert  
LUT cell x_heep_system_i/core_v_mini_mcu_i/ao_peripheral_subsystem_i/power_manager_i/power_manager_counter_sequence_cpu_reset_i/apu_lat[1]_i_2, with 2 or more inputs, drives asynchronous preset/clear pin(s) x_heep_system_i/core_v_mini_mcu_i/cpu_subsystem_i/cv32e40p_top_i/core_i/id_stage_i/apu_flags_ex_o_reg[7]_replica/CLR,
x_heep_system_i/core_v_mini_mcu_i/cpu_subsystem_i/cv32e40p_top_i/core_i/id_stage_i/apu_flags_ex_o_reg[7]_replica_1/CLR,
x_heep_system_i/core_v_mini_mcu_i/cpu_subsystem_i/cv32e40p_top_i/core_i/id_stage_i/apu_flags_ex_o_reg[7]_replica_2/CLR,
x_heep_system_i/core_v_mini_mcu_i/cpu_subsystem_i/cv32e40p_top_i/core_i/id_stage_i/apu_flags_ex_o_reg[7]_replica_3/CLR,
x_heep_system_i/core_v_mini_mcu_i/cpu_subsystem_i/cv32e40p_top_i/core_i/id_stage_i/apu_flags_ex_o_reg[7]_replica_4/CLR,
x_heep_system_i/core_v_mini_mcu_i/cpu_subsystem_i/cv32e40p_top_i/core_i/id_stage_i/apu_op_ex_o_reg[1]_replica_1/CLR,
x_heep_system_i/core_v_mini_mcu_i/cpu_subsystem_i/cv32e40p_top_i/core_i/id_stage_i/apu_op_ex_o_reg[1]_replica_2/CLR,
x_heep_system_i/core_v_mini_mcu_i/cpu_subsystem_i/cv32e40p_top_i/core_i/id_stage_i/apu_op_ex_o_reg[1]_replica_3/CLR,
x_heep_system_i/core_v_mini_mcu_i/cpu_subsystem_i/cv32e40p_top_i/core_i/id_stage_i/apu_operands_ex_o_reg[0][0]_replica/CLR,
x_heep_system_i/core_v_mini_mcu_i/cpu_subsystem_i/cv32e40p_top_i/core_i/id_stage_i/apu_operands_ex_o_reg[0][0]_replica_2/CLR,
x_heep_system_i/core_v_mini_mcu_i/cpu_subsystem_i/cv32e40p_top_i/core_i/id_stage_i/apu_operands_ex_o_reg[0][0]_replica_3/CLR,
x_heep_system_i/core_v_mini_mcu_i/cpu_subsystem_i/cv32e40p_top_i/core_i/id_stage_i/apu_operands_ex_o_reg[0][0]_replica_4/CLR,
x_heep_system_i/core_v_mini_mcu_i/cpu_subsystem_i/cv32e40p_top_i/core_i/id_stage_i/apu_operands_ex_o_reg[0][15]_replica_1/CLR,
x_heep_system_i/core_v_mini_mcu_i/cpu_subsystem_i/cv32e40p_top_i/core_i/id_stage_i/apu_operands_ex_o_reg[1][6]_replica_1/CLR,
x_heep_system_i/core_v_mini_mcu_i/cpu_subsystem_i/cv32e40p_top_i/core_i/id_stage_i/apu_operands_ex_o_reg[1][6]_replica_2/CLR
 (the first 15 of 3448 listed). The LUT may glitch and trigger an unexpected reset, even if it is a properly timed path.
Related violations: <none>

LUTAR-1#3 Warning
LUT drives async reset alert  
LUT cell x_heep_system_i/core_v_mini_mcu_i/ao_peripheral_subsystem_i/power_manager_i/power_manager_sequence_periph_reset_i/u_write_fifo_i_1, with 2 or more inputs, drives asynchronous preset/clear pin(s) x_heep_system_i/core_v_mini_mcu_i/peripheral_subsystem_i/uart_i/u_reg/u_reg_if/rdata_reg[25]/CLR,
x_heep_system_i/core_v_mini_mcu_i/peripheral_subsystem_i/uart_i/u_reg/u_reg_if/rdata_reg[26]/CLR,
x_heep_system_i/core_v_mini_mcu_i/peripheral_subsystem_i/uart_i/u_reg/u_reg_if/rdata_reg[27]/CLR,
x_heep_system_i/core_v_mini_mcu_i/peripheral_subsystem_i/uart_i/u_reg/u_reg_if/rdata_reg[28]/CLR,
x_heep_system_i/core_v_mini_mcu_i/peripheral_subsystem_i/uart_i/u_reg/u_reg_if/rdata_reg[29]/CLR,
x_heep_system_i/core_v_mini_mcu_i/peripheral_subsystem_i/uart_i/u_reg/u_reg_if/rdata_reg[2]/CLR,
x_heep_system_i/core_v_mini_mcu_i/peripheral_subsystem_i/uart_i/u_reg/u_reg_if/rdata_reg[30]/CLR,
x_heep_system_i/core_v_mini_mcu_i/peripheral_subsystem_i/uart_i/u_reg/u_reg_if/rdata_reg[31]/CLR,
x_heep_system_i/core_v_mini_mcu_i/peripheral_subsystem_i/uart_i/u_reg/u_reg_if/rdata_reg[3]/CLR,
x_heep_system_i/core_v_mini_mcu_i/peripheral_subsystem_i/uart_i/u_reg/u_reg_if/rdata_reg[4]/CLR,
x_heep_system_i/core_v_mini_mcu_i/peripheral_subsystem_i/uart_i/u_reg/u_reg_if/rdata_reg[5]/CLR,
x_heep_system_i/core_v_mini_mcu_i/peripheral_subsystem_i/uart_i/u_reg/u_reg_if/rdata_reg[6]/CLR,
x_heep_system_i/core_v_mini_mcu_i/peripheral_subsystem_i/uart_i/u_reg/u_reg_if/rdata_reg[7]/CLR,
x_heep_system_i/core_v_mini_mcu_i/peripheral_subsystem_i/uart_i/u_reg/u_reg_if/rdata_reg[8]/CLR,
x_heep_system_i/core_v_mini_mcu_i/peripheral_subsystem_i/uart_i/u_reg/u_reg_if/rdata_reg[9]/CLR
 (the first 15 of 2662 listed). The LUT may glitch and trigger an unexpected reset, even if it is a properly timed path.
Related violations: <none>

LUTAR-1#4 Warning
LUT drives async reset alert  
LUT cell x_heep_system_i/core_v_mini_mcu_i/debug_subsystem_i/dm_obi_top_i/i_dm_top/i_dm_csrs/gen_several_outputs.valid_inflight_q_i_2__2, with 2 or more inputs, drives asynchronous preset/clear pin(s) x_heep_system_i/core_v_mini_mcu_i/system_bus_i/gen_demux_xbar[0].demux_xbar_i/u_xbar_varlat/gen_inputs[0].i_addr_dec_resp_mux/gen_several_outputs.bank_sel_q_reg[0]/CLR,
x_heep_system_i/core_v_mini_mcu_i/system_bus_i/gen_demux_xbar[0].demux_xbar_i/u_xbar_varlat/gen_inputs[0].i_addr_dec_resp_mux/gen_several_outputs.valid_inflight_q_reg/CLR,
x_heep_system_i/core_v_mini_mcu_i/system_bus_i/gen_demux_xbar[1].demux_xbar_i/u_xbar_varlat/gen_inputs[0].i_addr_dec_resp_mux/gen_several_outputs.bank_sel_q_reg[0]/CLR,
x_heep_system_i/core_v_mini_mcu_i/system_bus_i/gen_demux_xbar[1].demux_xbar_i/u_xbar_varlat/gen_inputs[0].i_addr_dec_resp_mux/gen_several_outputs.valid_inflight_q_reg/CLR,
x_heep_system_i/core_v_mini_mcu_i/system_bus_i/gen_demux_xbar[2].demux_xbar_i/u_xbar_varlat/gen_inputs[0].i_addr_dec_resp_mux/gen_several_outputs.bank_sel_q_reg[0]/CLR,
x_heep_system_i/core_v_mini_mcu_i/system_bus_i/gen_demux_xbar[2].demux_xbar_i/u_xbar_varlat/gen_inputs[0].i_addr_dec_resp_mux/gen_several_outputs.valid_inflight_q_reg/CLR,
x_heep_system_i/core_v_mini_mcu_i/system_bus_i/gen_demux_xbar[6].demux_xbar_i/u_xbar_varlat/gen_inputs[0].i_addr_dec_resp_mux/gen_several_outputs.bank_sel_q_reg[0]/CLR,
x_heep_system_i/core_v_mini_mcu_i/system_bus_i/gen_demux_xbar[6].demux_xbar_i/u_xbar_varlat/gen_inputs[0].i_addr_dec_resp_mux/gen_several_outputs.valid_inflight_q_reg/CLR,
x_heep_system_i/core_v_mini_mcu_i/system_bus_i/system_xbar_i/gen_xbar_1toM.xbar_varlat_n_to_one_i/state_q_reg/CLR,
x_heep_system_i/core_v_mini_mcu_i/system_bus_i/system_xbar_i/gen_xbar_1toM.xbar_varlat_one_to_n_i/u_xbar_varlat/gen_inputs[0].i_addr_dec_resp_mux/gen_several_outputs.bank_sel_q_reg[0]/CLR,
x_heep_system_i/core_v_mini_mcu_i/system_bus_i/system_xbar_i/gen_xbar_1toM.xbar_varlat_one_to_n_i/u_xbar_varlat/gen_inputs[0].i_addr_dec_resp_mux/gen_several_outputs.bank_sel_q_reg[1]/CLR,
x_heep_system_i/core_v_mini_mcu_i/system_bus_i/system_xbar_i/gen_xbar_1toM.xbar_varlat_one_to_n_i/u_xbar_varlat/gen_inputs[0].i_addr_dec_resp_mux/gen_several_outputs.bank_sel_q_reg[2]/CLR,
x_heep_system_i/core_v_mini_mcu_i/system_bus_i/system_xbar_i/gen_xbar_1toM.xbar_varlat_one_to_n_i/u_xbar_varlat/gen_inputs[0].i_addr_dec_resp_mux/gen_several_outputs.bank_sel_q_reg[3]/CLR,
x_heep_system_i/core_v_mini_mcu_i/system_bus_i/system_xbar_i/gen_xbar_1toM.xbar_varlat_one_to_n_i/u_xbar_varlat/gen_inputs[0].i_addr_dec_resp_mux/gen_several_outputs.bank_sel_q_reg[4]/CLR,
x_heep_system_i/core_v_mini_mcu_i/system_bus_i/system_xbar_i/gen_xbar_1toM.xbar_varlat_one_to_n_i/u_xbar_varlat/gen_inputs[0].i_addr_dec_resp_mux/gen_several_outputs.valid_inflight_q_reg/CLR
 (the first 15 of 23 listed). The LUT may glitch and trigger an unexpected reset, even if it is a properly timed path.
Related violations: <none>

LUTAR-1#5 Warning
LUT drives async reset alert  
LUT cell x_heep_system_i/rstgen_i/i_rstgen_bypass/i_tc_clk_mux2_rst_no/xilinx_i_clk_mux2_i/status_cnt_q[0]_i_4, with 2 or more inputs, drives asynchronous preset/clear pin(s) x_heep_system_i/core_v_mini_mcu_i/ao_peripheral_subsystem_i/soc_ctrl_i/soc_ctrl_reg_top_i/u_exit_value/q_reg[0]_lopt_replica/CLR,
x_heep_system_i/core_v_mini_mcu_i/ao_peripheral_subsystem_i/spi_subsystem_i/ot_spi_i/idle_q_reg/CLR,
x_heep_system_i/core_v_mini_mcu_i/ao_peripheral_subsystem_i/spi_subsystem_i/ot_spi_i/u_reg/u_status_rxqd/q_reg[0]/CLR,
x_heep_system_i/core_v_mini_mcu_i/ao_peripheral_subsystem_i/spi_subsystem_i/ot_spi_i/u_reg/u_status_rxqd/q_reg[1]/CLR,
x_heep_system_i/core_v_mini_mcu_i/ao_peripheral_subsystem_i/spi_subsystem_i/ot_spi_i/u_reg/u_status_rxqd/q_reg[2]/CLR,
x_heep_system_i/core_v_mini_mcu_i/ao_peripheral_subsystem_i/spi_subsystem_i/ot_spi_i/u_reg/u_status_rxqd/q_reg[3]/CLR,
x_heep_system_i/core_v_mini_mcu_i/ao_peripheral_subsystem_i/spi_subsystem_i/ot_spi_i/u_reg/u_status_rxqd/q_reg[4]/CLR,
x_heep_system_i/core_v_mini_mcu_i/ao_peripheral_subsystem_i/spi_subsystem_i/ot_spi_i/u_reg/u_status_rxqd/q_reg[5]/CLR,
x_heep_system_i/core_v_mini_mcu_i/ao_peripheral_subsystem_i/spi_subsystem_i/ot_spi_i/u_reg/u_status_txqd/q_reg[0]/CLR,
x_heep_system_i/core_v_mini_mcu_i/ao_peripheral_subsystem_i/spi_subsystem_i/ot_spi_i/u_reg/u_status_txqd/q_reg[1]/CLR,
x_heep_system_i/core_v_mini_mcu_i/ao_peripheral_subsystem_i/spi_subsystem_i/ot_spi_i/u_reg/u_status_txqd/q_reg[2]/CLR,
x_heep_system_i/core_v_mini_mcu_i/ao_peripheral_subsystem_i/spi_subsystem_i/ot_spi_i/u_reg/u_status_txqd/q_reg[3]/CLR,
x_heep_system_i/core_v_mini_mcu_i/ao_peripheral_subsystem_i/spi_subsystem_i/ot_spi_i/u_reg/u_status_txqd/q_reg[4]/CLR,
x_heep_system_i/core_v_mini_mcu_i/ao_peripheral_subsystem_i/spi_subsystem_i/ot_spi_i/u_reg/u_status_txqd/q_reg[5]/CLR,
x_heep_system_i/core_v_mini_mcu_i/ao_peripheral_subsystem_i/spi_subsystem_i/ot_spi_i/u_reg/u_status_txqd/q_reg[6]/CLR
 (the first 15 of 2436 listed). The LUT may glitch and trigger an unexpected reset, even if it is a properly timed path.
Related violations: <none>

SYNTH-10#1 Warning
Wide multiplier  
Detected multiplier at x_heep_system_i/core_v_mini_mcu_i/cpu_subsystem_i/cv32e40p_top_i/core_i/ex_stage_i/mult_i/int_result0 of size 15x18, it is decomposed from a wide multipler into 4 DSP blocks.
Related violations: <none>

SYNTH-10#2 Warning
Wide multiplier  
Detected multiplier at x_heep_system_i/core_v_mini_mcu_i/cpu_subsystem_i/cv32e40p_top_i/core_i/ex_stage_i/mult_i/int_result0__0 of size 18x18, it is decomposed from a wide multipler into 4 DSP blocks.
Related violations: <none>

SYNTH-10#3 Warning
Wide multiplier  
Detected multiplier at x_heep_system_i/core_v_mini_mcu_i/cpu_subsystem_i/cv32e40p_top_i/core_i/ex_stage_i/mult_i/int_result0__1 of size 18x15, it is decomposed from a wide multipler into 4 DSP blocks.
Related violations: <none>

TIMING-16#1 Warning
Large setup violation  
There is a large setup violation of -1.200 ns between x_heep_system_i/core_v_mini_mcu_i/ao_peripheral_subsystem_i/obi_fifo_i/obi_req_fifo_i/mem_q_reg[0][addr][29]/C (clocked by sys_clk_pin) and x_heep_system_i/core_v_mini_mcu_i/ao_peripheral_subsystem_i/fast_intr_ctrl_i/fast_intr_ctrl_reg_top_i/u_fast_intr_clear/q_reg[1]/CE (clocked by sys_clk_pin). Large setup violations at the end of those stages might be difficult to fix during the post-placement implementation flow and could be the result of non-optimal XDC constraints or non-optimal design architecture
Related violations: <none>

TIMING-16#2 Warning
Large setup violation  
There is a large setup violation of -1.309 ns between x_heep_system_i/core_v_mini_mcu_i/ao_peripheral_subsystem_i/obi_fifo_i/obi_req_fifo_i/mem_q_reg[0][addr][29]/C (clocked by sys_clk_pin) and x_heep_system_i/core_v_mini_mcu_i/ao_peripheral_subsystem_i/fast_intr_ctrl_i/fast_intr_ctrl_reg_top_i/u_fast_intr_clear/q_reg[5]/CE (clocked by sys_clk_pin). Large setup violations at the end of those stages might be difficult to fix during the post-placement implementation flow and could be the result of non-optimal XDC constraints or non-optimal design architecture
Related violations: <none>

TIMING-16#3 Warning
Large setup violation  
There is a large setup violation of -1.309 ns between x_heep_system_i/core_v_mini_mcu_i/ao_peripheral_subsystem_i/obi_fifo_i/obi_req_fifo_i/mem_q_reg[0][addr][29]/C (clocked by sys_clk_pin) and x_heep_system_i/core_v_mini_mcu_i/ao_peripheral_subsystem_i/fast_intr_ctrl_i/fast_intr_ctrl_reg_top_i/u_fast_intr_clear/q_reg[6]/CE (clocked by sys_clk_pin). Large setup violations at the end of those stages might be difficult to fix during the post-placement implementation flow and could be the result of non-optimal XDC constraints or non-optimal design architecture
Related violations: <none>

TIMING-16#4 Warning
Large setup violation  
There is a large setup violation of -1.309 ns between x_heep_system_i/core_v_mini_mcu_i/ao_peripheral_subsystem_i/obi_fifo_i/obi_req_fifo_i/mem_q_reg[0][addr][29]/C (clocked by sys_clk_pin) and x_heep_system_i/core_v_mini_mcu_i/ao_peripheral_subsystem_i/fast_intr_ctrl_i/fast_intr_ctrl_reg_top_i/u_fast_intr_clear/q_reg[8]/CE (clocked by sys_clk_pin). Large setup violations at the end of those stages might be difficult to fix during the post-placement implementation flow and could be the result of non-optimal XDC constraints or non-optimal design architecture
Related violations: <none>

TIMING-16#5 Warning
Large setup violation  
There is a large setup violation of -1.310 ns between x_heep_system_i/core_v_mini_mcu_i/ao_peripheral_subsystem_i/obi_fifo_i/obi_req_fifo_i/mem_q_reg[0][addr][29]/C (clocked by sys_clk_pin) and x_heep_system_i/core_v_mini_mcu_i/ao_peripheral_subsystem_i/fast_intr_ctrl_i/fast_intr_ctrl_reg_top_i/u_fast_intr_clear/q_reg[0]/CE (clocked by sys_clk_pin). Large setup violations at the end of those stages might be difficult to fix during the post-placement implementation flow and could be the result of non-optimal XDC constraints or non-optimal design architecture
Related violations: <none>

TIMING-16#6 Warning
Large setup violation  
There is a large setup violation of -1.310 ns between x_heep_system_i/core_v_mini_mcu_i/ao_peripheral_subsystem_i/obi_fifo_i/obi_req_fifo_i/mem_q_reg[0][addr][29]/C (clocked by sys_clk_pin) and x_heep_system_i/core_v_mini_mcu_i/ao_peripheral_subsystem_i/fast_intr_ctrl_i/fast_intr_ctrl_reg_top_i/u_fast_intr_clear/q_reg[13]/CE (clocked by sys_clk_pin). Large setup violations at the end of those stages might be difficult to fix during the post-placement implementation flow and could be the result of non-optimal XDC constraints or non-optimal design architecture
Related violations: <none>

TIMING-16#7 Warning
Large setup violation  
There is a large setup violation of -1.320 ns between x_heep_system_i/core_v_mini_mcu_i/ao_peripheral_subsystem_i/obi_fifo_i/obi_req_fifo_i/mem_q_reg[0][addr][29]/C (clocked by sys_clk_pin) and x_heep_system_i/core_v_mini_mcu_i/ao_peripheral_subsystem_i/fast_intr_ctrl_i/fast_intr_ctrl_reg_top_i/u_fast_intr_clear/q_reg[14]/CE (clocked by sys_clk_pin). Large setup violations at the end of those stages might be difficult to fix during the post-placement implementation flow and could be the result of non-optimal XDC constraints or non-optimal design architecture
Related violations: <none>

TIMING-16#8 Warning
Large setup violation  
There is a large setup violation of -1.320 ns between x_heep_system_i/core_v_mini_mcu_i/ao_peripheral_subsystem_i/obi_fifo_i/obi_req_fifo_i/mem_q_reg[0][addr][29]/C (clocked by sys_clk_pin) and x_heep_system_i/core_v_mini_mcu_i/ao_peripheral_subsystem_i/fast_intr_ctrl_i/fast_intr_ctrl_reg_top_i/u_fast_intr_clear/q_reg[15]/CE (clocked by sys_clk_pin). Large setup violations at the end of those stages might be difficult to fix during the post-placement implementation flow and could be the result of non-optimal XDC constraints or non-optimal design architecture
Related violations: <none>

TIMING-16#9 Warning
Large setup violation  
There is a large setup violation of -1.375 ns between x_heep_system_i/core_v_mini_mcu_i/ao_peripheral_subsystem_i/obi_fifo_i/obi_req_fifo_i/mem_q_reg[0][addr][29]/C (clocked by sys_clk_pin) and x_heep_system_i/core_v_mini_mcu_i/ao_peripheral_subsystem_i/fast_intr_ctrl_i/fast_intr_ctrl_reg_top_i/u_fast_intr_clear/q_reg[2]/CE (clocked by sys_clk_pin). Large setup violations at the end of those stages might be difficult to fix during the post-placement implementation flow and could be the result of non-optimal XDC constraints or non-optimal design architecture
Related violations: <none>

TIMING-16#10 Warning
Large setup violation  
There is a large setup violation of -1.375 ns between x_heep_system_i/core_v_mini_mcu_i/ao_peripheral_subsystem_i/obi_fifo_i/obi_req_fifo_i/mem_q_reg[0][addr][29]/C (clocked by sys_clk_pin) and x_heep_system_i/core_v_mini_mcu_i/ao_peripheral_subsystem_i/fast_intr_ctrl_i/fast_intr_ctrl_reg_top_i/u_fast_intr_clear/q_reg[3]/CE (clocked by sys_clk_pin). Large setup violations at the end of those stages might be difficult to fix during the post-placement implementation flow and could be the result of non-optimal XDC constraints or non-optimal design architecture
Related violations: <none>

TIMING-16#11 Warning
Large setup violation  
There is a large setup violation of -1.375 ns between x_heep_system_i/core_v_mini_mcu_i/ao_peripheral_subsystem_i/obi_fifo_i/obi_req_fifo_i/mem_q_reg[0][addr][29]/C (clocked by sys_clk_pin) and x_heep_system_i/core_v_mini_mcu_i/ao_peripheral_subsystem_i/fast_intr_ctrl_i/fast_intr_ctrl_reg_top_i/u_fast_intr_clear/q_reg[4]/CE (clocked by sys_clk_pin). Large setup violations at the end of those stages might be difficult to fix during the post-placement implementation flow and could be the result of non-optimal XDC constraints or non-optimal design architecture
Related violations: <none>

TIMING-16#12 Warning
Large setup violation  
There is a large setup violation of -1.484 ns between x_heep_system_i/core_v_mini_mcu_i/ao_peripheral_subsystem_i/obi_fifo_i/obi_req_fifo_i/mem_q_reg[0][addr][29]/C (clocked by sys_clk_pin) and x_heep_system_i/core_v_mini_mcu_i/ao_peripheral_subsystem_i/fast_intr_ctrl_i/fast_intr_ctrl_reg_top_i/u_fast_intr_clear/q_reg[10]/CE (clocked by sys_clk_pin). Large setup violations at the end of those stages might be difficult to fix during the post-placement implementation flow and could be the result of non-optimal XDC constraints or non-optimal design architecture
Related violations: <none>

TIMING-16#13 Warning
Large setup violation  
There is a large setup violation of -1.484 ns between x_heep_system_i/core_v_mini_mcu_i/ao_peripheral_subsystem_i/obi_fifo_i/obi_req_fifo_i/mem_q_reg[0][addr][29]/C (clocked by sys_clk_pin) and x_heep_system_i/core_v_mini_mcu_i/ao_peripheral_subsystem_i/fast_intr_ctrl_i/fast_intr_ctrl_reg_top_i/u_fast_intr_clear/q_reg[7]/CE (clocked by sys_clk_pin). Large setup violations at the end of those stages might be difficult to fix during the post-placement implementation flow and could be the result of non-optimal XDC constraints or non-optimal design architecture
Related violations: <none>

TIMING-16#14 Warning
Large setup violation  
There is a large setup violation of -1.484 ns between x_heep_system_i/core_v_mini_mcu_i/ao_peripheral_subsystem_i/obi_fifo_i/obi_req_fifo_i/mem_q_reg[0][addr][29]/C (clocked by sys_clk_pin) and x_heep_system_i/core_v_mini_mcu_i/ao_peripheral_subsystem_i/fast_intr_ctrl_i/fast_intr_ctrl_reg_top_i/u_fast_intr_clear/q_reg[9]/CE (clocked by sys_clk_pin). Large setup violations at the end of those stages might be difficult to fix during the post-placement implementation flow and could be the result of non-optimal XDC constraints or non-optimal design architecture
Related violations: <none>

TIMING-16#15 Warning
Large setup violation  
There is a large setup violation of -1.485 ns between x_heep_system_i/core_v_mini_mcu_i/ao_peripheral_subsystem_i/obi_fifo_i/obi_req_fifo_i/mem_q_reg[0][addr][29]/C (clocked by sys_clk_pin) and x_heep_system_i/core_v_mini_mcu_i/ao_peripheral_subsystem_i/fast_intr_ctrl_i/fast_intr_ctrl_reg_top_i/u_fast_intr_clear/q_reg[11]/CE (clocked by sys_clk_pin). Large setup violations at the end of those stages might be difficult to fix during the post-placement implementation flow and could be the result of non-optimal XDC constraints or non-optimal design architecture
Related violations: <none>

TIMING-16#16 Warning
Large setup violation  
There is a large setup violation of -1.485 ns between x_heep_system_i/core_v_mini_mcu_i/ao_peripheral_subsystem_i/obi_fifo_i/obi_req_fifo_i/mem_q_reg[0][addr][29]/C (clocked by sys_clk_pin) and x_heep_system_i/core_v_mini_mcu_i/ao_peripheral_subsystem_i/fast_intr_ctrl_i/fast_intr_ctrl_reg_top_i/u_fast_intr_clear/q_reg[12]/CE (clocked by sys_clk_pin). Large setup violations at the end of those stages might be difficult to fix during the post-placement implementation flow and could be the result of non-optimal XDC constraints or non-optimal design architecture
Related violations: <none>

TIMING-16#17 Warning
Large setup violation  
There is a large setup violation of -10.471 ns between x_heep_system_i/core_v_mini_mcu_i/cpu_subsystem_i/cv32e40p_top_i/core_i/id_stage_i/alu_operand_b_ex_o_reg[2]/C (clocked by sys_clk_pin) and x_heep_system_i/core_v_mini_mcu_i/ao_peripheral_subsystem_i/obi_fifo_i/obi_req_fifo_i/mem_q_reg[0][addr][1]/D (clocked by sys_clk_pin). Large setup violations at the end of those stages might be difficult to fix during the post-placement implementation flow and could be the result of non-optimal XDC constraints or non-optimal design architecture
Related violations: <none>

TIMING-16#18 Warning
Large setup violation  
There is a large setup violation of -10.498 ns between x_heep_system_i/core_v_mini_mcu_i/cpu_subsystem_i/cv32e40p_top_i/core_i/id_stage_i/alu_operand_b_ex_o_reg[2]/C (clocked by sys_clk_pin) and x_heep_system_i/core_v_mini_mcu_i/ao_peripheral_subsystem_i/obi_fifo_i/obi_req_fifo_i/mem_q_reg[0][addr][0]/D (clocked by sys_clk_pin). Large setup violations at the end of those stages might be difficult to fix during the post-placement implementation flow and could be the result of non-optimal XDC constraints or non-optimal design architecture
Related violations: <none>

TIMING-16#19 Warning
Large setup violation  
There is a large setup violation of -10.660 ns between x_heep_system_i/core_v_mini_mcu_i/cpu_subsystem_i/cv32e40p_top_i/core_i/id_stage_i/alu_operand_b_ex_o_reg[2]/C (clocked by sys_clk_pin) and x_heep_system_i/core_v_mini_mcu_i/ao_peripheral_subsystem_i/obi_fifo_i/obi_req_fifo_i/mem_q_reg[0][addr][8]/D (clocked by sys_clk_pin). Large setup violations at the end of those stages might be difficult to fix during the post-placement implementation flow and could be the result of non-optimal XDC constraints or non-optimal design architecture
Related violations: <none>

TIMING-16#20 Warning
Large setup violation  
There is a large setup violation of -10.761 ns between x_heep_system_i/core_v_mini_mcu_i/cpu_subsystem_i/cv32e40p_top_i/core_i/id_stage_i/alu_operand_b_ex_o_reg[2]/C (clocked by sys_clk_pin) and x_heep_system_i/core_v_mini_mcu_i/ao_peripheral_subsystem_i/obi_fifo_i/obi_req_fifo_i/mem_q_reg[0][addr][7]/D (clocked by sys_clk_pin). Large setup violations at the end of those stages might be difficult to fix during the post-placement implementation flow and could be the result of non-optimal XDC constraints or non-optimal design architecture
Related violations: <none>

TIMING-16#21 Warning
Large setup violation  
There is a large setup violation of -10.769 ns between x_heep_system_i/core_v_mini_mcu_i/cpu_subsystem_i/cv32e40p_top_i/core_i/id_stage_i/alu_operand_b_ex_o_reg[2]/C (clocked by sys_clk_pin) and x_heep_system_i/core_v_mini_mcu_i/ao_peripheral_subsystem_i/obi_fifo_i/obi_req_fifo_i/mem_q_reg[0][addr][9]/D (clocked by sys_clk_pin). Large setup violations at the end of those stages might be difficult to fix during the post-placement implementation flow and could be the result of non-optimal XDC constraints or non-optimal design architecture
Related violations: <none>

TIMING-16#22 Warning
Large setup violation  
There is a large setup violation of -10.783 ns between x_heep_system_i/core_v_mini_mcu_i/cpu_subsystem_i/cv32e40p_top_i/core_i/id_stage_i/alu_operand_b_ex_o_reg[2]/C (clocked by sys_clk_pin) and x_heep_system_i/core_v_mini_mcu_i/ao_peripheral_subsystem_i/obi_fifo_i/obi_req_fifo_i/mem_q_reg[0][addr][10]/D (clocked by sys_clk_pin). Large setup violations at the end of those stages might be difficult to fix during the post-placement implementation flow and could be the result of non-optimal XDC constraints or non-optimal design architecture
Related violations: <none>

TIMING-16#23 Warning
Large setup violation  
There is a large setup violation of -10.819 ns between x_heep_system_i/core_v_mini_mcu_i/cpu_subsystem_i/cv32e40p_top_i/core_i/id_stage_i/alu_operand_b_ex_o_reg[2]/C (clocked by sys_clk_pin) and x_heep_system_i/core_v_mini_mcu_i/ao_peripheral_subsystem_i/obi_fifo_i/obi_req_fifo_i/mem_q_reg[0][be][0]/D (clocked by sys_clk_pin). Large setup violations at the end of those stages might be difficult to fix during the post-placement implementation flow and could be the result of non-optimal XDC constraints or non-optimal design architecture
Related violations: <none>

TIMING-16#24 Warning
Large setup violation  
There is a large setup violation of -10.839 ns between x_heep_system_i/core_v_mini_mcu_i/cpu_subsystem_i/cv32e40p_top_i/core_i/id_stage_i/alu_operand_b_ex_o_reg[2]/C (clocked by sys_clk_pin) and x_heep_system_i/core_v_mini_mcu_i/ao_peripheral_subsystem_i/obi_fifo_i/obi_req_fifo_i/mem_q_reg[0][addr][17]/D (clocked by sys_clk_pin). Large setup violations at the end of those stages might be difficult to fix during the post-placement implementation flow and could be the result of non-optimal XDC constraints or non-optimal design architecture
Related violations: <none>

TIMING-16#25 Warning
Large setup violation  
There is a large setup violation of -10.854 ns between x_heep_system_i/core_v_mini_mcu_i/cpu_subsystem_i/cv32e40p_top_i/core_i/id_stage_i/alu_operand_b_ex_o_reg[2]/C (clocked by sys_clk_pin) and x_heep_system_i/core_v_mini_mcu_i/ao_peripheral_subsystem_i/obi_fifo_i/obi_req_fifo_i/mem_q_reg[0][addr][26]/D (clocked by sys_clk_pin). Large setup violations at the end of those stages might be difficult to fix during the post-placement implementation flow and could be the result of non-optimal XDC constraints or non-optimal design architecture
Related violations: <none>

TIMING-16#26 Warning
Large setup violation  
There is a large setup violation of -10.929 ns between x_heep_system_i/core_v_mini_mcu_i/cpu_subsystem_i/cv32e40p_top_i/core_i/id_stage_i/alu_operand_b_ex_o_reg[2]/C (clocked by sys_clk_pin) and x_heep_system_i/core_v_mini_mcu_i/ao_peripheral_subsystem_i/obi_fifo_i/obi_req_fifo_i/mem_q_reg[0][wdata][10]/D (clocked by sys_clk_pin). Large setup violations at the end of those stages might be difficult to fix during the post-placement implementation flow and could be the result of non-optimal XDC constraints or non-optimal design architecture
Related violations: <none>

TIMING-16#27 Warning
Large setup violation  
There is a large setup violation of -10.930 ns between x_heep_system_i/core_v_mini_mcu_i/cpu_subsystem_i/cv32e40p_top_i/core_i/id_stage_i/alu_operand_b_ex_o_reg[2]/C (clocked by sys_clk_pin) and x_heep_system_i/core_v_mini_mcu_i/ao_peripheral_subsystem_i/obi_fifo_i/obi_req_fifo_i/mem_q_reg[0][addr][6]/D (clocked by sys_clk_pin). Large setup violations at the end of those stages might be difficult to fix during the post-placement implementation flow and could be the result of non-optimal XDC constraints or non-optimal design architecture
Related violations: <none>

TIMING-16#28 Warning
Large setup violation  
There is a large setup violation of -10.940 ns between x_heep_system_i/core_v_mini_mcu_i/cpu_subsystem_i/cv32e40p_top_i/core_i/id_stage_i/alu_operand_b_ex_o_reg[2]/C (clocked by sys_clk_pin) and x_heep_system_i/core_v_mini_mcu_i/ao_peripheral_subsystem_i/obi_fifo_i/obi_req_fifo_i/mem_q_reg[0][wdata][4]/D (clocked by sys_clk_pin). Large setup violations at the end of those stages might be difficult to fix during the post-placement implementation flow and could be the result of non-optimal XDC constraints or non-optimal design architecture
Related violations: <none>

TIMING-16#29 Warning
Large setup violation  
There is a large setup violation of -10.946 ns between x_heep_system_i/core_v_mini_mcu_i/cpu_subsystem_i/cv32e40p_top_i/core_i/id_stage_i/alu_operand_b_ex_o_reg[2]/C (clocked by sys_clk_pin) and x_heep_system_i/core_v_mini_mcu_i/ao_peripheral_subsystem_i/obi_fifo_i/obi_req_fifo_i/mem_q_reg[0][addr][5]/D (clocked by sys_clk_pin). Large setup violations at the end of those stages might be difficult to fix during the post-placement implementation flow and could be the result of non-optimal XDC constraints or non-optimal design architecture
Related violations: <none>

TIMING-16#30 Warning
Large setup violation  
There is a large setup violation of -10.960 ns between x_heep_system_i/core_v_mini_mcu_i/cpu_subsystem_i/cv32e40p_top_i/core_i/id_stage_i/alu_operand_b_ex_o_reg[2]/C (clocked by sys_clk_pin) and x_heep_system_i/core_v_mini_mcu_i/ao_peripheral_subsystem_i/obi_fifo_i/obi_req_fifo_i/mem_q_reg[0][addr][27]/D (clocked by sys_clk_pin). Large setup violations at the end of those stages might be difficult to fix during the post-placement implementation flow and could be the result of non-optimal XDC constraints or non-optimal design architecture
Related violations: <none>

TIMING-16#31 Warning
Large setup violation  
There is a large setup violation of -10.964 ns between x_heep_system_i/core_v_mini_mcu_i/cpu_subsystem_i/cv32e40p_top_i/core_i/id_stage_i/alu_operand_b_ex_o_reg[2]/C (clocked by sys_clk_pin) and x_heep_system_i/core_v_mini_mcu_i/ao_peripheral_subsystem_i/obi_fifo_i/obi_req_fifo_i/mem_q_reg[0][addr][11]/D (clocked by sys_clk_pin). Large setup violations at the end of those stages might be difficult to fix during the post-placement implementation flow and could be the result of non-optimal XDC constraints or non-optimal design architecture
Related violations: <none>

TIMING-16#32 Warning
Large setup violation  
There is a large setup violation of -10.987 ns between x_heep_system_i/core_v_mini_mcu_i/cpu_subsystem_i/cv32e40p_top_i/core_i/id_stage_i/alu_operand_b_ex_o_reg[2]/C (clocked by sys_clk_pin) and x_heep_system_i/core_v_mini_mcu_i/ao_peripheral_subsystem_i/obi_fifo_i/obi_req_fifo_i/mem_q_reg[0][addr][22]/D (clocked by sys_clk_pin). Large setup violations at the end of those stages might be difficult to fix during the post-placement implementation flow and could be the result of non-optimal XDC constraints or non-optimal design architecture
Related violations: <none>

TIMING-16#33 Warning
Large setup violation  
There is a large setup violation of -11.006 ns between x_heep_system_i/core_v_mini_mcu_i/cpu_subsystem_i/cv32e40p_top_i/core_i/id_stage_i/alu_operand_b_ex_o_reg[2]/C (clocked by sys_clk_pin) and x_heep_system_i/core_v_mini_mcu_i/ao_peripheral_subsystem_i/obi_fifo_i/obi_req_fifo_i/mem_q_reg[0][addr][3]/D (clocked by sys_clk_pin). Large setup violations at the end of those stages might be difficult to fix during the post-placement implementation flow and could be the result of non-optimal XDC constraints or non-optimal design architecture
Related violations: <none>

TIMING-16#34 Warning
Large setup violation  
There is a large setup violation of -11.006 ns between x_heep_system_i/core_v_mini_mcu_i/cpu_subsystem_i/cv32e40p_top_i/core_i/id_stage_i/alu_operand_b_ex_o_reg[2]/C (clocked by sys_clk_pin) and x_heep_system_i/core_v_mini_mcu_i/ao_peripheral_subsystem_i/obi_fifo_i/obi_req_fifo_i/mem_q_reg[0][wdata][1]/D (clocked by sys_clk_pin). Large setup violations at the end of those stages might be difficult to fix during the post-placement implementation flow and could be the result of non-optimal XDC constraints or non-optimal design architecture
Related violations: <none>

TIMING-16#35 Warning
Large setup violation  
There is a large setup violation of -11.021 ns between x_heep_system_i/core_v_mini_mcu_i/cpu_subsystem_i/cv32e40p_top_i/core_i/id_stage_i/alu_operand_b_ex_o_reg[2]/C (clocked by sys_clk_pin) and x_heep_system_i/core_v_mini_mcu_i/ao_peripheral_subsystem_i/obi_fifo_i/obi_req_fifo_i/mem_q_reg[0][wdata][8]/D (clocked by sys_clk_pin). Large setup violations at the end of those stages might be difficult to fix during the post-placement implementation flow and could be the result of non-optimal XDC constraints or non-optimal design architecture
Related violations: <none>

TIMING-16#36 Warning
Large setup violation  
There is a large setup violation of -11.024 ns between x_heep_system_i/core_v_mini_mcu_i/cpu_subsystem_i/cv32e40p_top_i/core_i/id_stage_i/alu_operand_b_ex_o_reg[2]/C (clocked by sys_clk_pin) and x_heep_system_i/core_v_mini_mcu_i/ao_peripheral_subsystem_i/obi_fifo_i/obi_req_fifo_i/mem_q_reg[0][wdata][15]/D (clocked by sys_clk_pin). Large setup violations at the end of those stages might be difficult to fix during the post-placement implementation flow and could be the result of non-optimal XDC constraints or non-optimal design architecture
Related violations: <none>

TIMING-16#37 Warning
Large setup violation  
There is a large setup violation of -11.028 ns between x_heep_system_i/core_v_mini_mcu_i/cpu_subsystem_i/cv32e40p_top_i/core_i/id_stage_i/alu_operand_b_ex_o_reg[2]/C (clocked by sys_clk_pin) and x_heep_system_i/core_v_mini_mcu_i/ao_peripheral_subsystem_i/obi_fifo_i/obi_req_fifo_i/mem_q_reg[0][wdata][24]/D (clocked by sys_clk_pin). Large setup violations at the end of those stages might be difficult to fix during the post-placement implementation flow and could be the result of non-optimal XDC constraints or non-optimal design architecture
Related violations: <none>

TIMING-16#38 Warning
Large setup violation  
There is a large setup violation of -11.035 ns between x_heep_system_i/core_v_mini_mcu_i/cpu_subsystem_i/cv32e40p_top_i/core_i/id_stage_i/alu_operand_b_ex_o_reg[2]/C (clocked by sys_clk_pin) and x_heep_system_i/core_v_mini_mcu_i/ao_peripheral_subsystem_i/obi_fifo_i/obi_req_fifo_i/mem_q_reg[0][addr][2]/D (clocked by sys_clk_pin). Large setup violations at the end of those stages might be difficult to fix during the post-placement implementation flow and could be the result of non-optimal XDC constraints or non-optimal design architecture
Related violations: <none>

TIMING-16#39 Warning
Large setup violation  
There is a large setup violation of -11.045 ns between x_heep_system_i/core_v_mini_mcu_i/cpu_subsystem_i/cv32e40p_top_i/core_i/id_stage_i/alu_operand_b_ex_o_reg[2]/C (clocked by sys_clk_pin) and x_heep_system_i/core_v_mini_mcu_i/ao_peripheral_subsystem_i/obi_fifo_i/obi_req_fifo_i/mem_q_reg[0][wdata][2]/D (clocked by sys_clk_pin). Large setup violations at the end of those stages might be difficult to fix during the post-placement implementation flow and could be the result of non-optimal XDC constraints or non-optimal design architecture
Related violations: <none>

TIMING-16#40 Warning
Large setup violation  
There is a large setup violation of -11.079 ns between x_heep_system_i/core_v_mini_mcu_i/cpu_subsystem_i/cv32e40p_top_i/core_i/id_stage_i/alu_operand_b_ex_o_reg[2]/C (clocked by sys_clk_pin) and x_heep_system_i/core_v_mini_mcu_i/ao_peripheral_subsystem_i/obi_fifo_i/obi_req_fifo_i/mem_q_reg[0][addr][28]/D (clocked by sys_clk_pin). Large setup violations at the end of those stages might be difficult to fix during the post-placement implementation flow and could be the result of non-optimal XDC constraints or non-optimal design architecture
Related violations: <none>

TIMING-16#41 Warning
Large setup violation  
There is a large setup violation of -11.081 ns between x_heep_system_i/core_v_mini_mcu_i/cpu_subsystem_i/cv32e40p_top_i/core_i/id_stage_i/alu_operand_b_ex_o_reg[2]/C (clocked by sys_clk_pin) and x_heep_system_i/core_v_mini_mcu_i/ao_peripheral_subsystem_i/obi_fifo_i/obi_req_fifo_i/mem_q_reg[0][addr][25]/D (clocked by sys_clk_pin). Large setup violations at the end of those stages might be difficult to fix during the post-placement implementation flow and could be the result of non-optimal XDC constraints or non-optimal design architecture
Related violations: <none>

TIMING-16#42 Warning
Large setup violation  
There is a large setup violation of -11.092 ns between x_heep_system_i/core_v_mini_mcu_i/cpu_subsystem_i/cv32e40p_top_i/core_i/id_stage_i/alu_operand_b_ex_o_reg[2]/C (clocked by sys_clk_pin) and x_heep_system_i/core_v_mini_mcu_i/ao_peripheral_subsystem_i/obi_fifo_i/obi_req_fifo_i/mem_q_reg[0][addr][29]/D (clocked by sys_clk_pin). Large setup violations at the end of those stages might be difficult to fix during the post-placement implementation flow and could be the result of non-optimal XDC constraints or non-optimal design architecture
Related violations: <none>

TIMING-16#43 Warning
Large setup violation  
There is a large setup violation of -11.109 ns between x_heep_system_i/core_v_mini_mcu_i/cpu_subsystem_i/cv32e40p_top_i/core_i/id_stage_i/alu_operand_b_ex_o_reg[2]/C (clocked by sys_clk_pin) and x_heep_system_i/core_v_mini_mcu_i/ao_peripheral_subsystem_i/obi_fifo_i/obi_req_fifo_i/mem_q_reg[0][addr][31]/D (clocked by sys_clk_pin). Large setup violations at the end of those stages might be difficult to fix during the post-placement implementation flow and could be the result of non-optimal XDC constraints or non-optimal design architecture
Related violations: <none>

TIMING-16#44 Warning
Large setup violation  
There is a large setup violation of -11.119 ns between x_heep_system_i/core_v_mini_mcu_i/cpu_subsystem_i/cv32e40p_top_i/core_i/id_stage_i/alu_operand_b_ex_o_reg[2]/C (clocked by sys_clk_pin) and x_heep_system_i/core_v_mini_mcu_i/ao_peripheral_subsystem_i/obi_fifo_i/obi_req_fifo_i/mem_q_reg[0][be][3]/D (clocked by sys_clk_pin). Large setup violations at the end of those stages might be difficult to fix during the post-placement implementation flow and could be the result of non-optimal XDC constraints or non-optimal design architecture
Related violations: <none>

TIMING-16#45 Warning
Large setup violation  
There is a large setup violation of -11.123 ns between x_heep_system_i/core_v_mini_mcu_i/cpu_subsystem_i/cv32e40p_top_i/core_i/id_stage_i/alu_operand_b_ex_o_reg[2]/C (clocked by sys_clk_pin) and x_heep_system_i/core_v_mini_mcu_i/ao_peripheral_subsystem_i/obi_fifo_i/obi_req_fifo_i/mem_q_reg[0][addr][12]/D (clocked by sys_clk_pin). Large setup violations at the end of those stages might be difficult to fix during the post-placement implementation flow and could be the result of non-optimal XDC constraints or non-optimal design architecture
Related violations: <none>

TIMING-16#46 Warning
Large setup violation  
There is a large setup violation of -11.153 ns between x_heep_system_i/core_v_mini_mcu_i/cpu_subsystem_i/cv32e40p_top_i/core_i/id_stage_i/alu_operand_b_ex_o_reg[2]/C (clocked by sys_clk_pin) and x_heep_system_i/core_v_mini_mcu_i/ao_peripheral_subsystem_i/obi_fifo_i/obi_req_fifo_i/mem_q_reg[0][wdata][12]/D (clocked by sys_clk_pin). Large setup violations at the end of those stages might be difficult to fix during the post-placement implementation flow and could be the result of non-optimal XDC constraints or non-optimal design architecture
Related violations: <none>

TIMING-16#47 Warning
Large setup violation  
There is a large setup violation of -11.155 ns between x_heep_system_i/core_v_mini_mcu_i/cpu_subsystem_i/cv32e40p_top_i/core_i/id_stage_i/alu_operand_b_ex_o_reg[2]/C (clocked by sys_clk_pin) and x_heep_system_i/core_v_mini_mcu_i/ao_peripheral_subsystem_i/obi_fifo_i/obi_req_fifo_i/mem_q_reg[0][addr][21]/D (clocked by sys_clk_pin). Large setup violations at the end of those stages might be difficult to fix during the post-placement implementation flow and could be the result of non-optimal XDC constraints or non-optimal design architecture
Related violations: <none>

TIMING-16#48 Warning
Large setup violation  
There is a large setup violation of -11.167 ns between x_heep_system_i/core_v_mini_mcu_i/cpu_subsystem_i/cv32e40p_top_i/core_i/id_stage_i/alu_operand_b_ex_o_reg[2]/C (clocked by sys_clk_pin) and x_heep_system_i/core_v_mini_mcu_i/ao_peripheral_subsystem_i/obi_fifo_i/obi_req_fifo_i/mem_q_reg[0][addr][18]/D (clocked by sys_clk_pin). Large setup violations at the end of those stages might be difficult to fix during the post-placement implementation flow and could be the result of non-optimal XDC constraints or non-optimal design architecture
Related violations: <none>

TIMING-16#49 Warning
Large setup violation  
There is a large setup violation of -11.180 ns between x_heep_system_i/core_v_mini_mcu_i/cpu_subsystem_i/cv32e40p_top_i/core_i/id_stage_i/alu_operand_b_ex_o_reg[2]/C (clocked by sys_clk_pin) and x_heep_system_i/core_v_mini_mcu_i/ao_peripheral_subsystem_i/obi_fifo_i/obi_req_fifo_i/mem_q_reg[0][addr][15]/D (clocked by sys_clk_pin). Large setup violations at the end of those stages might be difficult to fix during the post-placement implementation flow and could be the result of non-optimal XDC constraints or non-optimal design architecture
Related violations: <none>

TIMING-16#50 Warning
Large setup violation  
There is a large setup violation of -11.216 ns between x_heep_system_i/core_v_mini_mcu_i/cpu_subsystem_i/cv32e40p_top_i/core_i/id_stage_i/alu_operand_b_ex_o_reg[2]/C (clocked by sys_clk_pin) and x_heep_system_i/core_v_mini_mcu_i/ao_peripheral_subsystem_i/obi_fifo_i/obi_req_fifo_i/mem_q_reg[0][addr][24]/D (clocked by sys_clk_pin). Large setup violations at the end of those stages might be difficult to fix during the post-placement implementation flow and could be the result of non-optimal XDC constraints or non-optimal design architecture
Related violations: <none>

TIMING-16#51 Warning
Large setup violation  
There is a large setup violation of -11.218 ns between x_heep_system_i/core_v_mini_mcu_i/cpu_subsystem_i/cv32e40p_top_i/core_i/id_stage_i/alu_operand_b_ex_o_reg[2]/C (clocked by sys_clk_pin) and x_heep_system_i/core_v_mini_mcu_i/ao_peripheral_subsystem_i/obi_fifo_i/obi_req_fifo_i/mem_q_reg[0][addr][14]/D (clocked by sys_clk_pin). Large setup violations at the end of those stages might be difficult to fix during the post-placement implementation flow and could be the result of non-optimal XDC constraints or non-optimal design architecture
Related violations: <none>

TIMING-16#52 Warning
Large setup violation  
There is a large setup violation of -11.218 ns between x_heep_system_i/core_v_mini_mcu_i/cpu_subsystem_i/cv32e40p_top_i/core_i/id_stage_i/alu_operand_b_ex_o_reg[2]/C (clocked by sys_clk_pin) and x_heep_system_i/core_v_mini_mcu_i/ao_peripheral_subsystem_i/obi_fifo_i/obi_req_fifo_i/mem_q_reg[0][addr][4]/D (clocked by sys_clk_pin). Large setup violations at the end of those stages might be difficult to fix during the post-placement implementation flow and could be the result of non-optimal XDC constraints or non-optimal design architecture
Related violations: <none>

TIMING-16#53 Warning
Large setup violation  
There is a large setup violation of -11.223 ns between x_heep_system_i/core_v_mini_mcu_i/cpu_subsystem_i/cv32e40p_top_i/core_i/id_stage_i/alu_operand_b_ex_o_reg[2]/C (clocked by sys_clk_pin) and x_heep_system_i/core_v_mini_mcu_i/ao_peripheral_subsystem_i/obi_fifo_i/obi_req_fifo_i/mem_q_reg[0][wdata][9]/D (clocked by sys_clk_pin). Large setup violations at the end of those stages might be difficult to fix during the post-placement implementation flow and could be the result of non-optimal XDC constraints or non-optimal design architecture
Related violations: <none>

TIMING-16#54 Warning
Large setup violation  
There is a large setup violation of -11.236 ns between x_heep_system_i/core_v_mini_mcu_i/cpu_subsystem_i/cv32e40p_top_i/core_i/id_stage_i/alu_operand_b_ex_o_reg[2]/C (clocked by sys_clk_pin) and x_heep_system_i/core_v_mini_mcu_i/ao_peripheral_subsystem_i/obi_fifo_i/obi_req_fifo_i/mem_q_reg[0][wdata][13]/D (clocked by sys_clk_pin). Large setup violations at the end of those stages might be difficult to fix during the post-placement implementation flow and could be the result of non-optimal XDC constraints or non-optimal design architecture
Related violations: <none>

TIMING-16#55 Warning
Large setup violation  
There is a large setup violation of -11.247 ns between x_heep_system_i/core_v_mini_mcu_i/cpu_subsystem_i/cv32e40p_top_i/core_i/id_stage_i/alu_operand_b_ex_o_reg[2]/C (clocked by sys_clk_pin) and x_heep_system_i/core_v_mini_mcu_i/ao_peripheral_subsystem_i/obi_fifo_i/obi_req_fifo_i/mem_q_reg[0][wdata][14]/D (clocked by sys_clk_pin). Large setup violations at the end of those stages might be difficult to fix during the post-placement implementation flow and could be the result of non-optimal XDC constraints or non-optimal design architecture
Related violations: <none>

TIMING-16#56 Warning
Large setup violation  
There is a large setup violation of -11.249 ns between x_heep_system_i/core_v_mini_mcu_i/cpu_subsystem_i/cv32e40p_top_i/core_i/id_stage_i/alu_operand_b_ex_o_reg[2]/C (clocked by sys_clk_pin) and x_heep_system_i/core_v_mini_mcu_i/ao_peripheral_subsystem_i/obi_fifo_i/obi_req_fifo_i/mem_q_reg[0][addr][23]/D (clocked by sys_clk_pin). Large setup violations at the end of those stages might be difficult to fix during the post-placement implementation flow and could be the result of non-optimal XDC constraints or non-optimal design architecture
Related violations: <none>

TIMING-16#57 Warning
Large setup violation  
There is a large setup violation of -11.267 ns between x_heep_system_i/core_v_mini_mcu_i/cpu_subsystem_i/cv32e40p_top_i/core_i/id_stage_i/alu_operand_b_ex_o_reg[2]/C (clocked by sys_clk_pin) and x_heep_system_i/core_v_mini_mcu_i/ao_peripheral_subsystem_i/obi_fifo_i/obi_req_fifo_i/mem_q_reg[0][addr][20]/D (clocked by sys_clk_pin). Large setup violations at the end of those stages might be difficult to fix during the post-placement implementation flow and could be the result of non-optimal XDC constraints or non-optimal design architecture
Related violations: <none>

TIMING-16#58 Warning
Large setup violation  
There is a large setup violation of -11.270 ns between x_heep_system_i/core_v_mini_mcu_i/cpu_subsystem_i/cv32e40p_top_i/core_i/id_stage_i/alu_operand_b_ex_o_reg[2]/C (clocked by sys_clk_pin) and x_heep_system_i/core_v_mini_mcu_i/ao_peripheral_subsystem_i/obi_fifo_i/obi_req_fifo_i/mem_q_reg[0][addr][30]/D (clocked by sys_clk_pin). Large setup violations at the end of those stages might be difficult to fix during the post-placement implementation flow and could be the result of non-optimal XDC constraints or non-optimal design architecture
Related violations: <none>

TIMING-16#59 Warning
Large setup violation  
There is a large setup violation of -11.306 ns between x_heep_system_i/core_v_mini_mcu_i/cpu_subsystem_i/cv32e40p_top_i/core_i/id_stage_i/alu_operand_b_ex_o_reg[2]/C (clocked by sys_clk_pin) and x_heep_system_i/core_v_mini_mcu_i/ao_peripheral_subsystem_i/obi_fifo_i/obi_req_fifo_i/mem_q_reg[0][wdata][5]/D (clocked by sys_clk_pin). Large setup violations at the end of those stages might be difficult to fix during the post-placement implementation flow and could be the result of non-optimal XDC constraints or non-optimal design architecture
Related violations: <none>

TIMING-16#60 Warning
Large setup violation  
There is a large setup violation of -11.316 ns between x_heep_system_i/core_v_mini_mcu_i/cpu_subsystem_i/cv32e40p_top_i/core_i/id_stage_i/alu_operand_b_ex_o_reg[2]/C (clocked by sys_clk_pin) and x_heep_system_i/core_v_mini_mcu_i/ao_peripheral_subsystem_i/obi_fifo_i/obi_req_fifo_i/mem_q_reg[0][be][2]/D (clocked by sys_clk_pin). Large setup violations at the end of those stages might be difficult to fix during the post-placement implementation flow and could be the result of non-optimal XDC constraints or non-optimal design architecture
Related violations: <none>

TIMING-16#61 Warning
Large setup violation  
There is a large setup violation of -11.335 ns between x_heep_system_i/core_v_mini_mcu_i/cpu_subsystem_i/cv32e40p_top_i/core_i/id_stage_i/alu_operand_b_ex_o_reg[2]/C (clocked by sys_clk_pin) and x_heep_system_i/core_v_mini_mcu_i/ao_peripheral_subsystem_i/obi_fifo_i/obi_req_fifo_i/mem_q_reg[0][wdata][27]/D (clocked by sys_clk_pin). Large setup violations at the end of those stages might be difficult to fix during the post-placement implementation flow and could be the result of non-optimal XDC constraints or non-optimal design architecture
Related violations: <none>

TIMING-16#62 Warning
Large setup violation  
There is a large setup violation of -11.336 ns between x_heep_system_i/core_v_mini_mcu_i/cpu_subsystem_i/cv32e40p_top_i/core_i/id_stage_i/alu_operand_b_ex_o_reg[2]/C (clocked by sys_clk_pin) and x_heep_system_i/core_v_mini_mcu_i/ao_peripheral_subsystem_i/obi_fifo_i/obi_req_fifo_i/mem_q_reg[0][wdata][3]/D (clocked by sys_clk_pin). Large setup violations at the end of those stages might be difficult to fix during the post-placement implementation flow and could be the result of non-optimal XDC constraints or non-optimal design architecture
Related violations: <none>

TIMING-16#63 Warning
Large setup violation  
There is a large setup violation of -11.342 ns between x_heep_system_i/core_v_mini_mcu_i/cpu_subsystem_i/cv32e40p_top_i/core_i/id_stage_i/alu_operand_b_ex_o_reg[2]/C (clocked by sys_clk_pin) and x_heep_system_i/core_v_mini_mcu_i/ao_peripheral_subsystem_i/obi_fifo_i/obi_req_fifo_i/mem_q_reg[0][wdata][25]/D (clocked by sys_clk_pin). Large setup violations at the end of those stages might be difficult to fix during the post-placement implementation flow and could be the result of non-optimal XDC constraints or non-optimal design architecture
Related violations: <none>

TIMING-16#64 Warning
Large setup violation  
There is a large setup violation of -11.349 ns between x_heep_system_i/core_v_mini_mcu_i/cpu_subsystem_i/cv32e40p_top_i/core_i/id_stage_i/alu_operand_b_ex_o_reg[2]/C (clocked by sys_clk_pin) and x_heep_system_i/core_v_mini_mcu_i/ao_peripheral_subsystem_i/obi_fifo_i/obi_req_fifo_i/mem_q_reg[0][wdata][30]/D (clocked by sys_clk_pin). Large setup violations at the end of those stages might be difficult to fix during the post-placement implementation flow and could be the result of non-optimal XDC constraints or non-optimal design architecture
Related violations: <none>

TIMING-16#65 Warning
Large setup violation  
There is a large setup violation of -11.357 ns between x_heep_system_i/core_v_mini_mcu_i/cpu_subsystem_i/cv32e40p_top_i/core_i/id_stage_i/alu_operand_b_ex_o_reg[2]/C (clocked by sys_clk_pin) and x_heep_system_i/core_v_mini_mcu_i/ao_peripheral_subsystem_i/obi_fifo_i/obi_req_fifo_i/mem_q_reg[0][wdata][11]/D (clocked by sys_clk_pin). Large setup violations at the end of those stages might be difficult to fix during the post-placement implementation flow and could be the result of non-optimal XDC constraints or non-optimal design architecture
Related violations: <none>

TIMING-16#66 Warning
Large setup violation  
There is a large setup violation of -11.358 ns between x_heep_system_i/core_v_mini_mcu_i/cpu_subsystem_i/cv32e40p_top_i/core_i/id_stage_i/alu_operand_b_ex_o_reg[2]/C (clocked by sys_clk_pin) and x_heep_system_i/core_v_mini_mcu_i/ao_peripheral_subsystem_i/obi_fifo_i/obi_req_fifo_i/mem_q_reg[0][be][1]/D (clocked by sys_clk_pin). Large setup violations at the end of those stages might be difficult to fix during the post-placement implementation flow and could be the result of non-optimal XDC constraints or non-optimal design architecture
Related violations: <none>

TIMING-16#67 Warning
Large setup violation  
There is a large setup violation of -11.363 ns between x_heep_system_i/core_v_mini_mcu_i/cpu_subsystem_i/cv32e40p_top_i/core_i/id_stage_i/alu_operand_b_ex_o_reg[2]/C (clocked by sys_clk_pin) and x_heep_system_i/core_v_mini_mcu_i/ao_peripheral_subsystem_i/obi_fifo_i/obi_req_fifo_i/mem_q_reg[0][addr][19]/D (clocked by sys_clk_pin). Large setup violations at the end of those stages might be difficult to fix during the post-placement implementation flow and could be the result of non-optimal XDC constraints or non-optimal design architecture
Related violations: <none>

TIMING-16#68 Warning
Large setup violation  
There is a large setup violation of -11.367 ns between x_heep_system_i/core_v_mini_mcu_i/cpu_subsystem_i/cv32e40p_top_i/core_i/id_stage_i/alu_operand_b_ex_o_reg[2]/C (clocked by sys_clk_pin) and x_heep_system_i/core_v_mini_mcu_i/ao_peripheral_subsystem_i/obi_fifo_i/obi_req_fifo_i/mem_q_reg[0][we]/D (clocked by sys_clk_pin). Large setup violations at the end of those stages might be difficult to fix during the post-placement implementation flow and could be the result of non-optimal XDC constraints or non-optimal design architecture
Related violations: <none>

TIMING-16#69 Warning
Large setup violation  
There is a large setup violation of -11.428 ns between x_heep_system_i/core_v_mini_mcu_i/cpu_subsystem_i/cv32e40p_top_i/core_i/id_stage_i/alu_operand_b_ex_o_reg[2]/C (clocked by sys_clk_pin) and x_heep_system_i/core_v_mini_mcu_i/ao_peripheral_subsystem_i/obi_fifo_i/obi_req_fifo_i/mem_q_reg[0][wdata][16]/D (clocked by sys_clk_pin). Large setup violations at the end of those stages might be difficult to fix during the post-placement implementation flow and could be the result of non-optimal XDC constraints or non-optimal design architecture
Related violations: <none>

TIMING-16#70 Warning
Large setup violation  
There is a large setup violation of -11.445 ns between x_heep_system_i/core_v_mini_mcu_i/cpu_subsystem_i/cv32e40p_top_i/core_i/id_stage_i/alu_operand_b_ex_o_reg[2]/C (clocked by sys_clk_pin) and x_heep_system_i/core_v_mini_mcu_i/ao_peripheral_subsystem_i/obi_fifo_i/obi_req_fifo_i/mem_q_reg[0][wdata][7]/D (clocked by sys_clk_pin). Large setup violations at the end of those stages might be difficult to fix during the post-placement implementation flow and could be the result of non-optimal XDC constraints or non-optimal design architecture
Related violations: <none>

TIMING-16#71 Warning
Large setup violation  
There is a large setup violation of -11.454 ns between x_heep_system_i/core_v_mini_mcu_i/cpu_subsystem_i/cv32e40p_top_i/core_i/id_stage_i/alu_operand_b_ex_o_reg[2]/C (clocked by sys_clk_pin) and x_heep_system_i/core_v_mini_mcu_i/ao_peripheral_subsystem_i/obi_fifo_i/obi_req_fifo_i/mem_q_reg[0][wdata][29]/D (clocked by sys_clk_pin). Large setup violations at the end of those stages might be difficult to fix during the post-placement implementation flow and could be the result of non-optimal XDC constraints or non-optimal design architecture
Related violations: <none>

TIMING-16#72 Warning
Large setup violation  
There is a large setup violation of -11.468 ns between x_heep_system_i/core_v_mini_mcu_i/cpu_subsystem_i/cv32e40p_top_i/core_i/id_stage_i/alu_operand_b_ex_o_reg[2]/C (clocked by sys_clk_pin) and x_heep_system_i/core_v_mini_mcu_i/ao_peripheral_subsystem_i/obi_fifo_i/obi_req_fifo_i/mem_q_reg[0][wdata][0]/D (clocked by sys_clk_pin). Large setup violations at the end of those stages might be difficult to fix during the post-placement implementation flow and could be the result of non-optimal XDC constraints or non-optimal design architecture
Related violations: <none>

TIMING-16#73 Warning
Large setup violation  
There is a large setup violation of -11.473 ns between x_heep_system_i/core_v_mini_mcu_i/cpu_subsystem_i/cv32e40p_top_i/core_i/id_stage_i/alu_operand_b_ex_o_reg[2]/C (clocked by sys_clk_pin) and x_heep_system_i/core_v_mini_mcu_i/ao_peripheral_subsystem_i/obi_fifo_i/obi_req_fifo_i/mem_q_reg[0][wdata][20]/D (clocked by sys_clk_pin). Large setup violations at the end of those stages might be difficult to fix during the post-placement implementation flow and could be the result of non-optimal XDC constraints or non-optimal design architecture
Related violations: <none>

TIMING-16#74 Warning
Large setup violation  
There is a large setup violation of -11.479 ns between x_heep_system_i/core_v_mini_mcu_i/cpu_subsystem_i/cv32e40p_top_i/core_i/id_stage_i/alu_operand_b_ex_o_reg[2]/C (clocked by sys_clk_pin) and x_heep_system_i/core_v_mini_mcu_i/ao_peripheral_subsystem_i/obi_fifo_i/obi_req_fifo_i/mem_q_reg[0][wdata][21]/D (clocked by sys_clk_pin). Large setup violations at the end of those stages might be difficult to fix during the post-placement implementation flow and could be the result of non-optimal XDC constraints or non-optimal design architecture
Related violations: <none>

TIMING-16#75 Warning
Large setup violation  
There is a large setup violation of -11.516 ns between x_heep_system_i/core_v_mini_mcu_i/cpu_subsystem_i/cv32e40p_top_i/core_i/id_stage_i/alu_operand_b_ex_o_reg[2]/C (clocked by sys_clk_pin) and x_heep_system_i/core_v_mini_mcu_i/ao_peripheral_subsystem_i/obi_fifo_i/obi_req_fifo_i/mem_q_reg[0][wdata][31]/D (clocked by sys_clk_pin). Large setup violations at the end of those stages might be difficult to fix during the post-placement implementation flow and could be the result of non-optimal XDC constraints or non-optimal design architecture
Related violations: <none>

TIMING-16#76 Warning
Large setup violation  
There is a large setup violation of -11.555 ns between x_heep_system_i/core_v_mini_mcu_i/cpu_subsystem_i/cv32e40p_top_i/core_i/id_stage_i/alu_operand_b_ex_o_reg[2]/C (clocked by sys_clk_pin) and x_heep_system_i/core_v_mini_mcu_i/ao_peripheral_subsystem_i/obi_fifo_i/obi_req_fifo_i/mem_q_reg[0][addr][13]/D (clocked by sys_clk_pin). Large setup violations at the end of those stages might be difficult to fix during the post-placement implementation flow and could be the result of non-optimal XDC constraints or non-optimal design architecture
Related violations: <none>

TIMING-16#77 Warning
Large setup violation  
There is a large setup violation of -11.601 ns between x_heep_system_i/core_v_mini_mcu_i/cpu_subsystem_i/cv32e40p_top_i/core_i/id_stage_i/alu_operand_b_ex_o_reg[2]/C (clocked by sys_clk_pin) and x_heep_system_i/core_v_mini_mcu_i/ao_peripheral_subsystem_i/obi_fifo_i/obi_req_fifo_i/mem_q_reg[0][wdata][28]/D (clocked by sys_clk_pin). Large setup violations at the end of those stages might be difficult to fix during the post-placement implementation flow and could be the result of non-optimal XDC constraints or non-optimal design architecture
Related violations: <none>

TIMING-16#78 Warning
Large setup violation  
There is a large setup violation of -11.620 ns between x_heep_system_i/core_v_mini_mcu_i/cpu_subsystem_i/cv32e40p_top_i/core_i/id_stage_i/alu_operand_b_ex_o_reg[2]/C (clocked by sys_clk_pin) and x_heep_system_i/core_v_mini_mcu_i/ao_peripheral_subsystem_i/obi_fifo_i/obi_req_fifo_i/mem_q_reg[0][wdata][18]/D (clocked by sys_clk_pin). Large setup violations at the end of those stages might be difficult to fix during the post-placement implementation flow and could be the result of non-optimal XDC constraints or non-optimal design architecture
Related violations: <none>

TIMING-16#79 Warning
Large setup violation  
There is a large setup violation of -11.632 ns between x_heep_system_i/core_v_mini_mcu_i/cpu_subsystem_i/cv32e40p_top_i/core_i/id_stage_i/alu_operand_b_ex_o_reg[2]/C (clocked by sys_clk_pin) and x_heep_system_i/core_v_mini_mcu_i/ao_peripheral_subsystem_i/obi_fifo_i/obi_req_fifo_i/mem_q_reg[0][wdata][6]/D (clocked by sys_clk_pin). Large setup violations at the end of those stages might be difficult to fix during the post-placement implementation flow and could be the result of non-optimal XDC constraints or non-optimal design architecture
Related violations: <none>

TIMING-16#80 Warning
Large setup violation  
There is a large setup violation of -11.665 ns between x_heep_system_i/core_v_mini_mcu_i/cpu_subsystem_i/cv32e40p_top_i/core_i/id_stage_i/alu_operand_b_ex_o_reg[2]/C (clocked by sys_clk_pin) and x_heep_system_i/core_v_mini_mcu_i/ao_peripheral_subsystem_i/obi_fifo_i/obi_req_fifo_i/mem_q_reg[0][wdata][17]/D (clocked by sys_clk_pin). Large setup violations at the end of those stages might be difficult to fix during the post-placement implementation flow and could be the result of non-optimal XDC constraints or non-optimal design architecture
Related violations: <none>

TIMING-16#81 Warning
Large setup violation  
There is a large setup violation of -11.720 ns between x_heep_system_i/core_v_mini_mcu_i/cpu_subsystem_i/cv32e40p_top_i/core_i/id_stage_i/alu_operand_b_ex_o_reg[2]/C (clocked by sys_clk_pin) and x_heep_system_i/core_v_mini_mcu_i/ao_peripheral_subsystem_i/obi_fifo_i/obi_req_fifo_i/mem_q_reg[0][addr][16]/D (clocked by sys_clk_pin). Large setup violations at the end of those stages might be difficult to fix during the post-placement implementation flow and could be the result of non-optimal XDC constraints or non-optimal design architecture
Related violations: <none>

TIMING-16#82 Warning
Large setup violation  
There is a large setup violation of -11.729 ns between x_heep_system_i/core_v_mini_mcu_i/cpu_subsystem_i/cv32e40p_top_i/core_i/id_stage_i/alu_operand_b_ex_o_reg[2]/C (clocked by sys_clk_pin) and x_heep_system_i/core_v_mini_mcu_i/ao_peripheral_subsystem_i/obi_fifo_i/obi_req_fifo_i/mem_q_reg[0][wdata][26]/D (clocked by sys_clk_pin). Large setup violations at the end of those stages might be difficult to fix during the post-placement implementation flow and could be the result of non-optimal XDC constraints or non-optimal design architecture
Related violations: <none>

TIMING-16#83 Warning
Large setup violation  
There is a large setup violation of -11.775 ns between x_heep_system_i/core_v_mini_mcu_i/cpu_subsystem_i/cv32e40p_top_i/core_i/id_stage_i/alu_operand_b_ex_o_reg[2]/C (clocked by sys_clk_pin) and x_heep_system_i/core_v_mini_mcu_i/ao_peripheral_subsystem_i/obi_fifo_i/obi_req_fifo_i/mem_q_reg[0][wdata][22]/D (clocked by sys_clk_pin). Large setup violations at the end of those stages might be difficult to fix during the post-placement implementation flow and could be the result of non-optimal XDC constraints or non-optimal design architecture
Related violations: <none>

TIMING-16#84 Warning
Large setup violation  
There is a large setup violation of -11.934 ns between x_heep_system_i/core_v_mini_mcu_i/cpu_subsystem_i/cv32e40p_top_i/core_i/id_stage_i/alu_operand_b_ex_o_reg[2]/C (clocked by sys_clk_pin) and x_heep_system_i/core_v_mini_mcu_i/ao_peripheral_subsystem_i/obi_fifo_i/obi_req_fifo_i/mem_q_reg[0][wdata][23]/D (clocked by sys_clk_pin). Large setup violations at the end of those stages might be difficult to fix during the post-placement implementation flow and could be the result of non-optimal XDC constraints or non-optimal design architecture
Related violations: <none>

TIMING-16#85 Warning
Large setup violation  
There is a large setup violation of -11.965 ns between x_heep_system_i/core_v_mini_mcu_i/cpu_subsystem_i/cv32e40p_top_i/core_i/id_stage_i/alu_operand_b_ex_o_reg[2]/C (clocked by sys_clk_pin) and x_heep_system_i/core_v_mini_mcu_i/ao_peripheral_subsystem_i/obi_fifo_i/obi_req_fifo_i/mem_q_reg[0][wdata][19]/D (clocked by sys_clk_pin). Large setup violations at the end of those stages might be difficult to fix during the post-placement implementation flow and could be the result of non-optimal XDC constraints or non-optimal design architecture
Related violations: <none>

TIMING-16#86 Warning
Large setup violation  
There is a large setup violation of -15.997 ns between x_heep_system_i/core_v_mini_mcu_i/cpu_subsystem_i/cv32e40p_top_i/core_i/id_stage_i/alu_operand_b_ex_o_reg[2]/C (clocked by sys_clk_pin) and x_heep_system_i/core_v_mini_mcu_i/ao_peripheral_subsystem_i/obi_fifo_i/obi_req_fifo_i/status_cnt_q_reg[0]/D (clocked by sys_clk_pin). Large setup violations at the end of those stages might be difficult to fix during the post-placement implementation flow and could be the result of non-optimal XDC constraints or non-optimal design architecture
Related violations: <none>

TIMING-16#87 Warning
Large setup violation  
There is a large setup violation of -16.524 ns between x_heep_system_i/core_v_mini_mcu_i/cpu_subsystem_i/cv32e40p_top_i/core_i/id_stage_i/alu_operand_b_ex_o_reg[2]/C (clocked by sys_clk_pin) and x_heep_system_i/core_v_mini_mcu_i/ao_peripheral_subsystem_i/obi_fifo_i/obi_req_fifo_i/mem_q_reg[0][addr][17]/CE (clocked by sys_clk_pin). Large setup violations at the end of those stages might be difficult to fix during the post-placement implementation flow and could be the result of non-optimal XDC constraints or non-optimal design architecture
Related violations: <none>

TIMING-16#88 Warning
Large setup violation  
There is a large setup violation of -16.524 ns between x_heep_system_i/core_v_mini_mcu_i/cpu_subsystem_i/cv32e40p_top_i/core_i/id_stage_i/alu_operand_b_ex_o_reg[2]/C (clocked by sys_clk_pin) and x_heep_system_i/core_v_mini_mcu_i/ao_peripheral_subsystem_i/obi_fifo_i/obi_req_fifo_i/mem_q_reg[0][addr][22]/CE (clocked by sys_clk_pin). Large setup violations at the end of those stages might be difficult to fix during the post-placement implementation flow and could be the result of non-optimal XDC constraints or non-optimal design architecture
Related violations: <none>

TIMING-16#89 Warning
Large setup violation  
There is a large setup violation of -16.524 ns between x_heep_system_i/core_v_mini_mcu_i/cpu_subsystem_i/cv32e40p_top_i/core_i/id_stage_i/alu_operand_b_ex_o_reg[2]/C (clocked by sys_clk_pin) and x_heep_system_i/core_v_mini_mcu_i/ao_peripheral_subsystem_i/obi_fifo_i/obi_req_fifo_i/mem_q_reg[0][addr][24]/CE (clocked by sys_clk_pin). Large setup violations at the end of those stages might be difficult to fix during the post-placement implementation flow and could be the result of non-optimal XDC constraints or non-optimal design architecture
Related violations: <none>

TIMING-16#90 Warning
Large setup violation  
There is a large setup violation of -16.524 ns between x_heep_system_i/core_v_mini_mcu_i/cpu_subsystem_i/cv32e40p_top_i/core_i/id_stage_i/alu_operand_b_ex_o_reg[2]/C (clocked by sys_clk_pin) and x_heep_system_i/core_v_mini_mcu_i/ao_peripheral_subsystem_i/obi_fifo_i/obi_req_fifo_i/mem_q_reg[0][addr][30]/CE (clocked by sys_clk_pin). Large setup violations at the end of those stages might be difficult to fix during the post-placement implementation flow and could be the result of non-optimal XDC constraints or non-optimal design architecture
Related violations: <none>

TIMING-16#91 Warning
Large setup violation  
There is a large setup violation of -16.524 ns between x_heep_system_i/core_v_mini_mcu_i/cpu_subsystem_i/cv32e40p_top_i/core_i/id_stage_i/alu_operand_b_ex_o_reg[2]/C (clocked by sys_clk_pin) and x_heep_system_i/core_v_mini_mcu_i/ao_peripheral_subsystem_i/obi_fifo_i/obi_req_fifo_i/mem_q_reg[0][addr][31]/CE (clocked by sys_clk_pin). Large setup violations at the end of those stages might be difficult to fix during the post-placement implementation flow and could be the result of non-optimal XDC constraints or non-optimal design architecture
Related violations: <none>

TIMING-16#92 Warning
Large setup violation  
There is a large setup violation of -16.545 ns between x_heep_system_i/core_v_mini_mcu_i/cpu_subsystem_i/cv32e40p_top_i/core_i/id_stage_i/alu_operand_b_ex_o_reg[2]/C (clocked by sys_clk_pin) and x_heep_system_i/core_v_mini_mcu_i/ao_peripheral_subsystem_i/obi_fifo_i/producer_state_q_reg/D (clocked by sys_clk_pin). Large setup violations at the end of those stages might be difficult to fix during the post-placement implementation flow and could be the result of non-optimal XDC constraints or non-optimal design architecture
Related violations: <none>

TIMING-16#93 Warning
Large setup violation  
There is a large setup violation of -16.637 ns between x_heep_system_i/core_v_mini_mcu_i/cpu_subsystem_i/cv32e40p_top_i/core_i/id_stage_i/alu_operand_b_ex_o_reg[2]/C (clocked by sys_clk_pin) and x_heep_system_i/core_v_mini_mcu_i/ao_peripheral_subsystem_i/obi_fifo_i/obi_req_fifo_i/mem_q_reg[0][addr][2]/CE (clocked by sys_clk_pin). Large setup violations at the end of those stages might be difficult to fix during the post-placement implementation flow and could be the result of non-optimal XDC constraints or non-optimal design architecture
Related violations: <none>

TIMING-16#94 Warning
Large setup violation  
There is a large setup violation of -16.637 ns between x_heep_system_i/core_v_mini_mcu_i/cpu_subsystem_i/cv32e40p_top_i/core_i/id_stage_i/alu_operand_b_ex_o_reg[2]/C (clocked by sys_clk_pin) and x_heep_system_i/core_v_mini_mcu_i/ao_peripheral_subsystem_i/obi_fifo_i/obi_req_fifo_i/mem_q_reg[0][addr][5]/CE (clocked by sys_clk_pin). Large setup violations at the end of those stages might be difficult to fix during the post-placement implementation flow and could be the result of non-optimal XDC constraints or non-optimal design architecture
Related violations: <none>

TIMING-16#95 Warning
Large setup violation  
There is a large setup violation of -16.637 ns between x_heep_system_i/core_v_mini_mcu_i/cpu_subsystem_i/cv32e40p_top_i/core_i/id_stage_i/alu_operand_b_ex_o_reg[2]/C (clocked by sys_clk_pin) and x_heep_system_i/core_v_mini_mcu_i/ao_peripheral_subsystem_i/obi_fifo_i/obi_req_fifo_i/mem_q_reg[0][wdata][6]/CE (clocked by sys_clk_pin). Large setup violations at the end of those stages might be difficult to fix during the post-placement implementation flow and could be the result of non-optimal XDC constraints or non-optimal design architecture
Related violations: <none>

TIMING-16#96 Warning
Large setup violation  
There is a large setup violation of -16.664 ns between x_heep_system_i/core_v_mini_mcu_i/cpu_subsystem_i/cv32e40p_top_i/core_i/id_stage_i/alu_operand_b_ex_o_reg[2]/C (clocked by sys_clk_pin) and x_heep_system_i/core_v_mini_mcu_i/ao_peripheral_subsystem_i/obi_fifo_i/obi_req_fifo_i/mem_q_reg[0][addr][15]/CE (clocked by sys_clk_pin). Large setup violations at the end of those stages might be difficult to fix during the post-placement implementation flow and could be the result of non-optimal XDC constraints or non-optimal design architecture
Related violations: <none>

TIMING-16#97 Warning
Large setup violation  
There is a large setup violation of -16.664 ns between x_heep_system_i/core_v_mini_mcu_i/cpu_subsystem_i/cv32e40p_top_i/core_i/id_stage_i/alu_operand_b_ex_o_reg[2]/C (clocked by sys_clk_pin) and x_heep_system_i/core_v_mini_mcu_i/ao_peripheral_subsystem_i/obi_fifo_i/obi_req_fifo_i/mem_q_reg[0][addr][18]/CE (clocked by sys_clk_pin). Large setup violations at the end of those stages might be difficult to fix during the post-placement implementation flow and could be the result of non-optimal XDC constraints or non-optimal design architecture
Related violations: <none>

TIMING-16#98 Warning
Large setup violation  
There is a large setup violation of -16.664 ns between x_heep_system_i/core_v_mini_mcu_i/cpu_subsystem_i/cv32e40p_top_i/core_i/id_stage_i/alu_operand_b_ex_o_reg[2]/C (clocked by sys_clk_pin) and x_heep_system_i/core_v_mini_mcu_i/ao_peripheral_subsystem_i/obi_fifo_i/obi_req_fifo_i/mem_q_reg[0][addr][26]/CE (clocked by sys_clk_pin). Large setup violations at the end of those stages might be difficult to fix during the post-placement implementation flow and could be the result of non-optimal XDC constraints or non-optimal design architecture
Related violations: <none>

TIMING-16#99 Warning
Large setup violation  
There is a large setup violation of -16.664 ns between x_heep_system_i/core_v_mini_mcu_i/cpu_subsystem_i/cv32e40p_top_i/core_i/id_stage_i/alu_operand_b_ex_o_reg[2]/C (clocked by sys_clk_pin) and x_heep_system_i/core_v_mini_mcu_i/ao_peripheral_subsystem_i/obi_fifo_i/obi_req_fifo_i/mem_q_reg[0][wdata][0]/CE (clocked by sys_clk_pin). Large setup violations at the end of those stages might be difficult to fix during the post-placement implementation flow and could be the result of non-optimal XDC constraints or non-optimal design architecture
Related violations: <none>

TIMING-16#100 Warning
Large setup violation  
There is a large setup violation of -16.687 ns between x_heep_system_i/core_v_mini_mcu_i/cpu_subsystem_i/cv32e40p_top_i/core_i/id_stage_i/alu_operand_b_ex_o_reg[2]/C (clocked by sys_clk_pin) and x_heep_system_i/core_v_mini_mcu_i/ao_peripheral_subsystem_i/obi_fifo_i/obi_req_fifo_i/mem_q_reg[0][addr][28]/CE (clocked by sys_clk_pin). Large setup violations at the end of those stages might be difficult to fix during the post-placement implementation flow and could be the result of non-optimal XDC constraints or non-optimal design architecture
Related violations: <none>

TIMING-16#101 Warning
Large setup violation  
There is a large setup violation of -16.704 ns between x_heep_system_i/core_v_mini_mcu_i/cpu_subsystem_i/cv32e40p_top_i/core_i/id_stage_i/alu_operand_b_ex_o_reg[2]/C (clocked by sys_clk_pin) and x_heep_system_i/core_v_mini_mcu_i/ao_peripheral_subsystem_i/obi_fifo_i/obi_req_fifo_i/mem_q_reg[0][addr][19]/CE (clocked by sys_clk_pin). Large setup violations at the end of those stages might be difficult to fix during the post-placement implementation flow and could be the result of non-optimal XDC constraints or non-optimal design architecture
Related violations: <none>

TIMING-16#102 Warning
Large setup violation  
There is a large setup violation of -16.704 ns between x_heep_system_i/core_v_mini_mcu_i/cpu_subsystem_i/cv32e40p_top_i/core_i/id_stage_i/alu_operand_b_ex_o_reg[2]/C (clocked by sys_clk_pin) and x_heep_system_i/core_v_mini_mcu_i/ao_peripheral_subsystem_i/obi_fifo_i/obi_req_fifo_i/mem_q_reg[0][addr][23]/CE (clocked by sys_clk_pin). Large setup violations at the end of those stages might be difficult to fix during the post-placement implementation flow and could be the result of non-optimal XDC constraints or non-optimal design architecture
Related violations: <none>

TIMING-16#103 Warning
Large setup violation  
There is a large setup violation of -16.719 ns between x_heep_system_i/core_v_mini_mcu_i/cpu_subsystem_i/cv32e40p_top_i/core_i/id_stage_i/alu_operand_b_ex_o_reg[2]/C (clocked by sys_clk_pin) and x_heep_system_i/core_v_mini_mcu_i/ao_peripheral_subsystem_i/obi_fifo_i/obi_req_fifo_i/mem_q_reg[0][wdata][10]/CE (clocked by sys_clk_pin). Large setup violations at the end of those stages might be difficult to fix during the post-placement implementation flow and could be the result of non-optimal XDC constraints or non-optimal design architecture
Related violations: <none>

TIMING-16#104 Warning
Large setup violation  
There is a large setup violation of -16.722 ns between x_heep_system_i/core_v_mini_mcu_i/cpu_subsystem_i/cv32e40p_top_i/core_i/id_stage_i/alu_operand_b_ex_o_reg[2]/C (clocked by sys_clk_pin) and x_heep_system_i/core_v_mini_mcu_i/ao_peripheral_subsystem_i/obi_fifo_i/obi_req_fifo_i/mem_q_reg[0][addr][16]/CE (clocked by sys_clk_pin). Large setup violations at the end of those stages might be difficult to fix during the post-placement implementation flow and could be the result of non-optimal XDC constraints or non-optimal design architecture
Related violations: <none>

TIMING-16#105 Warning
Large setup violation  
There is a large setup violation of -16.722 ns between x_heep_system_i/core_v_mini_mcu_i/cpu_subsystem_i/cv32e40p_top_i/core_i/id_stage_i/alu_operand_b_ex_o_reg[2]/C (clocked by sys_clk_pin) and x_heep_system_i/core_v_mini_mcu_i/ao_peripheral_subsystem_i/obi_fifo_i/obi_req_fifo_i/mem_q_reg[0][addr][20]/CE (clocked by sys_clk_pin). Large setup violations at the end of those stages might be difficult to fix during the post-placement implementation flow and could be the result of non-optimal XDC constraints or non-optimal design architecture
Related violations: <none>

TIMING-16#106 Warning
Large setup violation  
There is a large setup violation of -16.722 ns between x_heep_system_i/core_v_mini_mcu_i/cpu_subsystem_i/cv32e40p_top_i/core_i/id_stage_i/alu_operand_b_ex_o_reg[2]/C (clocked by sys_clk_pin) and x_heep_system_i/core_v_mini_mcu_i/ao_peripheral_subsystem_i/obi_fifo_i/obi_req_fifo_i/mem_q_reg[0][addr][21]/CE (clocked by sys_clk_pin). Large setup violations at the end of those stages might be difficult to fix during the post-placement implementation flow and could be the result of non-optimal XDC constraints or non-optimal design architecture
Related violations: <none>

TIMING-16#107 Warning
Large setup violation  
There is a large setup violation of -16.722 ns between x_heep_system_i/core_v_mini_mcu_i/cpu_subsystem_i/cv32e40p_top_i/core_i/id_stage_i/alu_operand_b_ex_o_reg[2]/C (clocked by sys_clk_pin) and x_heep_system_i/core_v_mini_mcu_i/ao_peripheral_subsystem_i/obi_fifo_i/obi_req_fifo_i/mem_q_reg[0][addr][25]/CE (clocked by sys_clk_pin). Large setup violations at the end of those stages might be difficult to fix during the post-placement implementation flow and could be the result of non-optimal XDC constraints or non-optimal design architecture
Related violations: <none>

TIMING-16#108 Warning
Large setup violation  
There is a large setup violation of -16.722 ns between x_heep_system_i/core_v_mini_mcu_i/cpu_subsystem_i/cv32e40p_top_i/core_i/id_stage_i/alu_operand_b_ex_o_reg[2]/C (clocked by sys_clk_pin) and x_heep_system_i/core_v_mini_mcu_i/ao_peripheral_subsystem_i/obi_fifo_i/obi_req_fifo_i/mem_q_reg[0][addr][27]/CE (clocked by sys_clk_pin). Large setup violations at the end of those stages might be difficult to fix during the post-placement implementation flow and could be the result of non-optimal XDC constraints or non-optimal design architecture
Related violations: <none>

TIMING-16#109 Warning
Large setup violation  
There is a large setup violation of -16.760 ns between x_heep_system_i/core_v_mini_mcu_i/cpu_subsystem_i/cv32e40p_top_i/core_i/id_stage_i/alu_operand_b_ex_o_reg[2]/C (clocked by sys_clk_pin) and x_heep_system_i/core_v_mini_mcu_i/ao_peripheral_subsystem_i/obi_fifo_i/obi_req_fifo_i/mem_q_reg[0][addr][0]/CE (clocked by sys_clk_pin). Large setup violations at the end of those stages might be difficult to fix during the post-placement implementation flow and could be the result of non-optimal XDC constraints or non-optimal design architecture
Related violations: <none>

TIMING-16#110 Warning
Large setup violation  
There is a large setup violation of -16.760 ns between x_heep_system_i/core_v_mini_mcu_i/cpu_subsystem_i/cv32e40p_top_i/core_i/id_stage_i/alu_operand_b_ex_o_reg[2]/C (clocked by sys_clk_pin) and x_heep_system_i/core_v_mini_mcu_i/ao_peripheral_subsystem_i/obi_fifo_i/obi_req_fifo_i/mem_q_reg[0][addr][1]/CE (clocked by sys_clk_pin). Large setup violations at the end of those stages might be difficult to fix during the post-placement implementation flow and could be the result of non-optimal XDC constraints or non-optimal design architecture
Related violations: <none>

TIMING-16#111 Warning
Large setup violation  
There is a large setup violation of -16.843 ns between x_heep_system_i/core_v_mini_mcu_i/cpu_subsystem_i/cv32e40p_top_i/core_i/id_stage_i/alu_operand_b_ex_o_reg[2]/C (clocked by sys_clk_pin) and x_heep_system_i/core_v_mini_mcu_i/ao_peripheral_subsystem_i/obi_fifo_i/obi_req_fifo_i/mem_q_reg[0][addr][12]/CE (clocked by sys_clk_pin). Large setup violations at the end of those stages might be difficult to fix during the post-placement implementation flow and could be the result of non-optimal XDC constraints or non-optimal design architecture
Related violations: <none>

TIMING-16#112 Warning
Large setup violation  
There is a large setup violation of -16.843 ns between x_heep_system_i/core_v_mini_mcu_i/cpu_subsystem_i/cv32e40p_top_i/core_i/id_stage_i/alu_operand_b_ex_o_reg[2]/C (clocked by sys_clk_pin) and x_heep_system_i/core_v_mini_mcu_i/ao_peripheral_subsystem_i/obi_fifo_i/obi_req_fifo_i/mem_q_reg[0][addr][9]/CE (clocked by sys_clk_pin). Large setup violations at the end of those stages might be difficult to fix during the post-placement implementation flow and could be the result of non-optimal XDC constraints or non-optimal design architecture
Related violations: <none>

TIMING-16#113 Warning
Large setup violation  
There is a large setup violation of -16.845 ns between x_heep_system_i/core_v_mini_mcu_i/cpu_subsystem_i/cv32e40p_top_i/core_i/id_stage_i/alu_operand_b_ex_o_reg[2]/C (clocked by sys_clk_pin) and x_heep_system_i/core_v_mini_mcu_i/ao_peripheral_subsystem_i/obi_fifo_i/obi_req_fifo_i/mem_q_reg[0][wdata][30]/CE (clocked by sys_clk_pin). Large setup violations at the end of those stages might be difficult to fix during the post-placement implementation flow and could be the result of non-optimal XDC constraints or non-optimal design architecture
Related violations: <none>

TIMING-16#114 Warning
Large setup violation  
There is a large setup violation of -16.845 ns between x_heep_system_i/core_v_mini_mcu_i/cpu_subsystem_i/cv32e40p_top_i/core_i/id_stage_i/alu_operand_b_ex_o_reg[2]/C (clocked by sys_clk_pin) and x_heep_system_i/core_v_mini_mcu_i/ao_peripheral_subsystem_i/obi_fifo_i/obi_req_fifo_i/mem_q_reg[0][wdata][31]/CE (clocked by sys_clk_pin). Large setup violations at the end of those stages might be difficult to fix during the post-placement implementation flow and could be the result of non-optimal XDC constraints or non-optimal design architecture
Related violations: <none>

TIMING-16#115 Warning
Large setup violation  
There is a large setup violation of -16.845 ns between x_heep_system_i/core_v_mini_mcu_i/cpu_subsystem_i/cv32e40p_top_i/core_i/id_stage_i/alu_operand_b_ex_o_reg[2]/C (clocked by sys_clk_pin) and x_heep_system_i/core_v_mini_mcu_i/ao_peripheral_subsystem_i/obi_fifo_i/obi_req_fifo_i/mem_q_reg[0][we]/CE (clocked by sys_clk_pin). Large setup violations at the end of those stages might be difficult to fix during the post-placement implementation flow and could be the result of non-optimal XDC constraints or non-optimal design architecture
Related violations: <none>

TIMING-16#116 Warning
Large setup violation  
There is a large setup violation of -16.848 ns between x_heep_system_i/core_v_mini_mcu_i/cpu_subsystem_i/cv32e40p_top_i/core_i/id_stage_i/alu_operand_b_ex_o_reg[2]/C (clocked by sys_clk_pin) and x_heep_system_i/core_v_mini_mcu_i/ao_peripheral_subsystem_i/obi_fifo_i/obi_req_fifo_i/mem_q_reg[0][addr][10]/CE (clocked by sys_clk_pin). Large setup violations at the end of those stages might be difficult to fix during the post-placement implementation flow and could be the result of non-optimal XDC constraints or non-optimal design architecture
Related violations: <none>

TIMING-16#117 Warning
Large setup violation  
There is a large setup violation of -16.850 ns between x_heep_system_i/core_v_mini_mcu_i/cpu_subsystem_i/cv32e40p_top_i/core_i/id_stage_i/alu_operand_b_ex_o_reg[2]/C (clocked by sys_clk_pin) and x_heep_system_i/core_v_mini_mcu_i/ao_peripheral_subsystem_i/obi_fifo_i/obi_req_fifo_i/mem_q_reg[0][addr][14]/CE (clocked by sys_clk_pin). Large setup violations at the end of those stages might be difficult to fix during the post-placement implementation flow and could be the result of non-optimal XDC constraints or non-optimal design architecture
Related violations: <none>

TIMING-16#118 Warning
Large setup violation  
There is a large setup violation of -16.857 ns between x_heep_system_i/core_v_mini_mcu_i/cpu_subsystem_i/cv32e40p_top_i/core_i/id_stage_i/alu_operand_b_ex_o_reg[2]/C (clocked by sys_clk_pin) and x_heep_system_i/core_v_mini_mcu_i/ao_peripheral_subsystem_i/obi_fifo_i/obi_req_fifo_i/mem_q_reg[0][be][1]/CE (clocked by sys_clk_pin). Large setup violations at the end of those stages might be difficult to fix during the post-placement implementation flow and could be the result of non-optimal XDC constraints or non-optimal design architecture
Related violations: <none>

TIMING-16#119 Warning
Large setup violation  
There is a large setup violation of -16.858 ns between x_heep_system_i/core_v_mini_mcu_i/cpu_subsystem_i/cv32e40p_top_i/core_i/id_stage_i/alu_operand_b_ex_o_reg[2]/C (clocked by sys_clk_pin) and x_heep_system_i/core_v_mini_mcu_i/ao_peripheral_subsystem_i/obi_fifo_i/obi_req_fifo_i/mem_q_reg[0][wdata][8]/CE (clocked by sys_clk_pin). Large setup violations at the end of those stages might be difficult to fix during the post-placement implementation flow and could be the result of non-optimal XDC constraints or non-optimal design architecture
Related violations: <none>

TIMING-16#120 Warning
Large setup violation  
There is a large setup violation of -16.904 ns between x_heep_system_i/core_v_mini_mcu_i/cpu_subsystem_i/cv32e40p_top_i/core_i/id_stage_i/alu_operand_b_ex_o_reg[2]/C (clocked by sys_clk_pin) and x_heep_system_i/core_v_mini_mcu_i/ao_peripheral_subsystem_i/obi_fifo_i/obi_req_fifo_i/mem_q_reg[0][addr][4]/CE (clocked by sys_clk_pin). Large setup violations at the end of those stages might be difficult to fix during the post-placement implementation flow and could be the result of non-optimal XDC constraints or non-optimal design architecture
Related violations: <none>

TIMING-16#121 Warning
Large setup violation  
There is a large setup violation of -16.904 ns between x_heep_system_i/core_v_mini_mcu_i/cpu_subsystem_i/cv32e40p_top_i/core_i/id_stage_i/alu_operand_b_ex_o_reg[2]/C (clocked by sys_clk_pin) and x_heep_system_i/core_v_mini_mcu_i/ao_peripheral_subsystem_i/obi_fifo_i/obi_req_fifo_i/mem_q_reg[0][addr][7]/CE (clocked by sys_clk_pin). Large setup violations at the end of those stages might be difficult to fix during the post-placement implementation flow and could be the result of non-optimal XDC constraints or non-optimal design architecture
Related violations: <none>

TIMING-16#122 Warning
Large setup violation  
There is a large setup violation of -16.920 ns between x_heep_system_i/core_v_mini_mcu_i/cpu_subsystem_i/cv32e40p_top_i/core_i/id_stage_i/alu_operand_b_ex_o_reg[2]/C (clocked by sys_clk_pin) and x_heep_system_i/core_v_mini_mcu_i/ao_peripheral_subsystem_i/obi_fifo_i/obi_req_fifo_i/mem_q_reg[0][addr][13]/CE (clocked by sys_clk_pin). Large setup violations at the end of those stages might be difficult to fix during the post-placement implementation flow and could be the result of non-optimal XDC constraints or non-optimal design architecture
Related violations: <none>

TIMING-16#123 Warning
Large setup violation  
There is a large setup violation of -16.920 ns between x_heep_system_i/core_v_mini_mcu_i/cpu_subsystem_i/cv32e40p_top_i/core_i/id_stage_i/alu_operand_b_ex_o_reg[2]/C (clocked by sys_clk_pin) and x_heep_system_i/core_v_mini_mcu_i/ao_peripheral_subsystem_i/obi_fifo_i/obi_req_fifo_i/mem_q_reg[0][addr][3]/CE (clocked by sys_clk_pin). Large setup violations at the end of those stages might be difficult to fix during the post-placement implementation flow and could be the result of non-optimal XDC constraints or non-optimal design architecture
Related violations: <none>

TIMING-16#124 Warning
Large setup violation  
There is a large setup violation of -16.920 ns between x_heep_system_i/core_v_mini_mcu_i/cpu_subsystem_i/cv32e40p_top_i/core_i/id_stage_i/alu_operand_b_ex_o_reg[2]/C (clocked by sys_clk_pin) and x_heep_system_i/core_v_mini_mcu_i/ao_peripheral_subsystem_i/obi_fifo_i/obi_req_fifo_i/mem_q_reg[0][addr][6]/CE (clocked by sys_clk_pin). Large setup violations at the end of those stages might be difficult to fix during the post-placement implementation flow and could be the result of non-optimal XDC constraints or non-optimal design architecture
Related violations: <none>

TIMING-16#125 Warning
Large setup violation  
There is a large setup violation of -16.920 ns between x_heep_system_i/core_v_mini_mcu_i/cpu_subsystem_i/cv32e40p_top_i/core_i/id_stage_i/alu_operand_b_ex_o_reg[2]/C (clocked by sys_clk_pin) and x_heep_system_i/core_v_mini_mcu_i/ao_peripheral_subsystem_i/obi_fifo_i/obi_req_fifo_i/mem_q_reg[0][addr][8]/CE (clocked by sys_clk_pin). Large setup violations at the end of those stages might be difficult to fix during the post-placement implementation flow and could be the result of non-optimal XDC constraints or non-optimal design architecture
Related violations: <none>

TIMING-16#126 Warning
Large setup violation  
There is a large setup violation of -16.931 ns between x_heep_system_i/core_v_mini_mcu_i/cpu_subsystem_i/cv32e40p_top_i/core_i/id_stage_i/alu_operand_b_ex_o_reg[2]/C (clocked by sys_clk_pin) and x_heep_system_i/core_v_mini_mcu_i/ao_peripheral_subsystem_i/obi_fifo_i/obi_req_fifo_i/mem_q_reg[0][wdata][14]/CE (clocked by sys_clk_pin). Large setup violations at the end of those stages might be difficult to fix during the post-placement implementation flow and could be the result of non-optimal XDC constraints or non-optimal design architecture
Related violations: <none>

TIMING-16#127 Warning
Large setup violation  
There is a large setup violation of -16.931 ns between x_heep_system_i/core_v_mini_mcu_i/cpu_subsystem_i/cv32e40p_top_i/core_i/id_stage_i/alu_operand_b_ex_o_reg[2]/C (clocked by sys_clk_pin) and x_heep_system_i/core_v_mini_mcu_i/ao_peripheral_subsystem_i/obi_fifo_i/obi_req_fifo_i/mem_q_reg[0][wdata][15]/CE (clocked by sys_clk_pin). Large setup violations at the end of those stages might be difficult to fix during the post-placement implementation flow and could be the result of non-optimal XDC constraints or non-optimal design architecture
Related violations: <none>

TIMING-16#128 Warning
Large setup violation  
There is a large setup violation of -16.931 ns between x_heep_system_i/core_v_mini_mcu_i/cpu_subsystem_i/cv32e40p_top_i/core_i/id_stage_i/alu_operand_b_ex_o_reg[2]/C (clocked by sys_clk_pin) and x_heep_system_i/core_v_mini_mcu_i/ao_peripheral_subsystem_i/obi_fifo_i/obi_req_fifo_i/mem_q_reg[0][wdata][1]/CE (clocked by sys_clk_pin). Large setup violations at the end of those stages might be difficult to fix during the post-placement implementation flow and could be the result of non-optimal XDC constraints or non-optimal design architecture
Related violations: <none>

TIMING-16#129 Warning
Large setup violation  
There is a large setup violation of -16.931 ns between x_heep_system_i/core_v_mini_mcu_i/cpu_subsystem_i/cv32e40p_top_i/core_i/id_stage_i/alu_operand_b_ex_o_reg[2]/C (clocked by sys_clk_pin) and x_heep_system_i/core_v_mini_mcu_i/ao_peripheral_subsystem_i/obi_fifo_i/obi_req_fifo_i/mem_q_reg[0][wdata][2]/CE (clocked by sys_clk_pin). Large setup violations at the end of those stages might be difficult to fix during the post-placement implementation flow and could be the result of non-optimal XDC constraints or non-optimal design architecture
Related violations: <none>

TIMING-16#130 Warning
Large setup violation  
There is a large setup violation of -16.931 ns between x_heep_system_i/core_v_mini_mcu_i/cpu_subsystem_i/cv32e40p_top_i/core_i/id_stage_i/alu_operand_b_ex_o_reg[2]/C (clocked by sys_clk_pin) and x_heep_system_i/core_v_mini_mcu_i/ao_peripheral_subsystem_i/obi_fifo_i/obi_req_fifo_i/mem_q_reg[0][wdata][5]/CE (clocked by sys_clk_pin). Large setup violations at the end of those stages might be difficult to fix during the post-placement implementation flow and could be the result of non-optimal XDC constraints or non-optimal design architecture
Related violations: <none>

TIMING-16#131 Warning
Large setup violation  
There is a large setup violation of -16.931 ns between x_heep_system_i/core_v_mini_mcu_i/cpu_subsystem_i/cv32e40p_top_i/core_i/id_stage_i/alu_operand_b_ex_o_reg[2]/C (clocked by sys_clk_pin) and x_heep_system_i/core_v_mini_mcu_i/ao_peripheral_subsystem_i/obi_fifo_i/obi_req_fifo_i/mem_q_reg[0][wdata][7]/CE (clocked by sys_clk_pin). Large setup violations at the end of those stages might be difficult to fix during the post-placement implementation flow and could be the result of non-optimal XDC constraints or non-optimal design architecture
Related violations: <none>

TIMING-16#132 Warning
Large setup violation  
There is a large setup violation of -16.964 ns between x_heep_system_i/core_v_mini_mcu_i/cpu_subsystem_i/cv32e40p_top_i/core_i/id_stage_i/alu_operand_b_ex_o_reg[2]/C (clocked by sys_clk_pin) and x_heep_system_i/core_v_mini_mcu_i/ao_peripheral_subsystem_i/obi_fifo_i/obi_req_fifo_i/mem_q_reg[0][wdata][11]/CE (clocked by sys_clk_pin). Large setup violations at the end of those stages might be difficult to fix during the post-placement implementation flow and could be the result of non-optimal XDC constraints or non-optimal design architecture
Related violations: <none>

TIMING-16#133 Warning
Large setup violation  
There is a large setup violation of -16.964 ns between x_heep_system_i/core_v_mini_mcu_i/cpu_subsystem_i/cv32e40p_top_i/core_i/id_stage_i/alu_operand_b_ex_o_reg[2]/C (clocked by sys_clk_pin) and x_heep_system_i/core_v_mini_mcu_i/ao_peripheral_subsystem_i/obi_fifo_i/obi_req_fifo_i/mem_q_reg[0][wdata][13]/CE (clocked by sys_clk_pin). Large setup violations at the end of those stages might be difficult to fix during the post-placement implementation flow and could be the result of non-optimal XDC constraints or non-optimal design architecture
Related violations: <none>

TIMING-16#134 Warning
Large setup violation  
There is a large setup violation of -16.964 ns between x_heep_system_i/core_v_mini_mcu_i/cpu_subsystem_i/cv32e40p_top_i/core_i/id_stage_i/alu_operand_b_ex_o_reg[2]/C (clocked by sys_clk_pin) and x_heep_system_i/core_v_mini_mcu_i/ao_peripheral_subsystem_i/obi_fifo_i/obi_req_fifo_i/mem_q_reg[0][wdata][3]/CE (clocked by sys_clk_pin). Large setup violations at the end of those stages might be difficult to fix during the post-placement implementation flow and could be the result of non-optimal XDC constraints or non-optimal design architecture
Related violations: <none>

TIMING-16#135 Warning
Large setup violation  
There is a large setup violation of -16.964 ns between x_heep_system_i/core_v_mini_mcu_i/cpu_subsystem_i/cv32e40p_top_i/core_i/id_stage_i/alu_operand_b_ex_o_reg[2]/C (clocked by sys_clk_pin) and x_heep_system_i/core_v_mini_mcu_i/ao_peripheral_subsystem_i/obi_fifo_i/obi_req_fifo_i/mem_q_reg[0][wdata][9]/CE (clocked by sys_clk_pin). Large setup violations at the end of those stages might be difficult to fix during the post-placement implementation flow and could be the result of non-optimal XDC constraints or non-optimal design architecture
Related violations: <none>

TIMING-16#136 Warning
Large setup violation  
There is a large setup violation of -16.983 ns between x_heep_system_i/core_v_mini_mcu_i/cpu_subsystem_i/cv32e40p_top_i/core_i/id_stage_i/alu_operand_b_ex_o_reg[2]/C (clocked by sys_clk_pin) and x_heep_system_i/core_v_mini_mcu_i/ao_peripheral_subsystem_i/obi_fifo_i/obi_req_fifo_i/mem_q_reg[0][addr][11]/CE (clocked by sys_clk_pin). Large setup violations at the end of those stages might be difficult to fix during the post-placement implementation flow and could be the result of non-optimal XDC constraints or non-optimal design architecture
Related violations: <none>

TIMING-16#137 Warning
Large setup violation  
There is a large setup violation of -16.983 ns between x_heep_system_i/core_v_mini_mcu_i/cpu_subsystem_i/cv32e40p_top_i/core_i/id_stage_i/alu_operand_b_ex_o_reg[2]/C (clocked by sys_clk_pin) and x_heep_system_i/core_v_mini_mcu_i/ao_peripheral_subsystem_i/obi_fifo_i/obi_req_fifo_i/mem_q_reg[0][addr][29]/CE (clocked by sys_clk_pin). Large setup violations at the end of those stages might be difficult to fix during the post-placement implementation flow and could be the result of non-optimal XDC constraints or non-optimal design architecture
Related violations: <none>

TIMING-16#138 Warning
Large setup violation  
There is a large setup violation of -16.983 ns between x_heep_system_i/core_v_mini_mcu_i/cpu_subsystem_i/cv32e40p_top_i/core_i/id_stage_i/alu_operand_b_ex_o_reg[2]/C (clocked by sys_clk_pin) and x_heep_system_i/core_v_mini_mcu_i/ao_peripheral_subsystem_i/obi_fifo_i/obi_req_fifo_i/mem_q_reg[0][be][0]/CE (clocked by sys_clk_pin). Large setup violations at the end of those stages might be difficult to fix during the post-placement implementation flow and could be the result of non-optimal XDC constraints or non-optimal design architecture
Related violations: <none>

TIMING-16#139 Warning
Large setup violation  
There is a large setup violation of -16.983 ns between x_heep_system_i/core_v_mini_mcu_i/cpu_subsystem_i/cv32e40p_top_i/core_i/id_stage_i/alu_operand_b_ex_o_reg[2]/C (clocked by sys_clk_pin) and x_heep_system_i/core_v_mini_mcu_i/ao_peripheral_subsystem_i/obi_fifo_i/obi_req_fifo_i/mem_q_reg[0][wdata][12]/CE (clocked by sys_clk_pin). Large setup violations at the end of those stages might be difficult to fix during the post-placement implementation flow and could be the result of non-optimal XDC constraints or non-optimal design architecture
Related violations: <none>

TIMING-16#140 Warning
Large setup violation  
There is a large setup violation of -16.983 ns between x_heep_system_i/core_v_mini_mcu_i/cpu_subsystem_i/cv32e40p_top_i/core_i/id_stage_i/alu_operand_b_ex_o_reg[2]/C (clocked by sys_clk_pin) and x_heep_system_i/core_v_mini_mcu_i/ao_peripheral_subsystem_i/obi_fifo_i/obi_req_fifo_i/mem_q_reg[0][wdata][4]/CE (clocked by sys_clk_pin). Large setup violations at the end of those stages might be difficult to fix during the post-placement implementation flow and could be the result of non-optimal XDC constraints or non-optimal design architecture
Related violations: <none>

TIMING-16#141 Warning
Large setup violation  
There is a large setup violation of -17.016 ns between x_heep_system_i/core_v_mini_mcu_i/cpu_subsystem_i/cv32e40p_top_i/core_i/id_stage_i/alu_operand_b_ex_o_reg[2]/C (clocked by sys_clk_pin) and x_heep_system_i/core_v_mini_mcu_i/ao_peripheral_subsystem_i/obi_fifo_i/obi_req_fifo_i/mem_q_reg[0][wdata][22]/CE (clocked by sys_clk_pin). Large setup violations at the end of those stages might be difficult to fix during the post-placement implementation flow and could be the result of non-optimal XDC constraints or non-optimal design architecture
Related violations: <none>

TIMING-16#142 Warning
Large setup violation  
There is a large setup violation of -17.016 ns between x_heep_system_i/core_v_mini_mcu_i/cpu_subsystem_i/cv32e40p_top_i/core_i/id_stage_i/alu_operand_b_ex_o_reg[2]/C (clocked by sys_clk_pin) and x_heep_system_i/core_v_mini_mcu_i/ao_peripheral_subsystem_i/obi_fifo_i/obi_req_fifo_i/mem_q_reg[0][wdata][23]/CE (clocked by sys_clk_pin). Large setup violations at the end of those stages might be difficult to fix during the post-placement implementation flow and could be the result of non-optimal XDC constraints or non-optimal design architecture
Related violations: <none>

TIMING-16#143 Warning
Large setup violation  
There is a large setup violation of -17.016 ns between x_heep_system_i/core_v_mini_mcu_i/cpu_subsystem_i/cv32e40p_top_i/core_i/id_stage_i/alu_operand_b_ex_o_reg[2]/C (clocked by sys_clk_pin) and x_heep_system_i/core_v_mini_mcu_i/ao_peripheral_subsystem_i/obi_fifo_i/obi_req_fifo_i/mem_q_reg[0][wdata][24]/CE (clocked by sys_clk_pin). Large setup violations at the end of those stages might be difficult to fix during the post-placement implementation flow and could be the result of non-optimal XDC constraints or non-optimal design architecture
Related violations: <none>

TIMING-16#144 Warning
Large setup violation  
There is a large setup violation of -17.016 ns between x_heep_system_i/core_v_mini_mcu_i/cpu_subsystem_i/cv32e40p_top_i/core_i/id_stage_i/alu_operand_b_ex_o_reg[2]/C (clocked by sys_clk_pin) and x_heep_system_i/core_v_mini_mcu_i/ao_peripheral_subsystem_i/obi_fifo_i/obi_req_fifo_i/mem_q_reg[0][wdata][28]/CE (clocked by sys_clk_pin). Large setup violations at the end of those stages might be difficult to fix during the post-placement implementation flow and could be the result of non-optimal XDC constraints or non-optimal design architecture
Related violations: <none>

TIMING-16#145 Warning
Large setup violation  
There is a large setup violation of -17.016 ns between x_heep_system_i/core_v_mini_mcu_i/cpu_subsystem_i/cv32e40p_top_i/core_i/id_stage_i/alu_operand_b_ex_o_reg[2]/C (clocked by sys_clk_pin) and x_heep_system_i/core_v_mini_mcu_i/ao_peripheral_subsystem_i/obi_fifo_i/obi_req_fifo_i/mem_q_reg[0][wdata][29]/CE (clocked by sys_clk_pin). Large setup violations at the end of those stages might be difficult to fix during the post-placement implementation flow and could be the result of non-optimal XDC constraints or non-optimal design architecture
Related violations: <none>

TIMING-16#146 Warning
Large setup violation  
There is a large setup violation of -17.035 ns between x_heep_system_i/core_v_mini_mcu_i/cpu_subsystem_i/cv32e40p_top_i/core_i/id_stage_i/alu_operand_b_ex_o_reg[2]/C (clocked by sys_clk_pin) and x_heep_system_i/core_v_mini_mcu_i/ao_peripheral_subsystem_i/obi_fifo_i/obi_req_fifo_i/mem_q_reg[0][wdata][27]/CE (clocked by sys_clk_pin). Large setup violations at the end of those stages might be difficult to fix during the post-placement implementation flow and could be the result of non-optimal XDC constraints or non-optimal design architecture
Related violations: <none>

TIMING-16#147 Warning
Large setup violation  
There is a large setup violation of -17.038 ns between x_heep_system_i/core_v_mini_mcu_i/cpu_subsystem_i/cv32e40p_top_i/core_i/id_stage_i/alu_operand_b_ex_o_reg[2]/C (clocked by sys_clk_pin) and x_heep_system_i/core_v_mini_mcu_i/ao_peripheral_subsystem_i/obi_fifo_i/obi_req_fifo_i/mem_q_reg[0][wdata][25]/CE (clocked by sys_clk_pin). Large setup violations at the end of those stages might be difficult to fix during the post-placement implementation flow and could be the result of non-optimal XDC constraints or non-optimal design architecture
Related violations: <none>

TIMING-16#148 Warning
Large setup violation  
There is a large setup violation of -17.038 ns between x_heep_system_i/core_v_mini_mcu_i/cpu_subsystem_i/cv32e40p_top_i/core_i/id_stage_i/alu_operand_b_ex_o_reg[2]/C (clocked by sys_clk_pin) and x_heep_system_i/core_v_mini_mcu_i/ao_peripheral_subsystem_i/obi_fifo_i/obi_req_fifo_i/mem_q_reg[0][wdata][26]/CE (clocked by sys_clk_pin). Large setup violations at the end of those stages might be difficult to fix during the post-placement implementation flow and could be the result of non-optimal XDC constraints or non-optimal design architecture
Related violations: <none>

TIMING-16#149 Warning
Large setup violation  
There is a large setup violation of -17.039 ns between x_heep_system_i/core_v_mini_mcu_i/cpu_subsystem_i/cv32e40p_top_i/core_i/id_stage_i/alu_operand_b_ex_o_reg[2]/C (clocked by sys_clk_pin) and x_heep_system_i/core_v_mini_mcu_i/ao_peripheral_subsystem_i/obi_fifo_i/obi_req_fifo_i/mem_q_reg[0][be][3]/CE (clocked by sys_clk_pin). Large setup violations at the end of those stages might be difficult to fix during the post-placement implementation flow and could be the result of non-optimal XDC constraints or non-optimal design architecture
Related violations: <none>

TIMING-16#150 Warning
Large setup violation  
There is a large setup violation of -17.039 ns between x_heep_system_i/core_v_mini_mcu_i/cpu_subsystem_i/cv32e40p_top_i/core_i/id_stage_i/alu_operand_b_ex_o_reg[2]/C (clocked by sys_clk_pin) and x_heep_system_i/core_v_mini_mcu_i/ao_peripheral_subsystem_i/obi_fifo_i/obi_req_fifo_i/mem_q_reg[0][wdata][17]/CE (clocked by sys_clk_pin). Large setup violations at the end of those stages might be difficult to fix during the post-placement implementation flow and could be the result of non-optimal XDC constraints or non-optimal design architecture
Related violations: <none>

TIMING-16#151 Warning
Large setup violation  
There is a large setup violation of -17.039 ns between x_heep_system_i/core_v_mini_mcu_i/cpu_subsystem_i/cv32e40p_top_i/core_i/id_stage_i/alu_operand_b_ex_o_reg[2]/C (clocked by sys_clk_pin) and x_heep_system_i/core_v_mini_mcu_i/ao_peripheral_subsystem_i/obi_fifo_i/obi_req_fifo_i/mem_q_reg[0][wdata][18]/CE (clocked by sys_clk_pin). Large setup violations at the end of those stages might be difficult to fix during the post-placement implementation flow and could be the result of non-optimal XDC constraints or non-optimal design architecture
Related violations: <none>

TIMING-16#152 Warning
Large setup violation  
There is a large setup violation of -17.086 ns between x_heep_system_i/core_v_mini_mcu_i/cpu_subsystem_i/cv32e40p_top_i/core_i/id_stage_i/alu_operand_b_ex_o_reg[2]/C (clocked by sys_clk_pin) and x_heep_system_i/core_v_mini_mcu_i/ao_peripheral_subsystem_i/obi_fifo_i/obi_req_fifo_i/mem_q_reg[0][be][2]/CE (clocked by sys_clk_pin). Large setup violations at the end of those stages might be difficult to fix during the post-placement implementation flow and could be the result of non-optimal XDC constraints or non-optimal design architecture
Related violations: <none>

TIMING-16#153 Warning
Large setup violation  
There is a large setup violation of -17.088 ns between x_heep_system_i/core_v_mini_mcu_i/cpu_subsystem_i/cv32e40p_top_i/core_i/id_stage_i/alu_operand_b_ex_o_reg[2]/C (clocked by sys_clk_pin) and x_heep_system_i/core_v_mini_mcu_i/ao_peripheral_subsystem_i/obi_fifo_i/obi_req_fifo_i/mem_q_reg[0][wdata][19]/CE (clocked by sys_clk_pin). Large setup violations at the end of those stages might be difficult to fix during the post-placement implementation flow and could be the result of non-optimal XDC constraints or non-optimal design architecture
Related violations: <none>

TIMING-16#154 Warning
Large setup violation  
There is a large setup violation of -17.088 ns between x_heep_system_i/core_v_mini_mcu_i/cpu_subsystem_i/cv32e40p_top_i/core_i/id_stage_i/alu_operand_b_ex_o_reg[2]/C (clocked by sys_clk_pin) and x_heep_system_i/core_v_mini_mcu_i/ao_peripheral_subsystem_i/obi_fifo_i/obi_req_fifo_i/mem_q_reg[0][wdata][20]/CE (clocked by sys_clk_pin). Large setup violations at the end of those stages might be difficult to fix during the post-placement implementation flow and could be the result of non-optimal XDC constraints or non-optimal design architecture
Related violations: <none>

TIMING-16#155 Warning
Large setup violation  
There is a large setup violation of -17.165 ns between x_heep_system_i/core_v_mini_mcu_i/cpu_subsystem_i/cv32e40p_top_i/core_i/id_stage_i/alu_operand_b_ex_o_reg[2]/C (clocked by sys_clk_pin) and x_heep_system_i/core_v_mini_mcu_i/ao_peripheral_subsystem_i/obi_fifo_i/obi_req_fifo_i/mem_q_reg[0][wdata][16]/CE (clocked by sys_clk_pin). Large setup violations at the end of those stages might be difficult to fix during the post-placement implementation flow and could be the result of non-optimal XDC constraints or non-optimal design architecture
Related violations: <none>

TIMING-16#156 Warning
Large setup violation  
There is a large setup violation of -17.165 ns between x_heep_system_i/core_v_mini_mcu_i/cpu_subsystem_i/cv32e40p_top_i/core_i/id_stage_i/alu_operand_b_ex_o_reg[2]/C (clocked by sys_clk_pin) and x_heep_system_i/core_v_mini_mcu_i/ao_peripheral_subsystem_i/obi_fifo_i/obi_req_fifo_i/mem_q_reg[0][wdata][21]/CE (clocked by sys_clk_pin). Large setup violations at the end of those stages might be difficult to fix during the post-placement implementation flow and could be the result of non-optimal XDC constraints or non-optimal design architecture
Related violations: <none>

TIMING-16#157 Warning
Large setup violation  
There is a large setup violation of -3.899 ns between x_heep_system_i/core_v_mini_mcu_i/ao_peripheral_subsystem_i/obi_fifo_i/obi_req_fifo_i/mem_q_reg[0][addr][29]/C (clocked by sys_clk_pin) and x_heep_system_i/core_v_mini_mcu_i/ao_peripheral_subsystem_i/gpio_ao_i/i_reg_file/u_cfg_glbl_intrpt_mode/q_reg[0]/D (clocked by sys_clk_pin). Large setup violations at the end of those stages might be difficult to fix during the post-placement implementation flow and could be the result of non-optimal XDC constraints or non-optimal design architecture
Related violations: <none>

TIMING-16#158 Warning
Large setup violation  
There is a large setup violation of -4.140 ns between x_heep_system_i/core_v_mini_mcu_i/ao_peripheral_subsystem_i/obi_fifo_i/obi_req_fifo_i/mem_q_reg[0][addr][29]/C (clocked by sys_clk_pin) and x_heep_system_i/core_v_mini_mcu_i/ao_peripheral_subsystem_i/gpio_ao_i/i_reg_file/u_gpio_out_gpio_out_14/q_reg[0]/D (clocked by sys_clk_pin). Large setup violations at the end of those stages might be difficult to fix during the post-placement implementation flow and could be the result of non-optimal XDC constraints or non-optimal design architecture
Related violations: <none>

TIMING-16#159 Warning
Large setup violation  
There is a large setup violation of -4.158 ns between x_heep_system_i/core_v_mini_mcu_i/ao_peripheral_subsystem_i/obi_fifo_i/obi_req_fifo_i/mem_q_reg[0][addr][29]/C (clocked by sys_clk_pin) and x_heep_system_i/core_v_mini_mcu_i/ao_peripheral_subsystem_i/gpio_ao_i/i_reg_file/u_gpio_out_gpio_out_13/q_reg[0]/D (clocked by sys_clk_pin). Large setup violations at the end of those stages might be difficult to fix during the post-placement implementation flow and could be the result of non-optimal XDC constraints or non-optimal design architecture
Related violations: <none>

TIMING-16#160 Warning
Large setup violation  
There is a large setup violation of -4.244 ns between x_heep_system_i/core_v_mini_mcu_i/ao_peripheral_subsystem_i/obi_fifo_i/obi_req_fifo_i/mem_q_reg[0][addr][29]/C (clocked by sys_clk_pin) and x_heep_system_i/core_v_mini_mcu_i/ao_peripheral_subsystem_i/gpio_ao_i/i_reg_file/u_intrpt_fall_status_intrpt_fall_status_11/q_reg[0]/D (clocked by sys_clk_pin). Large setup violations at the end of those stages might be difficult to fix during the post-placement implementation flow and could be the result of non-optimal XDC constraints or non-optimal design architecture
Related violations: <none>

TIMING-16#161 Warning
Large setup violation  
There is a large setup violation of -4.268 ns between x_heep_system_i/core_v_mini_mcu_i/ao_peripheral_subsystem_i/obi_fifo_i/obi_req_fifo_i/mem_q_reg[0][addr][29]/C (clocked by sys_clk_pin) and x_heep_system_i/core_v_mini_mcu_i/ao_peripheral_subsystem_i/gpio_ao_i/i_reg_file/u_gpio_out_gpio_out_28/q_reg[0]/D (clocked by sys_clk_pin). Large setup violations at the end of those stages might be difficult to fix during the post-placement implementation flow and could be the result of non-optimal XDC constraints or non-optimal design architecture
Related violations: <none>

TIMING-16#162 Warning
Large setup violation  
There is a large setup violation of -4.323 ns between x_heep_system_i/core_v_mini_mcu_i/ao_peripheral_subsystem_i/obi_fifo_i/obi_req_fifo_i/mem_q_reg[0][addr][29]/C (clocked by sys_clk_pin) and x_heep_system_i/core_v_mini_mcu_i/ao_peripheral_subsystem_i/gpio_ao_i/i_reg_file/u_intrpt_rise_en_intrpt_rise_en_25/q_reg[0]/CE (clocked by sys_clk_pin). Large setup violations at the end of those stages might be difficult to fix during the post-placement implementation flow and could be the result of non-optimal XDC constraints or non-optimal design architecture
Related violations: <none>

TIMING-16#163 Warning
Large setup violation  
There is a large setup violation of -4.357 ns between x_heep_system_i/core_v_mini_mcu_i/ao_peripheral_subsystem_i/obi_fifo_i/obi_req_fifo_i/mem_q_reg[0][addr][29]/C (clocked by sys_clk_pin) and x_heep_system_i/core_v_mini_mcu_i/ao_peripheral_subsystem_i/gpio_ao_i/i_reg_file/u_intrpt_rise_en_intrpt_rise_en_11/q_reg[0]/CE (clocked by sys_clk_pin). Large setup violations at the end of those stages might be difficult to fix during the post-placement implementation flow and could be the result of non-optimal XDC constraints or non-optimal design architecture
Related violations: <none>

TIMING-16#164 Warning
Large setup violation  
There is a large setup violation of -4.357 ns between x_heep_system_i/core_v_mini_mcu_i/ao_peripheral_subsystem_i/obi_fifo_i/obi_req_fifo_i/mem_q_reg[0][addr][29]/C (clocked by sys_clk_pin) and x_heep_system_i/core_v_mini_mcu_i/ao_peripheral_subsystem_i/gpio_ao_i/i_reg_file/u_intrpt_rise_en_intrpt_rise_en_31/q_reg[0]/CE (clocked by sys_clk_pin). Large setup violations at the end of those stages might be difficult to fix during the post-placement implementation flow and could be the result of non-optimal XDC constraints or non-optimal design architecture
Related violations: <none>

TIMING-16#165 Warning
Large setup violation  
There is a large setup violation of -4.368 ns between x_heep_system_i/core_v_mini_mcu_i/ao_peripheral_subsystem_i/obi_fifo_i/obi_req_fifo_i/mem_q_reg[0][addr][29]/C (clocked by sys_clk_pin) and x_heep_system_i/core_v_mini_mcu_i/ao_peripheral_subsystem_i/gpio_ao_i/i_reg_file/u_gpio_out_gpio_out_23/q_reg[0]/D (clocked by sys_clk_pin). Large setup violations at the end of those stages might be difficult to fix during the post-placement implementation flow and could be the result of non-optimal XDC constraints or non-optimal design architecture
Related violations: <none>

TIMING-16#166 Warning
Large setup violation  
There is a large setup violation of -4.385 ns between x_heep_system_i/core_v_mini_mcu_i/ao_peripheral_subsystem_i/obi_fifo_i/obi_req_fifo_i/mem_q_reg[0][addr][29]/C (clocked by sys_clk_pin) and x_heep_system_i/core_v_mini_mcu_i/ao_peripheral_subsystem_i/gpio_ao_i/i_reg_file/u_intrpt_fall_status_intrpt_fall_status_24/q_reg[0]/D (clocked by sys_clk_pin). Large setup violations at the end of those stages might be difficult to fix during the post-placement implementation flow and could be the result of non-optimal XDC constraints or non-optimal design architecture
Related violations: <none>

TIMING-16#167 Warning
Large setup violation  
There is a large setup violation of -4.410 ns between x_heep_system_i/core_v_mini_mcu_i/ao_peripheral_subsystem_i/obi_fifo_i/obi_req_fifo_i/mem_q_reg[0][addr][29]/C (clocked by sys_clk_pin) and x_heep_system_i/core_v_mini_mcu_i/ao_peripheral_subsystem_i/gpio_ao_i/i_reg_file/u_intrpt_rise_status_intrpt_rise_status_21/q_reg[0]/D (clocked by sys_clk_pin). Large setup violations at the end of those stages might be difficult to fix during the post-placement implementation flow and could be the result of non-optimal XDC constraints or non-optimal design architecture
Related violations: <none>

TIMING-16#168 Warning
Large setup violation  
There is a large setup violation of -4.413 ns between x_heep_system_i/core_v_mini_mcu_i/ao_peripheral_subsystem_i/obi_fifo_i/obi_req_fifo_i/mem_q_reg[0][addr][29]/C (clocked by sys_clk_pin) and x_heep_system_i/core_v_mini_mcu_i/ao_peripheral_subsystem_i/gpio_ao_i/i_reg_file/u_intrpt_rise_status_intrpt_rise_status_24/q_reg[0]/D (clocked by sys_clk_pin). Large setup violations at the end of those stages might be difficult to fix during the post-placement implementation flow and could be the result of non-optimal XDC constraints or non-optimal design architecture
Related violations: <none>

TIMING-16#169 Warning
Large setup violation  
There is a large setup violation of -4.418 ns between x_heep_system_i/core_v_mini_mcu_i/ao_peripheral_subsystem_i/obi_fifo_i/obi_req_fifo_i/mem_q_reg[0][addr][29]/C (clocked by sys_clk_pin) and x_heep_system_i/core_v_mini_mcu_i/ao_peripheral_subsystem_i/gpio_ao_i/i_reg_file/u_intrpt_rise_en_intrpt_rise_en_16/q_reg[0]/CE (clocked by sys_clk_pin). Large setup violations at the end of those stages might be difficult to fix during the post-placement implementation flow and could be the result of non-optimal XDC constraints or non-optimal design architecture
Related violations: <none>

TIMING-16#170 Warning
Large setup violation  
There is a large setup violation of -4.418 ns between x_heep_system_i/core_v_mini_mcu_i/ao_peripheral_subsystem_i/obi_fifo_i/obi_req_fifo_i/mem_q_reg[0][addr][29]/C (clocked by sys_clk_pin) and x_heep_system_i/core_v_mini_mcu_i/ao_peripheral_subsystem_i/gpio_ao_i/i_reg_file/u_intrpt_rise_en_intrpt_rise_en_9/q_reg[0]/CE (clocked by sys_clk_pin). Large setup violations at the end of those stages might be difficult to fix during the post-placement implementation flow and could be the result of non-optimal XDC constraints or non-optimal design architecture
Related violations: <none>

TIMING-16#171 Warning
Large setup violation  
There is a large setup violation of -4.446 ns between x_heep_system_i/core_v_mini_mcu_i/ao_peripheral_subsystem_i/obi_fifo_i/obi_req_fifo_i/mem_q_reg[0][addr][29]/C (clocked by sys_clk_pin) and x_heep_system_i/core_v_mini_mcu_i/ao_peripheral_subsystem_i/gpio_ao_i/i_reg_file/u_intrpt_rise_en_intrpt_rise_en_22/q_reg[0]/CE (clocked by sys_clk_pin). Large setup violations at the end of those stages might be difficult to fix during the post-placement implementation flow and could be the result of non-optimal XDC constraints or non-optimal design architecture
Related violations: <none>

TIMING-16#172 Warning
Large setup violation  
There is a large setup violation of -4.446 ns between x_heep_system_i/core_v_mini_mcu_i/ao_peripheral_subsystem_i/obi_fifo_i/obi_req_fifo_i/mem_q_reg[0][addr][29]/C (clocked by sys_clk_pin) and x_heep_system_i/core_v_mini_mcu_i/ao_peripheral_subsystem_i/gpio_ao_i/i_reg_file/u_intrpt_rise_en_intrpt_rise_en_29/q_reg[0]/CE (clocked by sys_clk_pin). Large setup violations at the end of those stages might be difficult to fix during the post-placement implementation flow and could be the result of non-optimal XDC constraints or non-optimal design architecture
Related violations: <none>

TIMING-16#173 Warning
Large setup violation  
There is a large setup violation of -4.447 ns between x_heep_system_i/core_v_mini_mcu_i/ao_peripheral_subsystem_i/obi_fifo_i/obi_req_fifo_i/mem_q_reg[0][addr][29]/C (clocked by sys_clk_pin) and x_heep_system_i/core_v_mini_mcu_i/ao_peripheral_subsystem_i/gpio_ao_i/i_reg_file/u_intrpt_rise_en_intrpt_rise_en_27/q_reg[0]/CE (clocked by sys_clk_pin). Large setup violations at the end of those stages might be difficult to fix during the post-placement implementation flow and could be the result of non-optimal XDC constraints or non-optimal design architecture
Related violations: <none>

TIMING-16#174 Warning
Large setup violation  
There is a large setup violation of -4.454 ns between x_heep_system_i/core_v_mini_mcu_i/ao_peripheral_subsystem_i/obi_fifo_i/obi_req_fifo_i/mem_q_reg[0][addr][29]/C (clocked by sys_clk_pin) and x_heep_system_i/core_v_mini_mcu_i/ao_peripheral_subsystem_i/gpio_ao_i/i_reg_file/u_gpio_out_gpio_out_26/q_reg[0]/D (clocked by sys_clk_pin). Large setup violations at the end of those stages might be difficult to fix during the post-placement implementation flow and could be the result of non-optimal XDC constraints or non-optimal design architecture
Related violations: <none>

TIMING-16#175 Warning
Large setup violation  
There is a large setup violation of -4.474 ns between x_heep_system_i/core_v_mini_mcu_i/ao_peripheral_subsystem_i/obi_fifo_i/obi_req_fifo_i/mem_q_reg[0][addr][29]/C (clocked by sys_clk_pin) and x_heep_system_i/core_v_mini_mcu_i/ao_peripheral_subsystem_i/gpio_ao_i/i_reg_file/u_intrpt_fall_status_intrpt_fall_status_15/q_reg[0]/D (clocked by sys_clk_pin). Large setup violations at the end of those stages might be difficult to fix during the post-placement implementation flow and could be the result of non-optimal XDC constraints or non-optimal design architecture
Related violations: <none>

TIMING-16#176 Warning
Large setup violation  
There is a large setup violation of -4.476 ns between x_heep_system_i/core_v_mini_mcu_i/ao_peripheral_subsystem_i/obi_fifo_i/obi_req_fifo_i/mem_q_reg[0][addr][29]/C (clocked by sys_clk_pin) and x_heep_system_i/core_v_mini_mcu_i/ao_peripheral_subsystem_i/gpio_ao_i/i_reg_file/u_intrpt_rise_en_intrpt_rise_en_30/q_reg[0]/CE (clocked by sys_clk_pin). Large setup violations at the end of those stages might be difficult to fix during the post-placement implementation flow and could be the result of non-optimal XDC constraints or non-optimal design architecture
Related violations: <none>

TIMING-16#177 Warning
Large setup violation  
There is a large setup violation of -4.479 ns between x_heep_system_i/core_v_mini_mcu_i/ao_peripheral_subsystem_i/obi_fifo_i/obi_req_fifo_i/mem_q_reg[0][addr][29]/C (clocked by sys_clk_pin) and x_heep_system_i/core_v_mini_mcu_i/ao_peripheral_subsystem_i/gpio_ao_i/i_reg_file/u_intrpt_rise_status_intrpt_rise_status_25/q_reg[0]/D (clocked by sys_clk_pin). Large setup violations at the end of those stages might be difficult to fix during the post-placement implementation flow and could be the result of non-optimal XDC constraints or non-optimal design architecture
Related violations: <none>

TIMING-16#178 Warning
Large setup violation  
There is a large setup violation of -4.484 ns between x_heep_system_i/core_v_mini_mcu_i/ao_peripheral_subsystem_i/obi_fifo_i/obi_req_fifo_i/mem_q_reg[0][addr][29]/C (clocked by sys_clk_pin) and x_heep_system_i/core_v_mini_mcu_i/ao_peripheral_subsystem_i/gpio_ao_i/i_reg_file/u_intrpt_rise_en_intrpt_rise_en_10/q_reg[0]/CE (clocked by sys_clk_pin). Large setup violations at the end of those stages might be difficult to fix during the post-placement implementation flow and could be the result of non-optimal XDC constraints or non-optimal design architecture
Related violations: <none>

TIMING-16#179 Warning
Large setup violation  
There is a large setup violation of -4.486 ns between x_heep_system_i/core_v_mini_mcu_i/ao_peripheral_subsystem_i/obi_fifo_i/obi_req_fifo_i/mem_q_reg[0][addr][29]/C (clocked by sys_clk_pin) and x_heep_system_i/core_v_mini_mcu_i/ao_peripheral_subsystem_i/gpio_ao_i/i_reg_file/u_intrpt_rise_en_intrpt_rise_en_20/q_reg[0]/CE (clocked by sys_clk_pin). Large setup violations at the end of those stages might be difficult to fix during the post-placement implementation flow and could be the result of non-optimal XDC constraints or non-optimal design architecture
Related violations: <none>

TIMING-16#180 Warning
Large setup violation  
There is a large setup violation of -4.502 ns between x_heep_system_i/core_v_mini_mcu_i/ao_peripheral_subsystem_i/obi_fifo_i/obi_req_fifo_i/mem_q_reg[0][addr][29]/C (clocked by sys_clk_pin) and x_heep_system_i/core_v_mini_mcu_i/ao_peripheral_subsystem_i/gpio_ao_i/i_reg_file/u_gpio_out_gpio_out_27/q_reg[0]/D (clocked by sys_clk_pin). Large setup violations at the end of those stages might be difficult to fix during the post-placement implementation flow and could be the result of non-optimal XDC constraints or non-optimal design architecture
Related violations: <none>

TIMING-16#181 Warning
Large setup violation  
There is a large setup violation of -4.526 ns between x_heep_system_i/core_v_mini_mcu_i/ao_peripheral_subsystem_i/obi_fifo_i/obi_req_fifo_i/mem_q_reg[0][addr][29]/C (clocked by sys_clk_pin) and x_heep_system_i/core_v_mini_mcu_i/ao_peripheral_subsystem_i/gpio_ao_i/i_reg_file/u_intrpt_rise_en_intrpt_rise_en_12/q_reg[0]/CE (clocked by sys_clk_pin). Large setup violations at the end of those stages might be difficult to fix during the post-placement implementation flow and could be the result of non-optimal XDC constraints or non-optimal design architecture
Related violations: <none>

TIMING-16#182 Warning
Large setup violation  
There is a large setup violation of -4.526 ns between x_heep_system_i/core_v_mini_mcu_i/ao_peripheral_subsystem_i/obi_fifo_i/obi_req_fifo_i/mem_q_reg[0][addr][29]/C (clocked by sys_clk_pin) and x_heep_system_i/core_v_mini_mcu_i/ao_peripheral_subsystem_i/gpio_ao_i/i_reg_file/u_intrpt_rise_en_intrpt_rise_en_15/q_reg[0]/CE (clocked by sys_clk_pin). Large setup violations at the end of those stages might be difficult to fix during the post-placement implementation flow and could be the result of non-optimal XDC constraints or non-optimal design architecture
Related violations: <none>

TIMING-16#183 Warning
Large setup violation  
There is a large setup violation of -4.526 ns between x_heep_system_i/core_v_mini_mcu_i/ao_peripheral_subsystem_i/obi_fifo_i/obi_req_fifo_i/mem_q_reg[0][addr][29]/C (clocked by sys_clk_pin) and x_heep_system_i/core_v_mini_mcu_i/ao_peripheral_subsystem_i/gpio_ao_i/i_reg_file/u_intrpt_rise_en_intrpt_rise_en_26/q_reg[0]/CE (clocked by sys_clk_pin). Large setup violations at the end of those stages might be difficult to fix during the post-placement implementation flow and could be the result of non-optimal XDC constraints or non-optimal design architecture
Related violations: <none>

TIMING-16#184 Warning
Large setup violation  
There is a large setup violation of -4.540 ns between x_heep_system_i/core_v_mini_mcu_i/ao_peripheral_subsystem_i/obi_fifo_i/obi_req_fifo_i/mem_q_reg[0][addr][29]/C (clocked by sys_clk_pin) and x_heep_system_i/core_v_mini_mcu_i/ao_peripheral_subsystem_i/gpio_ao_i/i_reg_file/u_gpio_mode_1_mode_28/q_reg[0]/CE (clocked by sys_clk_pin). Large setup violations at the end of those stages might be difficult to fix during the post-placement implementation flow and could be the result of non-optimal XDC constraints or non-optimal design architecture
Related violations: <none>

TIMING-16#185 Warning
Large setup violation  
There is a large setup violation of -4.540 ns between x_heep_system_i/core_v_mini_mcu_i/ao_peripheral_subsystem_i/obi_fifo_i/obi_req_fifo_i/mem_q_reg[0][addr][29]/C (clocked by sys_clk_pin) and x_heep_system_i/core_v_mini_mcu_i/ao_peripheral_subsystem_i/gpio_ao_i/i_reg_file/u_gpio_mode_1_mode_28/q_reg[1]/CE (clocked by sys_clk_pin). Large setup violations at the end of those stages might be difficult to fix during the post-placement implementation flow and could be the result of non-optimal XDC constraints or non-optimal design architecture
Related violations: <none>

TIMING-16#186 Warning
Large setup violation  
There is a large setup violation of -4.544 ns between x_heep_system_i/core_v_mini_mcu_i/ao_peripheral_subsystem_i/obi_fifo_i/obi_req_fifo_i/mem_q_reg[0][addr][29]/C (clocked by sys_clk_pin) and x_heep_system_i/core_v_mini_mcu_i/ao_peripheral_subsystem_i/gpio_ao_i/i_reg_file/u_intrpt_rise_en_intrpt_rise_en_21/q_reg[0]/CE (clocked by sys_clk_pin). Large setup violations at the end of those stages might be difficult to fix during the post-placement implementation flow and could be the result of non-optimal XDC constraints or non-optimal design architecture
Related violations: <none>

TIMING-16#187 Warning
Large setup violation  
There is a large setup violation of -4.544 ns between x_heep_system_i/core_v_mini_mcu_i/ao_peripheral_subsystem_i/obi_fifo_i/obi_req_fifo_i/mem_q_reg[0][addr][29]/C (clocked by sys_clk_pin) and x_heep_system_i/core_v_mini_mcu_i/ao_peripheral_subsystem_i/gpio_ao_i/i_reg_file/u_intrpt_rise_en_intrpt_rise_en_24/q_reg[0]/CE (clocked by sys_clk_pin). Large setup violations at the end of those stages might be difficult to fix during the post-placement implementation flow and could be the result of non-optimal XDC constraints or non-optimal design architecture
Related violations: <none>

TIMING-16#188 Warning
Large setup violation  
There is a large setup violation of -4.544 ns between x_heep_system_i/core_v_mini_mcu_i/ao_peripheral_subsystem_i/obi_fifo_i/obi_req_fifo_i/mem_q_reg[0][addr][29]/C (clocked by sys_clk_pin) and x_heep_system_i/core_v_mini_mcu_i/ao_peripheral_subsystem_i/gpio_ao_i/i_reg_file/u_intrpt_rise_status_intrpt_rise_status_27/q_reg[0]/D (clocked by sys_clk_pin). Large setup violations at the end of those stages might be difficult to fix during the post-placement implementation flow and could be the result of non-optimal XDC constraints or non-optimal design architecture
Related violations: <none>

TIMING-16#189 Warning
Large setup violation  
There is a large setup violation of -4.545 ns between x_heep_system_i/core_v_mini_mcu_i/ao_peripheral_subsystem_i/obi_fifo_i/obi_req_fifo_i/mem_q_reg[0][addr][29]/C (clocked by sys_clk_pin) and x_heep_system_i/core_v_mini_mcu_i/ao_peripheral_subsystem_i/power_manager_i/power_manager_reg_top_i/u_cpu_wait_ack_switch_on_counter/q_reg[0]/D (clocked by sys_clk_pin). Large setup violations at the end of those stages might be difficult to fix during the post-placement implementation flow and could be the result of non-optimal XDC constraints or non-optimal design architecture
Related violations: <none>

TIMING-16#190 Warning
Large setup violation  
There is a large setup violation of -4.546 ns between x_heep_system_i/core_v_mini_mcu_i/ao_peripheral_subsystem_i/obi_fifo_i/obi_req_fifo_i/mem_q_reg[0][addr][29]/C (clocked by sys_clk_pin) and x_heep_system_i/core_v_mini_mcu_i/ao_peripheral_subsystem_i/gpio_ao_i/i_reg_file/u_intrpt_fall_en_intrpt_fall_en_27/q_reg[0]/CE (clocked by sys_clk_pin). Large setup violations at the end of those stages might be difficult to fix during the post-placement implementation flow and could be the result of non-optimal XDC constraints or non-optimal design architecture
Related violations: <none>

TIMING-16#191 Warning
Large setup violation  
There is a large setup violation of -4.560 ns between x_heep_system_i/core_v_mini_mcu_i/ao_peripheral_subsystem_i/obi_fifo_i/obi_req_fifo_i/mem_q_reg[0][addr][29]/C (clocked by sys_clk_pin) and x_heep_system_i/core_v_mini_mcu_i/ao_peripheral_subsystem_i/gpio_ao_i/i_reg_file/u_intrpt_fall_status_intrpt_fall_status_25/q_reg[0]/D (clocked by sys_clk_pin). Large setup violations at the end of those stages might be difficult to fix during the post-placement implementation flow and could be the result of non-optimal XDC constraints or non-optimal design architecture
Related violations: <none>

TIMING-16#192 Warning
Large setup violation  
There is a large setup violation of -4.569 ns between x_heep_system_i/core_v_mini_mcu_i/ao_peripheral_subsystem_i/obi_fifo_i/obi_req_fifo_i/mem_q_reg[0][addr][29]/C (clocked by sys_clk_pin) and x_heep_system_i/core_v_mini_mcu_i/ao_peripheral_subsystem_i/power_manager_i/power_manager_reg_top_i/u_cpu_iso_off_counter/q_reg[4]/D (clocked by sys_clk_pin). Large setup violations at the end of those stages might be difficult to fix during the post-placement implementation flow and could be the result of non-optimal XDC constraints or non-optimal design architecture
Related violations: <none>

TIMING-16#193 Warning
Large setup violation  
There is a large setup violation of -4.573 ns between x_heep_system_i/core_v_mini_mcu_i/ao_peripheral_subsystem_i/obi_fifo_i/obi_req_fifo_i/mem_q_reg[0][addr][29]/C (clocked by sys_clk_pin) and x_heep_system_i/core_v_mini_mcu_i/ao_peripheral_subsystem_i/gpio_ao_i/i_reg_file/u_intrpt_fall_status_intrpt_fall_status_21/q_reg[0]/D (clocked by sys_clk_pin). Large setup violations at the end of those stages might be difficult to fix during the post-placement implementation flow and could be the result of non-optimal XDC constraints or non-optimal design architecture
Related violations: <none>

TIMING-16#194 Warning
Large setup violation  
There is a large setup violation of -4.574 ns between x_heep_system_i/core_v_mini_mcu_i/ao_peripheral_subsystem_i/obi_fifo_i/obi_req_fifo_i/mem_q_reg[0][addr][29]/C (clocked by sys_clk_pin) and x_heep_system_i/core_v_mini_mcu_i/ao_peripheral_subsystem_i/power_manager_i/power_manager_reg_top_i/u_cpu_iso_off_counter/q_reg[2]/D (clocked by sys_clk_pin). Large setup violations at the end of those stages might be difficult to fix during the post-placement implementation flow and could be the result of non-optimal XDC constraints or non-optimal design architecture
Related violations: <none>

TIMING-16#195 Warning
Large setup violation  
There is a large setup violation of -4.576 ns between x_heep_system_i/core_v_mini_mcu_i/ao_peripheral_subsystem_i/obi_fifo_i/obi_req_fifo_i/mem_q_reg[0][addr][29]/C (clocked by sys_clk_pin) and x_heep_system_i/core_v_mini_mcu_i/ao_peripheral_subsystem_i/gpio_ao_i/i_reg_file/u_intrpt_rise_status_intrpt_rise_status_11/q_reg[0]/D (clocked by sys_clk_pin). Large setup violations at the end of those stages might be difficult to fix during the post-placement implementation flow and could be the result of non-optimal XDC constraints or non-optimal design architecture
Related violations: <none>

TIMING-16#196 Warning
Large setup violation  
There is a large setup violation of -4.583 ns between x_heep_system_i/core_v_mini_mcu_i/ao_peripheral_subsystem_i/obi_fifo_i/obi_req_fifo_i/mem_q_reg[0][addr][29]/C (clocked by sys_clk_pin) and x_heep_system_i/core_v_mini_mcu_i/ao_peripheral_subsystem_i/power_manager_i/power_manager_reg_top_i/u_cpu_switch_on_counter/q_reg[2]/D (clocked by sys_clk_pin). Large setup violations at the end of those stages might be difficult to fix during the post-placement implementation flow and could be the result of non-optimal XDC constraints or non-optimal design architecture
Related violations: <none>

TIMING-16#197 Warning
Large setup violation  
There is a large setup violation of -4.586 ns between x_heep_system_i/core_v_mini_mcu_i/ao_peripheral_subsystem_i/obi_fifo_i/obi_req_fifo_i/mem_q_reg[0][addr][29]/C (clocked by sys_clk_pin) and x_heep_system_i/core_v_mini_mcu_i/ao_peripheral_subsystem_i/gpio_ao_i/i_reg_file/u_intrpt_rise_status_intrpt_rise_status_23/q_reg[0]/D (clocked by sys_clk_pin). Large setup violations at the end of those stages might be difficult to fix during the post-placement implementation flow and could be the result of non-optimal XDC constraints or non-optimal design architecture
Related violations: <none>

TIMING-16#198 Warning
Large setup violation  
There is a large setup violation of -4.590 ns between x_heep_system_i/core_v_mini_mcu_i/ao_peripheral_subsystem_i/obi_fifo_i/obi_req_fifo_i/mem_q_reg[0][addr][29]/C (clocked by sys_clk_pin) and x_heep_system_i/core_v_mini_mcu_i/ao_peripheral_subsystem_i/gpio_ao_i/i_reg_file/u_intrpt_lvl_high_status_intrpt_lvl_high_status_11/q_reg[0]/D (clocked by sys_clk_pin). Large setup violations at the end of those stages might be difficult to fix during the post-placement implementation flow and could be the result of non-optimal XDC constraints or non-optimal design architecture
Related violations: <none>

TIMING-16#199 Warning
Large setup violation  
There is a large setup violation of -4.590 ns between x_heep_system_i/core_v_mini_mcu_i/ao_peripheral_subsystem_i/obi_fifo_i/obi_req_fifo_i/mem_q_reg[0][addr][29]/C (clocked by sys_clk_pin) and x_heep_system_i/core_v_mini_mcu_i/ao_peripheral_subsystem_i/gpio_ao_i/i_reg_file/u_intrpt_rise_status_intrpt_rise_status_10/q_reg[0]/D (clocked by sys_clk_pin). Large setup violations at the end of those stages might be difficult to fix during the post-placement implementation flow and could be the result of non-optimal XDC constraints or non-optimal design architecture
Related violations: <none>

TIMING-16#200 Warning
Large setup violation  
There is a large setup violation of -4.603 ns between x_heep_system_i/core_v_mini_mcu_i/ao_peripheral_subsystem_i/obi_fifo_i/obi_req_fifo_i/mem_q_reg[0][addr][29]/C (clocked by sys_clk_pin) and x_heep_system_i/core_v_mini_mcu_i/ao_peripheral_subsystem_i/gpio_ao_i/i_reg_file/u_intrpt_fall_status_intrpt_fall_status_10/q_reg[0]/D (clocked by sys_clk_pin). Large setup violations at the end of those stages might be difficult to fix during the post-placement implementation flow and could be the result of non-optimal XDC constraints or non-optimal design architecture
Related violations: <none>

TIMING-16#201 Warning
Large setup violation  
There is a large setup violation of -4.642 ns between x_heep_system_i/core_v_mini_mcu_i/ao_peripheral_subsystem_i/obi_fifo_i/obi_req_fifo_i/mem_q_reg[0][addr][29]/C (clocked by sys_clk_pin) and x_heep_system_i/core_v_mini_mcu_i/ao_peripheral_subsystem_i/gpio_ao_i/i_reg_file/u_gpio_mode_1_mode_21/q_reg[0]/CE (clocked by sys_clk_pin). Large setup violations at the end of those stages might be difficult to fix during the post-placement implementation flow and could be the result of non-optimal XDC constraints or non-optimal design architecture
Related violations: <none>

TIMING-16#202 Warning
Large setup violation  
There is a large setup violation of -4.642 ns between x_heep_system_i/core_v_mini_mcu_i/ao_peripheral_subsystem_i/obi_fifo_i/obi_req_fifo_i/mem_q_reg[0][addr][29]/C (clocked by sys_clk_pin) and x_heep_system_i/core_v_mini_mcu_i/ao_peripheral_subsystem_i/gpio_ao_i/i_reg_file/u_gpio_mode_1_mode_21/q_reg[1]/CE (clocked by sys_clk_pin). Large setup violations at the end of those stages might be difficult to fix during the post-placement implementation flow and could be the result of non-optimal XDC constraints or non-optimal design architecture
Related violations: <none>

TIMING-16#203 Warning
Large setup violation  
There is a large setup violation of -4.642 ns between x_heep_system_i/core_v_mini_mcu_i/ao_peripheral_subsystem_i/obi_fifo_i/obi_req_fifo_i/mem_q_reg[0][addr][29]/C (clocked by sys_clk_pin) and x_heep_system_i/core_v_mini_mcu_i/ao_peripheral_subsystem_i/gpio_ao_i/i_reg_file/u_gpio_mode_1_mode_26/q_reg[0]/CE (clocked by sys_clk_pin). Large setup violations at the end of those stages might be difficult to fix during the post-placement implementation flow and could be the result of non-optimal XDC constraints or non-optimal design architecture
Related violations: <none>

TIMING-16#204 Warning
Large setup violation  
There is a large setup violation of -4.642 ns between x_heep_system_i/core_v_mini_mcu_i/ao_peripheral_subsystem_i/obi_fifo_i/obi_req_fifo_i/mem_q_reg[0][addr][29]/C (clocked by sys_clk_pin) and x_heep_system_i/core_v_mini_mcu_i/ao_peripheral_subsystem_i/gpio_ao_i/i_reg_file/u_gpio_mode_1_mode_26/q_reg[1]/CE (clocked by sys_clk_pin). Large setup violations at the end of those stages might be difficult to fix during the post-placement implementation flow and could be the result of non-optimal XDC constraints or non-optimal design architecture
Related violations: <none>

TIMING-16#205 Warning
Large setup violation  
There is a large setup violation of -4.646 ns between x_heep_system_i/core_v_mini_mcu_i/ao_peripheral_subsystem_i/obi_fifo_i/obi_req_fifo_i/mem_q_reg[0][addr][29]/C (clocked by sys_clk_pin) and x_heep_system_i/core_v_mini_mcu_i/ao_peripheral_subsystem_i/gpio_ao_i/i_reg_file/u_gpio_out_gpio_out_31/q_reg[0]/D (clocked by sys_clk_pin). Large setup violations at the end of those stages might be difficult to fix during the post-placement implementation flow and could be the result of non-optimal XDC constraints or non-optimal design architecture
Related violations: <none>

TIMING-16#206 Warning
Large setup violation  
There is a large setup violation of -4.647 ns between x_heep_system_i/core_v_mini_mcu_i/ao_peripheral_subsystem_i/obi_fifo_i/obi_req_fifo_i/mem_q_reg[0][addr][29]/C (clocked by sys_clk_pin) and x_heep_system_i/core_v_mini_mcu_i/ao_peripheral_subsystem_i/gpio_ao_i/i_reg_file/u_intrpt_rise_status_intrpt_rise_status_26/q_reg[0]/D (clocked by sys_clk_pin). Large setup violations at the end of those stages might be difficult to fix during the post-placement implementation flow and could be the result of non-optimal XDC constraints or non-optimal design architecture
Related violations: <none>

TIMING-16#207 Warning
Large setup violation  
There is a large setup violation of -4.649 ns between x_heep_system_i/core_v_mini_mcu_i/ao_peripheral_subsystem_i/obi_fifo_i/obi_req_fifo_i/mem_q_reg[0][addr][29]/C (clocked by sys_clk_pin) and x_heep_system_i/core_v_mini_mcu_i/ao_peripheral_subsystem_i/gpio_ao_i/i_reg_file/u_intrpt_fall_status_intrpt_fall_status_26/q_reg[0]/D (clocked by sys_clk_pin). Large setup violations at the end of those stages might be difficult to fix during the post-placement implementation flow and could be the result of non-optimal XDC constraints or non-optimal design architecture
Related violations: <none>

TIMING-16#208 Warning
Large setup violation  
There is a large setup violation of -4.660 ns between x_heep_system_i/core_v_mini_mcu_i/ao_peripheral_subsystem_i/obi_fifo_i/obi_req_fifo_i/mem_q_reg[0][addr][29]/C (clocked by sys_clk_pin) and x_heep_system_i/core_v_mini_mcu_i/ao_peripheral_subsystem_i/gpio_ao_i/i_reg_file/u_intrpt_rise_en_intrpt_rise_en_8/q_reg[0]/CE (clocked by sys_clk_pin). Large setup violations at the end of those stages might be difficult to fix during the post-placement implementation flow and could be the result of non-optimal XDC constraints or non-optimal design architecture
Related violations: <none>

TIMING-16#209 Warning
Large setup violation  
There is a large setup violation of -4.661 ns between x_heep_system_i/core_v_mini_mcu_i/ao_peripheral_subsystem_i/obi_fifo_i/obi_req_fifo_i/mem_q_reg[0][addr][29]/C (clocked by sys_clk_pin) and x_heep_system_i/core_v_mini_mcu_i/ao_peripheral_subsystem_i/gpio_ao_i/i_reg_file/u_gpio_mode_1_mode_29/q_reg[0]/CE (clocked by sys_clk_pin). Large setup violations at the end of those stages might be difficult to fix during the post-placement implementation flow and could be the result of non-optimal XDC constraints or non-optimal design architecture
Related violations: <none>

TIMING-16#210 Warning
Large setup violation  
There is a large setup violation of -4.661 ns between x_heep_system_i/core_v_mini_mcu_i/ao_peripheral_subsystem_i/obi_fifo_i/obi_req_fifo_i/mem_q_reg[0][addr][29]/C (clocked by sys_clk_pin) and x_heep_system_i/core_v_mini_mcu_i/ao_peripheral_subsystem_i/gpio_ao_i/i_reg_file/u_gpio_mode_1_mode_30/q_reg[1]/CE (clocked by sys_clk_pin). Large setup violations at the end of those stages might be difficult to fix during the post-placement implementation flow and could be the result of non-optimal XDC constraints or non-optimal design architecture
Related violations: <none>

TIMING-16#211 Warning
Large setup violation  
There is a large setup violation of -4.661 ns between x_heep_system_i/core_v_mini_mcu_i/ao_peripheral_subsystem_i/obi_fifo_i/obi_req_fifo_i/mem_q_reg[0][addr][29]/C (clocked by sys_clk_pin) and x_heep_system_i/core_v_mini_mcu_i/ao_peripheral_subsystem_i/gpio_ao_i/i_reg_file/u_gpio_mode_1_mode_31/q_reg[0]/CE (clocked by sys_clk_pin). Large setup violations at the end of those stages might be difficult to fix during the post-placement implementation flow and could be the result of non-optimal XDC constraints or non-optimal design architecture
Related violations: <none>

TIMING-16#212 Warning
Large setup violation  
There is a large setup violation of -4.680 ns between x_heep_system_i/core_v_mini_mcu_i/ao_peripheral_subsystem_i/obi_fifo_i/obi_req_fifo_i/mem_q_reg[0][addr][29]/C (clocked by sys_clk_pin) and x_heep_system_i/core_v_mini_mcu_i/ao_peripheral_subsystem_i/gpio_ao_i/i_reg_file/u_gpio_out_gpio_out_22/q_reg[0]/D (clocked by sys_clk_pin). Large setup violations at the end of those stages might be difficult to fix during the post-placement implementation flow and could be the result of non-optimal XDC constraints or non-optimal design architecture
Related violations: <none>

TIMING-16#213 Warning
Large setup violation  
There is a large setup violation of -4.684 ns between x_heep_system_i/core_v_mini_mcu_i/ao_peripheral_subsystem_i/obi_fifo_i/obi_req_fifo_i/mem_q_reg[0][addr][29]/C (clocked by sys_clk_pin) and x_heep_system_i/core_v_mini_mcu_i/ao_peripheral_subsystem_i/power_manager_i/power_manager_reg_top_i/u_cpu_counters_stop_cpu_iso_off_stop_bit_counter/q_reg[0]/D (clocked by sys_clk_pin). Large setup violations at the end of those stages might be difficult to fix during the post-placement implementation flow and could be the result of non-optimal XDC constraints or non-optimal design architecture
Related violations: <none>

TIMING-16#214 Warning
Large setup violation  
There is a large setup violation of -4.701 ns between x_heep_system_i/core_v_mini_mcu_i/ao_peripheral_subsystem_i/obi_fifo_i/obi_req_fifo_i/mem_q_reg[0][addr][29]/C (clocked by sys_clk_pin) and x_heep_system_i/core_v_mini_mcu_i/ao_peripheral_subsystem_i/gpio_ao_i/i_reg_file/u_intrpt_rise_status_intrpt_rise_status_15/q_reg[0]/D (clocked by sys_clk_pin). Large setup violations at the end of those stages might be difficult to fix during the post-placement implementation flow and could be the result of non-optimal XDC constraints or non-optimal design architecture
Related violations: <none>

TIMING-16#215 Warning
Large setup violation  
There is a large setup violation of -4.711 ns between x_heep_system_i/core_v_mini_mcu_i/ao_peripheral_subsystem_i/obi_fifo_i/obi_req_fifo_i/mem_q_reg[0][addr][29]/C (clocked by sys_clk_pin) and x_heep_system_i/core_v_mini_mcu_i/ao_peripheral_subsystem_i/gpio_ao_i/i_reg_file/u_intrpt_rise_status_intrpt_rise_status_29/q_reg[0]/D (clocked by sys_clk_pin). Large setup violations at the end of those stages might be difficult to fix during the post-placement implementation flow and could be the result of non-optimal XDC constraints or non-optimal design architecture
Related violations: <none>

TIMING-16#216 Warning
Large setup violation  
There is a large setup violation of -4.724 ns between x_heep_system_i/core_v_mini_mcu_i/ao_peripheral_subsystem_i/obi_fifo_i/obi_req_fifo_i/mem_q_reg[0][addr][29]/C (clocked by sys_clk_pin) and x_heep_system_i/core_v_mini_mcu_i/ao_peripheral_subsystem_i/gpio_ao_i/i_reg_file/u_intrpt_rise_en_intrpt_rise_en_1/q_reg[0]/CE (clocked by sys_clk_pin). Large setup violations at the end of those stages might be difficult to fix during the post-placement implementation flow and could be the result of non-optimal XDC constraints or non-optimal design architecture
Related violations: <none>

TIMING-16#217 Warning
Large setup violation  
There is a large setup violation of -4.724 ns between x_heep_system_i/core_v_mini_mcu_i/ao_peripheral_subsystem_i/obi_fifo_i/obi_req_fifo_i/mem_q_reg[0][addr][29]/C (clocked by sys_clk_pin) and x_heep_system_i/core_v_mini_mcu_i/ao_peripheral_subsystem_i/gpio_ao_i/i_reg_file/u_intrpt_rise_en_intrpt_rise_en_2/q_reg[0]/CE (clocked by sys_clk_pin). Large setup violations at the end of those stages might be difficult to fix during the post-placement implementation flow and could be the result of non-optimal XDC constraints or non-optimal design architecture
Related violations: <none>

TIMING-16#218 Warning
Large setup violation  
There is a large setup violation of -4.725 ns between x_heep_system_i/core_v_mini_mcu_i/ao_peripheral_subsystem_i/obi_fifo_i/obi_req_fifo_i/mem_q_reg[0][addr][29]/C (clocked by sys_clk_pin) and x_heep_system_i/core_v_mini_mcu_i/ao_peripheral_subsystem_i/gpio_ao_i/i_reg_file/u_intrpt_fall_status_intrpt_fall_status_23/q_reg[0]/D (clocked by sys_clk_pin). Large setup violations at the end of those stages might be difficult to fix during the post-placement implementation flow and could be the result of non-optimal XDC constraints or non-optimal design architecture
Related violations: <none>

TIMING-16#219 Warning
Large setup violation  
There is a large setup violation of -4.730 ns between x_heep_system_i/core_v_mini_mcu_i/ao_peripheral_subsystem_i/obi_fifo_i/obi_req_fifo_i/mem_q_reg[0][addr][29]/C (clocked by sys_clk_pin) and x_heep_system_i/core_v_mini_mcu_i/ao_peripheral_subsystem_i/gpio_ao_i/i_reg_file/u_intrpt_lvl_high_en_intrpt_lvl_high_en_8/q_reg[0]/CE (clocked by sys_clk_pin). Large setup violations at the end of those stages might be difficult to fix during the post-placement implementation flow and could be the result of non-optimal XDC constraints or non-optimal design architecture
Related violations: <none>

TIMING-16#220 Warning
Large setup violation  
There is a large setup violation of -4.733 ns between x_heep_system_i/core_v_mini_mcu_i/ao_peripheral_subsystem_i/obi_fifo_i/obi_req_fifo_i/mem_q_reg[0][addr][29]/C (clocked by sys_clk_pin) and x_heep_system_i/core_v_mini_mcu_i/ao_peripheral_subsystem_i/gpio_ao_i/i_reg_file/u_intrpt_fall_status_intrpt_fall_status_30/q_reg[0]/D (clocked by sys_clk_pin). Large setup violations at the end of those stages might be difficult to fix during the post-placement implementation flow and could be the result of non-optimal XDC constraints or non-optimal design architecture
Related violations: <none>

TIMING-16#221 Warning
Large setup violation  
There is a large setup violation of -4.735 ns between x_heep_system_i/core_v_mini_mcu_i/ao_peripheral_subsystem_i/obi_fifo_i/obi_req_fifo_i/mem_q_reg[0][addr][29]/C (clocked by sys_clk_pin) and x_heep_system_i/core_v_mini_mcu_i/ao_peripheral_subsystem_i/gpio_ao_i/i_reg_file/u_gpio_mode_1_mode_22/q_reg[0]/CE (clocked by sys_clk_pin). Large setup violations at the end of those stages might be difficult to fix during the post-placement implementation flow and could be the result of non-optimal XDC constraints or non-optimal design architecture
Related violations: <none>

TIMING-16#222 Warning
Large setup violation  
There is a large setup violation of -4.735 ns between x_heep_system_i/core_v_mini_mcu_i/ao_peripheral_subsystem_i/obi_fifo_i/obi_req_fifo_i/mem_q_reg[0][addr][29]/C (clocked by sys_clk_pin) and x_heep_system_i/core_v_mini_mcu_i/ao_peripheral_subsystem_i/gpio_ao_i/i_reg_file/u_gpio_mode_1_mode_27/q_reg[0]/CE (clocked by sys_clk_pin). Large setup violations at the end of those stages might be difficult to fix during the post-placement implementation flow and could be the result of non-optimal XDC constraints or non-optimal design architecture
Related violations: <none>

TIMING-16#223 Warning
Large setup violation  
There is a large setup violation of -4.735 ns between x_heep_system_i/core_v_mini_mcu_i/ao_peripheral_subsystem_i/obi_fifo_i/obi_req_fifo_i/mem_q_reg[0][addr][29]/C (clocked by sys_clk_pin) and x_heep_system_i/core_v_mini_mcu_i/ao_peripheral_subsystem_i/gpio_ao_i/i_reg_file/u_gpio_mode_1_mode_29/q_reg[1]/CE (clocked by sys_clk_pin). Large setup violations at the end of those stages might be difficult to fix during the post-placement implementation flow and could be the result of non-optimal XDC constraints or non-optimal design architecture
Related violations: <none>

TIMING-16#224 Warning
Large setup violation  
There is a large setup violation of -4.735 ns between x_heep_system_i/core_v_mini_mcu_i/ao_peripheral_subsystem_i/obi_fifo_i/obi_req_fifo_i/mem_q_reg[0][addr][29]/C (clocked by sys_clk_pin) and x_heep_system_i/core_v_mini_mcu_i/ao_peripheral_subsystem_i/gpio_ao_i/i_reg_file/u_gpio_mode_1_mode_31/q_reg[1]/CE (clocked by sys_clk_pin). Large setup violations at the end of those stages might be difficult to fix during the post-placement implementation flow and could be the result of non-optimal XDC constraints or non-optimal design architecture
Related violations: <none>

TIMING-16#225 Warning
Large setup violation  
There is a large setup violation of -4.739 ns between x_heep_system_i/core_v_mini_mcu_i/ao_peripheral_subsystem_i/obi_fifo_i/obi_req_fifo_i/mem_q_reg[0][addr][29]/C (clocked by sys_clk_pin) and x_heep_system_i/core_v_mini_mcu_i/ao_peripheral_subsystem_i/gpio_ao_i/i_reg_file/u_gpio_out_gpio_out_29/q_reg[0]/D (clocked by sys_clk_pin). Large setup violations at the end of those stages might be difficult to fix during the post-placement implementation flow and could be the result of non-optimal XDC constraints or non-optimal design architecture
Related violations: <none>

TIMING-16#226 Warning
Large setup violation  
There is a large setup violation of -4.739 ns between x_heep_system_i/core_v_mini_mcu_i/ao_peripheral_subsystem_i/obi_fifo_i/obi_req_fifo_i/mem_q_reg[0][addr][29]/C (clocked by sys_clk_pin) and x_heep_system_i/core_v_mini_mcu_i/ao_peripheral_subsystem_i/gpio_ao_i/i_reg_file/u_intrpt_lvl_high_status_intrpt_lvl_high_status_27/q_reg[0]/D (clocked by sys_clk_pin). Large setup violations at the end of those stages might be difficult to fix during the post-placement implementation flow and could be the result of non-optimal XDC constraints or non-optimal design architecture
Related violations: <none>

TIMING-16#227 Warning
Large setup violation  
There is a large setup violation of -4.743 ns between x_heep_system_i/core_v_mini_mcu_i/ao_peripheral_subsystem_i/obi_fifo_i/obi_req_fifo_i/mem_q_reg[0][addr][29]/C (clocked by sys_clk_pin) and x_heep_system_i/core_v_mini_mcu_i/ao_peripheral_subsystem_i/gpio_ao_i/i_reg_file/u_gpio_out_gpio_out_30/q_reg[0]/D (clocked by sys_clk_pin). Large setup violations at the end of those stages might be difficult to fix during the post-placement implementation flow and could be the result of non-optimal XDC constraints or non-optimal design architecture
Related violations: <none>

TIMING-16#228 Warning
Large setup violation  
There is a large setup violation of -4.745 ns between x_heep_system_i/core_v_mini_mcu_i/ao_peripheral_subsystem_i/obi_fifo_i/obi_req_fifo_i/mem_q_reg[0][addr][29]/C (clocked by sys_clk_pin) and x_heep_system_i/core_v_mini_mcu_i/ao_peripheral_subsystem_i/gpio_ao_i/i_reg_file/u_gpio_out_gpio_out_15/q_reg[0]/D (clocked by sys_clk_pin). Large setup violations at the end of those stages might be difficult to fix during the post-placement implementation flow and could be the result of non-optimal XDC constraints or non-optimal design architecture
Related violations: <none>

TIMING-16#229 Warning
Large setup violation  
There is a large setup violation of -4.760 ns between x_heep_system_i/core_v_mini_mcu_i/ao_peripheral_subsystem_i/obi_fifo_i/obi_req_fifo_i/mem_q_reg[0][addr][29]/C (clocked by sys_clk_pin) and x_heep_system_i/core_v_mini_mcu_i/ao_peripheral_subsystem_i/gpio_ao_i/i_reg_file/u_intrpt_lvl_high_en_intrpt_lvl_high_en_24/q_reg[0]/CE (clocked by sys_clk_pin). Large setup violations at the end of those stages might be difficult to fix during the post-placement implementation flow and could be the result of non-optimal XDC constraints or non-optimal design architecture
Related violations: <none>

TIMING-16#230 Warning
Large setup violation  
There is a large setup violation of -4.762 ns between x_heep_system_i/core_v_mini_mcu_i/ao_peripheral_subsystem_i/obi_fifo_i/obi_req_fifo_i/mem_q_reg[0][addr][29]/C (clocked by sys_clk_pin) and x_heep_system_i/core_v_mini_mcu_i/ao_peripheral_subsystem_i/gpio_ao_i/i_reg_file/u_intrpt_rise_en_intrpt_rise_en_23/q_reg[0]/CE (clocked by sys_clk_pin). Large setup violations at the end of those stages might be difficult to fix during the post-placement implementation flow and could be the result of non-optimal XDC constraints or non-optimal design architecture
Related violations: <none>

TIMING-16#231 Warning
Large setup violation  
There is a large setup violation of -4.770 ns between x_heep_system_i/core_v_mini_mcu_i/ao_peripheral_subsystem_i/obi_fifo_i/obi_req_fifo_i/mem_q_reg[0][addr][29]/C (clocked by sys_clk_pin) and x_heep_system_i/core_v_mini_mcu_i/ao_peripheral_subsystem_i/power_manager_i/power_manager_reg_top_i/u_cpu_iso_on_counter/q_reg[0]/D (clocked by sys_clk_pin). Large setup violations at the end of those stages might be difficult to fix during the post-placement implementation flow and could be the result of non-optimal XDC constraints or non-optimal design architecture
Related violations: <none>

TIMING-16#232 Warning
Large setup violation  
There is a large setup violation of -4.775 ns between x_heep_system_i/core_v_mini_mcu_i/ao_peripheral_subsystem_i/obi_fifo_i/obi_req_fifo_i/mem_q_reg[0][addr][29]/C (clocked by sys_clk_pin) and x_heep_system_i/core_v_mini_mcu_i/ao_peripheral_subsystem_i/gpio_ao_i/i_reg_file/u_intrpt_rise_en_intrpt_rise_en_4/q_reg[0]/CE (clocked by sys_clk_pin). Large setup violations at the end of those stages might be difficult to fix during the post-placement implementation flow and could be the result of non-optimal XDC constraints or non-optimal design architecture
Related violations: <none>

TIMING-16#233 Warning
Large setup violation  
There is a large setup violation of -4.780 ns between x_heep_system_i/core_v_mini_mcu_i/ao_peripheral_subsystem_i/obi_fifo_i/obi_req_fifo_i/mem_q_reg[0][addr][29]/C (clocked by sys_clk_pin) and x_heep_system_i/core_v_mini_mcu_i/ao_peripheral_subsystem_i/gpio_ao_i/i_reg_file/u_intrpt_lvl_high_en_intrpt_lvl_high_en_3/q_reg[0]/CE (clocked by sys_clk_pin). Large setup violations at the end of those stages might be difficult to fix during the post-placement implementation flow and could be the result of non-optimal XDC constraints or non-optimal design architecture
Related violations: <none>

TIMING-16#234 Warning
Large setup violation  
There is a large setup violation of -4.780 ns between x_heep_system_i/core_v_mini_mcu_i/ao_peripheral_subsystem_i/obi_fifo_i/obi_req_fifo_i/mem_q_reg[0][addr][29]/C (clocked by sys_clk_pin) and x_heep_system_i/core_v_mini_mcu_i/ao_peripheral_subsystem_i/gpio_ao_i/i_reg_file/u_intrpt_lvl_high_en_intrpt_lvl_high_en_4/q_reg[0]/CE (clocked by sys_clk_pin). Large setup violations at the end of those stages might be difficult to fix during the post-placement implementation flow and could be the result of non-optimal XDC constraints or non-optimal design architecture
Related violations: <none>

TIMING-16#235 Warning
Large setup violation  
There is a large setup violation of -4.780 ns between x_heep_system_i/core_v_mini_mcu_i/ao_peripheral_subsystem_i/obi_fifo_i/obi_req_fifo_i/mem_q_reg[0][addr][29]/C (clocked by sys_clk_pin) and x_heep_system_i/core_v_mini_mcu_i/ao_peripheral_subsystem_i/gpio_ao_i/i_reg_file/u_intrpt_lvl_high_en_intrpt_lvl_high_en_5/q_reg[0]/CE (clocked by sys_clk_pin). Large setup violations at the end of those stages might be difficult to fix during the post-placement implementation flow and could be the result of non-optimal XDC constraints or non-optimal design architecture
Related violations: <none>

TIMING-16#236 Warning
Large setup violation  
There is a large setup violation of -4.780 ns between x_heep_system_i/core_v_mini_mcu_i/ao_peripheral_subsystem_i/obi_fifo_i/obi_req_fifo_i/mem_q_reg[0][addr][29]/C (clocked by sys_clk_pin) and x_heep_system_i/core_v_mini_mcu_i/ao_peripheral_subsystem_i/gpio_ao_i/i_reg_file/u_intrpt_lvl_high_en_intrpt_lvl_high_en_6/q_reg[0]/CE (clocked by sys_clk_pin). Large setup violations at the end of those stages might be difficult to fix during the post-placement implementation flow and could be the result of non-optimal XDC constraints or non-optimal design architecture
Related violations: <none>

TIMING-16#237 Warning
Large setup violation  
There is a large setup violation of -4.783 ns between x_heep_system_i/core_v_mini_mcu_i/ao_peripheral_subsystem_i/obi_fifo_i/obi_req_fifo_i/mem_q_reg[0][addr][29]/C (clocked by sys_clk_pin) and x_heep_system_i/core_v_mini_mcu_i/ao_peripheral_subsystem_i/gpio_ao_i/i_reg_file/u_intrpt_rise_en_intrpt_rise_en_13/q_reg[0]/CE (clocked by sys_clk_pin). Large setup violations at the end of those stages might be difficult to fix during the post-placement implementation flow and could be the result of non-optimal XDC constraints or non-optimal design architecture
Related violations: <none>

TIMING-16#238 Warning
Large setup violation  
There is a large setup violation of -4.785 ns between x_heep_system_i/core_v_mini_mcu_i/ao_peripheral_subsystem_i/obi_fifo_i/obi_req_fifo_i/mem_q_reg[0][addr][29]/C (clocked by sys_clk_pin) and x_heep_system_i/core_v_mini_mcu_i/ao_peripheral_subsystem_i/gpio_ao_i/i_reg_file/u_gpio_mode_1_mode_22/q_reg[1]/CE (clocked by sys_clk_pin). Large setup violations at the end of those stages might be difficult to fix during the post-placement implementation flow and could be the result of non-optimal XDC constraints or non-optimal design architecture
Related violations: <none>

TIMING-16#239 Warning
Large setup violation  
There is a large setup violation of -4.787 ns between x_heep_system_i/core_v_mini_mcu_i/ao_peripheral_subsystem_i/obi_fifo_i/obi_req_fifo_i/mem_q_reg[0][addr][29]/C (clocked by sys_clk_pin) and x_heep_system_i/core_v_mini_mcu_i/ao_peripheral_subsystem_i/gpio_ao_i/i_reg_file/u_intrpt_rise_en_intrpt_rise_en_28/q_reg[0]/CE (clocked by sys_clk_pin). Large setup violations at the end of those stages might be difficult to fix during the post-placement implementation flow and could be the result of non-optimal XDC constraints or non-optimal design architecture
Related violations: <none>

TIMING-16#240 Warning
Large setup violation  
There is a large setup violation of -4.788 ns between x_heep_system_i/core_v_mini_mcu_i/ao_peripheral_subsystem_i/obi_fifo_i/obi_req_fifo_i/mem_q_reg[0][addr][29]/C (clocked by sys_clk_pin) and x_heep_system_i/core_v_mini_mcu_i/ao_peripheral_subsystem_i/gpio_ao_i/i_reg_file/u_gpio_out_gpio_out_11/q_reg[0]/D (clocked by sys_clk_pin). Large setup violations at the end of those stages might be difficult to fix during the post-placement implementation flow and could be the result of non-optimal XDC constraints or non-optimal design architecture
Related violations: <none>

TIMING-16#241 Warning
Large setup violation  
There is a large setup violation of -4.794 ns between x_heep_system_i/core_v_mini_mcu_i/ao_peripheral_subsystem_i/obi_fifo_i/obi_req_fifo_i/mem_q_reg[0][addr][29]/C (clocked by sys_clk_pin) and x_heep_system_i/core_v_mini_mcu_i/ao_peripheral_subsystem_i/power_manager_i/power_manager_reg_top_i/u_cpu_iso_off_counter/q_reg[1]/D (clocked by sys_clk_pin). Large setup violations at the end of those stages might be difficult to fix during the post-placement implementation flow and could be the result of non-optimal XDC constraints or non-optimal design architecture
Related violations: <none>

TIMING-16#242 Warning
Large setup violation  
There is a large setup violation of -4.797 ns between x_heep_system_i/core_v_mini_mcu_i/ao_peripheral_subsystem_i/obi_fifo_i/obi_req_fifo_i/mem_q_reg[0][addr][29]/C (clocked by sys_clk_pin) and x_heep_system_i/core_v_mini_mcu_i/ao_peripheral_subsystem_i/gpio_ao_i/i_reg_file/u_intrpt_fall_en_intrpt_fall_en_25/q_reg[0]/CE (clocked by sys_clk_pin). Large setup violations at the end of those stages might be difficult to fix during the post-placement implementation flow and could be the result of non-optimal XDC constraints or non-optimal design architecture
Related violations: <none>

TIMING-16#243 Warning
Large setup violation  
There is a large setup violation of -4.798 ns between x_heep_system_i/core_v_mini_mcu_i/ao_peripheral_subsystem_i/obi_fifo_i/obi_req_fifo_i/mem_q_reg[0][addr][29]/C (clocked by sys_clk_pin) and x_heep_system_i/core_v_mini_mcu_i/ao_peripheral_subsystem_i/gpio_ao_i/i_reg_file/u_intrpt_rise_en_intrpt_rise_en_14/q_reg[0]/CE (clocked by sys_clk_pin). Large setup violations at the end of those stages might be difficult to fix during the post-placement implementation flow and could be the result of non-optimal XDC constraints or non-optimal design architecture
Related violations: <none>

TIMING-16#244 Warning
Large setup violation  
There is a large setup violation of -4.799 ns between x_heep_system_i/core_v_mini_mcu_i/ao_peripheral_subsystem_i/obi_fifo_i/obi_req_fifo_i/mem_q_reg[0][addr][29]/C (clocked by sys_clk_pin) and x_heep_system_i/core_v_mini_mcu_i/ao_peripheral_subsystem_i/gpio_ao_i/i_reg_file/u_intrpt_fall_en_intrpt_fall_en_31/q_reg[0]/CE (clocked by sys_clk_pin). Large setup violations at the end of those stages might be difficult to fix during the post-placement implementation flow and could be the result of non-optimal XDC constraints or non-optimal design architecture
Related violations: <none>

TIMING-16#245 Warning
Large setup violation  
There is a large setup violation of -4.801 ns between x_heep_system_i/core_v_mini_mcu_i/ao_peripheral_subsystem_i/obi_fifo_i/obi_req_fifo_i/mem_q_reg[0][addr][29]/C (clocked by sys_clk_pin) and x_heep_system_i/core_v_mini_mcu_i/ao_peripheral_subsystem_i/gpio_ao_i/i_reg_file/u_gpio_mode_0_mode_6/q_reg[0]/CE (clocked by sys_clk_pin). Large setup violations at the end of those stages might be difficult to fix during the post-placement implementation flow and could be the result of non-optimal XDC constraints or non-optimal design architecture
Related violations: <none>

TIMING-16#246 Warning
Large setup violation  
There is a large setup violation of -4.801 ns between x_heep_system_i/core_v_mini_mcu_i/ao_peripheral_subsystem_i/obi_fifo_i/obi_req_fifo_i/mem_q_reg[0][addr][29]/C (clocked by sys_clk_pin) and x_heep_system_i/core_v_mini_mcu_i/ao_peripheral_subsystem_i/gpio_ao_i/i_reg_file/u_intrpt_rise_status_intrpt_rise_status_8/q_reg[0]/D (clocked by sys_clk_pin). Large setup violations at the end of those stages might be difficult to fix during the post-placement implementation flow and could be the result of non-optimal XDC constraints or non-optimal design architecture
Related violations: <none>

TIMING-16#247 Warning
Large setup violation  
There is a large setup violation of -4.803 ns between x_heep_system_i/core_v_mini_mcu_i/ao_peripheral_subsystem_i/obi_fifo_i/obi_req_fifo_i/mem_q_reg[0][addr][29]/C (clocked by sys_clk_pin) and x_heep_system_i/core_v_mini_mcu_i/ao_peripheral_subsystem_i/gpio_ao_i/i_reg_file/u_intrpt_fall_en_intrpt_fall_en_11/q_reg[0]/CE (clocked by sys_clk_pin). Large setup violations at the end of those stages might be difficult to fix during the post-placement implementation flow and could be the result of non-optimal XDC constraints or non-optimal design architecture
Related violations: <none>

TIMING-16#248 Warning
Large setup violation  
There is a large setup violation of -4.803 ns between x_heep_system_i/core_v_mini_mcu_i/ao_peripheral_subsystem_i/obi_fifo_i/obi_req_fifo_i/mem_q_reg[0][addr][29]/C (clocked by sys_clk_pin) and x_heep_system_i/core_v_mini_mcu_i/ao_peripheral_subsystem_i/gpio_ao_i/i_reg_file/u_intrpt_rise_status_intrpt_rise_status_22/q_reg[0]/D (clocked by sys_clk_pin). Large setup violations at the end of those stages might be difficult to fix during the post-placement implementation flow and could be the result of non-optimal XDC constraints or non-optimal design architecture
Related violations: <none>

TIMING-16#249 Warning
Large setup violation  
There is a large setup violation of -4.809 ns between x_heep_system_i/core_v_mini_mcu_i/ao_peripheral_subsystem_i/obi_fifo_i/obi_req_fifo_i/mem_q_reg[0][addr][29]/C (clocked by sys_clk_pin) and x_heep_system_i/core_v_mini_mcu_i/ao_peripheral_subsystem_i/power_manager_i/power_manager_reg_top_i/u_cpu_switch_on_counter/q_reg[4]/D (clocked by sys_clk_pin). Large setup violations at the end of those stages might be difficult to fix during the post-placement implementation flow and could be the result of non-optimal XDC constraints or non-optimal design architecture
Related violations: <none>

TIMING-16#250 Warning
Large setup violation  
There is a large setup violation of -4.811 ns between x_heep_system_i/core_v_mini_mcu_i/ao_peripheral_subsystem_i/obi_fifo_i/obi_req_fifo_i/mem_q_reg[0][addr][29]/C (clocked by sys_clk_pin) and x_heep_system_i/core_v_mini_mcu_i/ao_peripheral_subsystem_i/power_manager_i/power_manager_reg_top_i/u_cpu_switch_on_counter/q_reg[6]/D (clocked by sys_clk_pin). Large setup violations at the end of those stages might be difficult to fix during the post-placement implementation flow and could be the result of non-optimal XDC constraints or non-optimal design architecture
Related violations: <none>

TIMING-16#251 Warning
Large setup violation  
There is a large setup violation of -4.815 ns between x_heep_system_i/core_v_mini_mcu_i/ao_peripheral_subsystem_i/obi_fifo_i/obi_req_fifo_i/mem_q_reg[0][addr][29]/C (clocked by sys_clk_pin) and x_heep_system_i/core_v_mini_mcu_i/ao_peripheral_subsystem_i/gpio_ao_i/i_reg_file/u_gpio_out_gpio_out_25/q_reg[0]/D (clocked by sys_clk_pin). Large setup violations at the end of those stages might be difficult to fix during the post-placement implementation flow and could be the result of non-optimal XDC constraints or non-optimal design architecture
Related violations: <none>

TIMING-16#252 Warning
Large setup violation  
There is a large setup violation of -4.816 ns between x_heep_system_i/core_v_mini_mcu_i/ao_peripheral_subsystem_i/obi_fifo_i/obi_req_fifo_i/mem_q_reg[0][addr][29]/C (clocked by sys_clk_pin) and x_heep_system_i/core_v_mini_mcu_i/ao_peripheral_subsystem_i/gpio_ao_i/i_reg_file/u_intrpt_fall_en_intrpt_fall_en_22/q_reg[0]/CE (clocked by sys_clk_pin). Large setup violations at the end of those stages might be difficult to fix during the post-placement implementation flow and could be the result of non-optimal XDC constraints or non-optimal design architecture
Related violations: <none>

TIMING-16#253 Warning
Large setup violation  
There is a large setup violation of -4.816 ns between x_heep_system_i/core_v_mini_mcu_i/ao_peripheral_subsystem_i/obi_fifo_i/obi_req_fifo_i/mem_q_reg[0][addr][29]/C (clocked by sys_clk_pin) and x_heep_system_i/core_v_mini_mcu_i/ao_peripheral_subsystem_i/gpio_ao_i/i_reg_file/u_intrpt_fall_en_intrpt_fall_en_29/q_reg[0]/CE (clocked by sys_clk_pin). Large setup violations at the end of those stages might be difficult to fix during the post-placement implementation flow and could be the result of non-optimal XDC constraints or non-optimal design architecture
Related violations: <none>

TIMING-16#254 Warning
Large setup violation  
There is a large setup violation of -4.816 ns between x_heep_system_i/core_v_mini_mcu_i/ao_peripheral_subsystem_i/obi_fifo_i/obi_req_fifo_i/mem_q_reg[0][addr][29]/C (clocked by sys_clk_pin) and x_heep_system_i/core_v_mini_mcu_i/ao_peripheral_subsystem_i/power_manager_i/power_manager_reg_top_i/u_cpu_switch_off_counter/q_reg[2]/D (clocked by sys_clk_pin). Large setup violations at the end of those stages might be difficult to fix during the post-placement implementation flow and could be the result of non-optimal XDC constraints or non-optimal design architecture
Related violations: <none>

TIMING-16#255 Warning
Large setup violation  
There is a large setup violation of -4.820 ns between x_heep_system_i/core_v_mini_mcu_i/ao_peripheral_subsystem_i/obi_fifo_i/obi_req_fifo_i/mem_q_reg[0][addr][29]/C (clocked by sys_clk_pin) and x_heep_system_i/core_v_mini_mcu_i/ao_peripheral_subsystem_i/gpio_ao_i/i_reg_file/u_intrpt_lvl_high_status_intrpt_lvl_high_status_30/q_reg[0]/D (clocked by sys_clk_pin). Large setup violations at the end of those stages might be difficult to fix during the post-placement implementation flow and could be the result of non-optimal XDC constraints or non-optimal design architecture
Related violations: <none>

TIMING-16#256 Warning
Large setup violation  
There is a large setup violation of -4.825 ns between x_heep_system_i/core_v_mini_mcu_i/ao_peripheral_subsystem_i/obi_fifo_i/obi_req_fifo_i/mem_q_reg[0][addr][29]/C (clocked by sys_clk_pin) and x_heep_system_i/core_v_mini_mcu_i/ao_peripheral_subsystem_i/gpio_ao_i/i_reg_file/u_intrpt_lvl_high_status_intrpt_lvl_high_status_25/q_reg[0]/D (clocked by sys_clk_pin). Large setup violations at the end of those stages might be difficult to fix during the post-placement implementation flow and could be the result of non-optimal XDC constraints or non-optimal design architecture
Related violations: <none>

TIMING-16#257 Warning
Large setup violation  
There is a large setup violation of -4.829 ns between x_heep_system_i/core_v_mini_mcu_i/ao_peripheral_subsystem_i/obi_fifo_i/obi_req_fifo_i/mem_q_reg[0][addr][29]/C (clocked by sys_clk_pin) and x_heep_system_i/core_v_mini_mcu_i/ao_peripheral_subsystem_i/gpio_ao_i/i_reg_file/u_intrpt_lvl_high_en_intrpt_lvl_high_en_0/q_reg[0]/CE (clocked by sys_clk_pin). Large setup violations at the end of those stages might be difficult to fix during the post-placement implementation flow and could be the result of non-optimal XDC constraints or non-optimal design architecture
Related violations: <none>

TIMING-16#258 Warning
Large setup violation  
There is a large setup violation of -4.829 ns between x_heep_system_i/core_v_mini_mcu_i/ao_peripheral_subsystem_i/obi_fifo_i/obi_req_fifo_i/mem_q_reg[0][addr][29]/C (clocked by sys_clk_pin) and x_heep_system_i/core_v_mini_mcu_i/ao_peripheral_subsystem_i/gpio_ao_i/i_reg_file/u_intrpt_lvl_high_en_intrpt_lvl_high_en_25/q_reg[0]/CE (clocked by sys_clk_pin). Large setup violations at the end of those stages might be difficult to fix during the post-placement implementation flow and could be the result of non-optimal XDC constraints or non-optimal design architecture
Related violations: <none>

TIMING-16#259 Warning
Large setup violation  
There is a large setup violation of -4.832 ns between x_heep_system_i/core_v_mini_mcu_i/ao_peripheral_subsystem_i/obi_fifo_i/obi_req_fifo_i/mem_q_reg[0][addr][29]/C (clocked by sys_clk_pin) and x_heep_system_i/core_v_mini_mcu_i/ao_peripheral_subsystem_i/gpio_ao_i/i_reg_file/u_intrpt_lvl_high_status_intrpt_lvl_high_status_29/q_reg[0]/D (clocked by sys_clk_pin). Large setup violations at the end of those stages might be difficult to fix during the post-placement implementation flow and could be the result of non-optimal XDC constraints or non-optimal design architecture
Related violations: <none>

TIMING-16#260 Warning
Large setup violation  
There is a large setup violation of -4.834 ns between x_heep_system_i/core_v_mini_mcu_i/ao_peripheral_subsystem_i/obi_fifo_i/obi_req_fifo_i/mem_q_reg[0][addr][29]/C (clocked by sys_clk_pin) and x_heep_system_i/core_v_mini_mcu_i/ao_peripheral_subsystem_i/gpio_ao_i/i_reg_file/u_intrpt_lvl_high_en_intrpt_lvl_high_en_30/q_reg[0]/CE (clocked by sys_clk_pin). Large setup violations at the end of those stages might be difficult to fix during the post-placement implementation flow and could be the result of non-optimal XDC constraints or non-optimal design architecture
Related violations: <none>

TIMING-16#261 Warning
Large setup violation  
There is a large setup violation of -4.839 ns between x_heep_system_i/core_v_mini_mcu_i/ao_peripheral_subsystem_i/obi_fifo_i/obi_req_fifo_i/mem_q_reg[0][addr][29]/C (clocked by sys_clk_pin) and x_heep_system_i/core_v_mini_mcu_i/ao_peripheral_subsystem_i/power_manager_i/power_manager_reg_top_i/u_en_wait_for_intr/q_reg[18]/D (clocked by sys_clk_pin). Large setup violations at the end of those stages might be difficult to fix during the post-placement implementation flow and could be the result of non-optimal XDC constraints or non-optimal design architecture
Related violations: <none>

TIMING-16#262 Warning
Large setup violation  
There is a large setup violation of -4.854 ns between x_heep_system_i/core_v_mini_mcu_i/ao_peripheral_subsystem_i/obi_fifo_i/obi_req_fifo_i/mem_q_reg[0][addr][29]/C (clocked by sys_clk_pin) and x_heep_system_i/core_v_mini_mcu_i/ao_peripheral_subsystem_i/gpio_ao_i/i_reg_file/u_intrpt_fall_en_intrpt_fall_en_10/q_reg[0]/CE (clocked by sys_clk_pin). Large setup violations at the end of those stages might be difficult to fix during the post-placement implementation flow and could be the result of non-optimal XDC constraints or non-optimal design architecture
Related violations: <none>

TIMING-16#263 Warning
Large setup violation  
There is a large setup violation of -4.854 ns between x_heep_system_i/core_v_mini_mcu_i/ao_peripheral_subsystem_i/obi_fifo_i/obi_req_fifo_i/mem_q_reg[0][addr][29]/C (clocked by sys_clk_pin) and x_heep_system_i/core_v_mini_mcu_i/ao_peripheral_subsystem_i/gpio_ao_i/i_reg_file/u_intrpt_fall_en_intrpt_fall_en_20/q_reg[0]/CE (clocked by sys_clk_pin). Large setup violations at the end of those stages might be difficult to fix during the post-placement implementation flow and could be the result of non-optimal XDC constraints or non-optimal design architecture
Related violations: <none>

TIMING-16#264 Warning
Large setup violation  
There is a large setup violation of -4.854 ns between x_heep_system_i/core_v_mini_mcu_i/ao_peripheral_subsystem_i/obi_fifo_i/obi_req_fifo_i/mem_q_reg[0][addr][29]/C (clocked by sys_clk_pin) and x_heep_system_i/core_v_mini_mcu_i/ao_peripheral_subsystem_i/gpio_ao_i/i_reg_file/u_intrpt_fall_en_intrpt_fall_en_21/q_reg[0]/CE (clocked by sys_clk_pin). Large setup violations at the end of those stages might be difficult to fix during the post-placement implementation flow and could be the result of non-optimal XDC constraints or non-optimal design architecture
Related violations: <none>

TIMING-16#265 Warning
Large setup violation  
There is a large setup violation of -4.854 ns between x_heep_system_i/core_v_mini_mcu_i/ao_peripheral_subsystem_i/obi_fifo_i/obi_req_fifo_i/mem_q_reg[0][addr][29]/C (clocked by sys_clk_pin) and x_heep_system_i/core_v_mini_mcu_i/ao_peripheral_subsystem_i/gpio_ao_i/i_reg_file/u_intrpt_lvl_high_en_intrpt_lvl_high_en_27/q_reg[0]/CE (clocked by sys_clk_pin). Large setup violations at the end of those stages might be difficult to fix during the post-placement implementation flow and could be the result of non-optimal XDC constraints or non-optimal design architecture
Related violations: <none>

TIMING-16#266 Warning
Large setup violation  
There is a large setup violation of -4.861 ns between x_heep_system_i/core_v_mini_mcu_i/ao_peripheral_subsystem_i/obi_fifo_i/obi_req_fifo_i/mem_q_reg[0][addr][29]/C (clocked by sys_clk_pin) and x_heep_system_i/core_v_mini_mcu_i/ao_peripheral_subsystem_i/gpio_ao_i/i_reg_file/u_intrpt_rise_en_intrpt_rise_en_0/q_reg[0]/CE (clocked by sys_clk_pin). Large setup violations at the end of those stages might be difficult to fix during the post-placement implementation flow and could be the result of non-optimal XDC constraints or non-optimal design architecture
Related violations: <none>

TIMING-16#267 Warning
Large setup violation  
There is a large setup violation of -4.861 ns between x_heep_system_i/core_v_mini_mcu_i/ao_peripheral_subsystem_i/obi_fifo_i/obi_req_fifo_i/mem_q_reg[0][addr][29]/C (clocked by sys_clk_pin) and x_heep_system_i/core_v_mini_mcu_i/ao_peripheral_subsystem_i/gpio_ao_i/i_reg_file/u_intrpt_rise_en_intrpt_rise_en_3/q_reg[0]/CE (clocked by sys_clk_pin). Large setup violations at the end of those stages might be difficult to fix during the post-placement implementation flow and could be the result of non-optimal XDC constraints or non-optimal design architecture
Related violations: <none>

TIMING-16#268 Warning
Large setup violation  
There is a large setup violation of -4.873 ns between x_heep_system_i/core_v_mini_mcu_i/ao_peripheral_subsystem_i/obi_fifo_i/obi_req_fifo_i/mem_q_reg[0][addr][29]/C (clocked by sys_clk_pin) and x_heep_system_i/core_v_mini_mcu_i/ao_peripheral_subsystem_i/power_manager_i/power_manager_reg_top_i/u_cpu_iso_on_counter/q_reg[3]/D (clocked by sys_clk_pin). Large setup violations at the end of those stages might be difficult to fix during the post-placement implementation flow and could be the result of non-optimal XDC constraints or non-optimal design architecture
Related violations: <none>

TIMING-16#269 Warning
Large setup violation  
There is a large setup violation of -4.880 ns between x_heep_system_i/core_v_mini_mcu_i/ao_peripheral_subsystem_i/obi_fifo_i/obi_req_fifo_i/mem_q_reg[0][addr][29]/C (clocked by sys_clk_pin) and x_heep_system_i/core_v_mini_mcu_i/ao_peripheral_subsystem_i/gpio_ao_i/i_reg_file/u_intrpt_fall_status_intrpt_fall_status_27/q_reg[0]/D (clocked by sys_clk_pin). Large setup violations at the end of those stages might be difficult to fix during the post-placement implementation flow and could be the result of non-optimal XDC constraints or non-optimal design architecture
Related violations: <none>

TIMING-16#270 Warning
Large setup violation  
There is a large setup violation of -4.882 ns between x_heep_system_i/core_v_mini_mcu_i/ao_peripheral_subsystem_i/obi_fifo_i/obi_req_fifo_i/mem_q_reg[0][addr][29]/C (clocked by sys_clk_pin) and x_heep_system_i/core_v_mini_mcu_i/ao_peripheral_subsystem_i/gpio_ao_i/i_reg_file/u_gpio_mode_1_mode_19/q_reg[0]/CE (clocked by sys_clk_pin). Large setup violations at the end of those stages might be difficult to fix during the post-placement implementation flow and could be the result of non-optimal XDC constraints or non-optimal design architecture
Related violations: <none>

TIMING-16#271 Warning
Large setup violation  
There is a large setup violation of -4.882 ns between x_heep_system_i/core_v_mini_mcu_i/ao_peripheral_subsystem_i/obi_fifo_i/obi_req_fifo_i/mem_q_reg[0][addr][29]/C (clocked by sys_clk_pin) and x_heep_system_i/core_v_mini_mcu_i/ao_peripheral_subsystem_i/gpio_ao_i/i_reg_file/u_gpio_mode_1_mode_20/q_reg[0]/CE (clocked by sys_clk_pin). Large setup violations at the end of those stages might be difficult to fix during the post-placement implementation flow and could be the result of non-optimal XDC constraints or non-optimal design architecture
Related violations: <none>

TIMING-16#272 Warning
Large setup violation  
There is a large setup violation of -4.882 ns between x_heep_system_i/core_v_mini_mcu_i/ao_peripheral_subsystem_i/obi_fifo_i/obi_req_fifo_i/mem_q_reg[0][addr][29]/C (clocked by sys_clk_pin) and x_heep_system_i/core_v_mini_mcu_i/ao_peripheral_subsystem_i/gpio_ao_i/i_reg_file/u_gpio_mode_1_mode_20/q_reg[1]/CE (clocked by sys_clk_pin). Large setup violations at the end of those stages might be difficult to fix during the post-placement implementation flow and could be the result of non-optimal XDC constraints or non-optimal design architecture
Related violations: <none>

TIMING-16#273 Warning
Large setup violation  
There is a large setup violation of -4.882 ns between x_heep_system_i/core_v_mini_mcu_i/ao_peripheral_subsystem_i/obi_fifo_i/obi_req_fifo_i/mem_q_reg[0][addr][29]/C (clocked by sys_clk_pin) and x_heep_system_i/core_v_mini_mcu_i/ao_peripheral_subsystem_i/gpio_ao_i/i_reg_file/u_gpio_mode_1_mode_24/q_reg[0]/CE (clocked by sys_clk_pin). Large setup violations at the end of those stages might be difficult to fix during the post-placement implementation flow and could be the result of non-optimal XDC constraints or non-optimal design architecture
Related violations: <none>

TIMING-16#274 Warning
Large setup violation  
There is a large setup violation of -4.882 ns between x_heep_system_i/core_v_mini_mcu_i/ao_peripheral_subsystem_i/obi_fifo_i/obi_req_fifo_i/mem_q_reg[0][addr][29]/C (clocked by sys_clk_pin) and x_heep_system_i/core_v_mini_mcu_i/ao_peripheral_subsystem_i/gpio_ao_i/i_reg_file/u_gpio_mode_1_mode_24/q_reg[1]/CE (clocked by sys_clk_pin). Large setup violations at the end of those stages might be difficult to fix during the post-placement implementation flow and could be the result of non-optimal XDC constraints or non-optimal design architecture
Related violations: <none>

TIMING-16#275 Warning
Large setup violation  
There is a large setup violation of -4.886 ns between x_heep_system_i/core_v_mini_mcu_i/ao_peripheral_subsystem_i/obi_fifo_i/obi_req_fifo_i/mem_q_reg[0][addr][29]/C (clocked by sys_clk_pin) and x_heep_system_i/core_v_mini_mcu_i/ao_peripheral_subsystem_i/gpio_ao_i/i_reg_file/u_intrpt_rise_status_intrpt_rise_status_12/q_reg[0]/D (clocked by sys_clk_pin). Large setup violations at the end of those stages might be difficult to fix during the post-placement implementation flow and could be the result of non-optimal XDC constraints or non-optimal design architecture
Related violations: <none>

TIMING-16#276 Warning
Large setup violation  
There is a large setup violation of -4.888 ns between x_heep_system_i/core_v_mini_mcu_i/ao_peripheral_subsystem_i/obi_fifo_i/obi_req_fifo_i/mem_q_reg[0][addr][29]/C (clocked by sys_clk_pin) and x_heep_system_i/core_v_mini_mcu_i/ao_peripheral_subsystem_i/gpio_ao_i/i_reg_file/u_intrpt_rise_en_intrpt_rise_en_7/q_reg[0]/CE (clocked by sys_clk_pin). Large setup violations at the end of those stages might be difficult to fix during the post-placement implementation flow and could be the result of non-optimal XDC constraints or non-optimal design architecture
Related violations: <none>

TIMING-16#277 Warning
Large setup violation  
There is a large setup violation of -4.889 ns between x_heep_system_i/core_v_mini_mcu_i/ao_peripheral_subsystem_i/obi_fifo_i/obi_req_fifo_i/mem_q_reg[0][addr][29]/C (clocked by sys_clk_pin) and x_heep_system_i/core_v_mini_mcu_i/ao_peripheral_subsystem_i/gpio_ao_i/i_reg_file/u_intrpt_lvl_high_en_intrpt_lvl_high_en_10/q_reg[0]/CE (clocked by sys_clk_pin). Large setup violations at the end of those stages might be difficult to fix during the post-placement implementation flow and could be the result of non-optimal XDC constraints or non-optimal design architecture
Related violations: <none>

TIMING-16#278 Warning
Large setup violation  
There is a large setup violation of -4.889 ns between x_heep_system_i/core_v_mini_mcu_i/ao_peripheral_subsystem_i/obi_fifo_i/obi_req_fifo_i/mem_q_reg[0][addr][29]/C (clocked by sys_clk_pin) and x_heep_system_i/core_v_mini_mcu_i/ao_peripheral_subsystem_i/gpio_ao_i/i_reg_file/u_intrpt_lvl_high_en_intrpt_lvl_high_en_16/q_reg[0]/CE (clocked by sys_clk_pin). Large setup violations at the end of those stages might be difficult to fix during the post-placement implementation flow and could be the result of non-optimal XDC constraints or non-optimal design architecture
Related violations: <none>

TIMING-16#279 Warning
Large setup violation  
There is a large setup violation of -4.889 ns between x_heep_system_i/core_v_mini_mcu_i/ao_peripheral_subsystem_i/obi_fifo_i/obi_req_fifo_i/mem_q_reg[0][addr][29]/C (clocked by sys_clk_pin) and x_heep_system_i/core_v_mini_mcu_i/ao_peripheral_subsystem_i/gpio_ao_i/i_reg_file/u_intrpt_lvl_high_en_intrpt_lvl_high_en_20/q_reg[0]/CE (clocked by sys_clk_pin). Large setup violations at the end of those stages might be difficult to fix during the post-placement implementation flow and could be the result of non-optimal XDC constraints or non-optimal design architecture
Related violations: <none>

TIMING-16#280 Warning
Large setup violation  
There is a large setup violation of -4.889 ns between x_heep_system_i/core_v_mini_mcu_i/ao_peripheral_subsystem_i/obi_fifo_i/obi_req_fifo_i/mem_q_reg[0][addr][29]/C (clocked by sys_clk_pin) and x_heep_system_i/core_v_mini_mcu_i/ao_peripheral_subsystem_i/gpio_ao_i/i_reg_file/u_intrpt_lvl_high_en_intrpt_lvl_high_en_9/q_reg[0]/CE (clocked by sys_clk_pin). Large setup violations at the end of those stages might be difficult to fix during the post-placement implementation flow and could be the result of non-optimal XDC constraints or non-optimal design architecture
Related violations: <none>

TIMING-16#281 Warning
Large setup violation  
There is a large setup violation of -4.893 ns between x_heep_system_i/core_v_mini_mcu_i/ao_peripheral_subsystem_i/obi_fifo_i/obi_req_fifo_i/mem_q_reg[0][addr][29]/C (clocked by sys_clk_pin) and x_heep_system_i/core_v_mini_mcu_i/ao_peripheral_subsystem_i/gpio_ao_i/i_reg_file/u_intrpt_rise_en_intrpt_rise_en_17/q_reg[0]/CE (clocked by sys_clk_pin). Large setup violations at the end of those stages might be difficult to fix during the post-placement implementation flow and could be the result of non-optimal XDC constraints or non-optimal design architecture
Related violations: <none>

TIMING-16#282 Warning
Large setup violation  
There is a large setup violation of -4.893 ns between x_heep_system_i/core_v_mini_mcu_i/ao_peripheral_subsystem_i/obi_fifo_i/obi_req_fifo_i/mem_q_reg[0][addr][29]/C (clocked by sys_clk_pin) and x_heep_system_i/core_v_mini_mcu_i/ao_peripheral_subsystem_i/gpio_ao_i/i_reg_file/u_intrpt_rise_en_intrpt_rise_en_18/q_reg[0]/CE (clocked by sys_clk_pin). Large setup violations at the end of those stages might be difficult to fix during the post-placement implementation flow and could be the result of non-optimal XDC constraints or non-optimal design architecture
Related violations: <none>

TIMING-16#283 Warning
Large setup violation  
There is a large setup violation of -4.893 ns between x_heep_system_i/core_v_mini_mcu_i/ao_peripheral_subsystem_i/obi_fifo_i/obi_req_fifo_i/mem_q_reg[0][addr][29]/C (clocked by sys_clk_pin) and x_heep_system_i/core_v_mini_mcu_i/ao_peripheral_subsystem_i/gpio_ao_i/i_reg_file/u_intrpt_rise_en_intrpt_rise_en_19/q_reg[0]/CE (clocked by sys_clk_pin). Large setup violations at the end of those stages might be difficult to fix during the post-placement implementation flow and could be the result of non-optimal XDC constraints or non-optimal design architecture
Related violations: <none>

TIMING-16#284 Warning
Large setup violation  
There is a large setup violation of -4.899 ns between x_heep_system_i/core_v_mini_mcu_i/ao_peripheral_subsystem_i/obi_fifo_i/obi_req_fifo_i/mem_q_reg[0][addr][29]/C (clocked by sys_clk_pin) and x_heep_system_i/core_v_mini_mcu_i/ao_peripheral_subsystem_i/gpio_ao_i/i_reg_file/u_intrpt_lvl_high_en_intrpt_lvl_high_en_2/q_reg[0]/CE (clocked by sys_clk_pin). Large setup violations at the end of those stages might be difficult to fix during the post-placement implementation flow and could be the result of non-optimal XDC constraints or non-optimal design architecture
Related violations: <none>

TIMING-16#285 Warning
Large setup violation  
There is a large setup violation of -4.899 ns between x_heep_system_i/core_v_mini_mcu_i/ao_peripheral_subsystem_i/obi_fifo_i/obi_req_fifo_i/mem_q_reg[0][addr][29]/C (clocked by sys_clk_pin) and x_heep_system_i/core_v_mini_mcu_i/ao_peripheral_subsystem_i/gpio_ao_i/i_reg_file/u_intrpt_lvl_high_en_intrpt_lvl_high_en_7/q_reg[0]/CE (clocked by sys_clk_pin). Large setup violations at the end of those stages might be difficult to fix during the post-placement implementation flow and could be the result of non-optimal XDC constraints or non-optimal design architecture
Related violations: <none>

TIMING-16#286 Warning
Large setup violation  
There is a large setup violation of -4.903 ns between x_heep_system_i/core_v_mini_mcu_i/ao_peripheral_subsystem_i/obi_fifo_i/obi_req_fifo_i/mem_q_reg[0][addr][29]/C (clocked by sys_clk_pin) and x_heep_system_i/core_v_mini_mcu_i/ao_peripheral_subsystem_i/gpio_ao_i/i_reg_file/u_intrpt_fall_status_intrpt_fall_status_9/q_reg[0]/D (clocked by sys_clk_pin). Large setup violations at the end of those stages might be difficult to fix during the post-placement implementation flow and could be the result of non-optimal XDC constraints or non-optimal design architecture
Related violations: <none>

TIMING-16#287 Warning
Large setup violation  
There is a large setup violation of -4.903 ns between x_heep_system_i/core_v_mini_mcu_i/ao_peripheral_subsystem_i/obi_fifo_i/obi_req_fifo_i/mem_q_reg[0][addr][29]/C (clocked by sys_clk_pin) and x_heep_system_i/core_v_mini_mcu_i/ao_peripheral_subsystem_i/gpio_ao_i/i_reg_file/u_intrpt_lvl_high_status_intrpt_lvl_high_status_10/q_reg[0]/D (clocked by sys_clk_pin). Large setup violations at the end of those stages might be difficult to fix during the post-placement implementation flow and could be the result of non-optimal XDC constraints or non-optimal design architecture
Related violations: <none>

TIMING-16#288 Warning
Large setup violation  
There is a large setup violation of -4.906 ns between x_heep_system_i/core_v_mini_mcu_i/ao_peripheral_subsystem_i/obi_fifo_i/obi_req_fifo_i/mem_q_reg[0][addr][29]/C (clocked by sys_clk_pin) and x_heep_system_i/core_v_mini_mcu_i/ao_peripheral_subsystem_i/gpio_ao_i/i_reg_file/u_intrpt_fall_status_intrpt_fall_status_29/q_reg[0]/D (clocked by sys_clk_pin). Large setup violations at the end of those stages might be difficult to fix during the post-placement implementation flow and could be the result of non-optimal XDC constraints or non-optimal design architecture
Related violations: <none>

TIMING-16#289 Warning
Large setup violation  
There is a large setup violation of -4.911 ns between x_heep_system_i/core_v_mini_mcu_i/ao_peripheral_subsystem_i/obi_fifo_i/obi_req_fifo_i/mem_q_reg[0][addr][29]/C (clocked by sys_clk_pin) and x_heep_system_i/core_v_mini_mcu_i/ao_peripheral_subsystem_i/gpio_ao_i/i_reg_file/u_intrpt_fall_status_intrpt_fall_status_8/q_reg[0]/D (clocked by sys_clk_pin). Large setup violations at the end of those stages might be difficult to fix during the post-placement implementation flow and could be the result of non-optimal XDC constraints or non-optimal design architecture
Related violations: <none>

TIMING-16#290 Warning
Large setup violation  
There is a large setup violation of -4.914 ns between x_heep_system_i/core_v_mini_mcu_i/ao_peripheral_subsystem_i/obi_fifo_i/obi_req_fifo_i/mem_q_reg[0][addr][29]/C (clocked by sys_clk_pin) and x_heep_system_i/core_v_mini_mcu_i/ao_peripheral_subsystem_i/gpio_ao_i/i_reg_file/u_gpio_mode_1_mode_23/q_reg[0]/CE (clocked by sys_clk_pin). Large setup violations at the end of those stages might be difficult to fix during the post-placement implementation flow and could be the result of non-optimal XDC constraints or non-optimal design architecture
Related violations: <none>

TIMING-16#291 Warning
Large setup violation  
There is a large setup violation of -4.914 ns between x_heep_system_i/core_v_mini_mcu_i/ao_peripheral_subsystem_i/obi_fifo_i/obi_req_fifo_i/mem_q_reg[0][addr][29]/C (clocked by sys_clk_pin) and x_heep_system_i/core_v_mini_mcu_i/ao_peripheral_subsystem_i/gpio_ao_i/i_reg_file/u_gpio_mode_1_mode_23/q_reg[1]/CE (clocked by sys_clk_pin). Large setup violations at the end of those stages might be difficult to fix during the post-placement implementation flow and could be the result of non-optimal XDC constraints or non-optimal design architecture
Related violations: <none>

TIMING-16#292 Warning
Large setup violation  
There is a large setup violation of -4.914 ns between x_heep_system_i/core_v_mini_mcu_i/ao_peripheral_subsystem_i/obi_fifo_i/obi_req_fifo_i/mem_q_reg[0][addr][29]/C (clocked by sys_clk_pin) and x_heep_system_i/core_v_mini_mcu_i/ao_peripheral_subsystem_i/gpio_ao_i/i_reg_file/u_gpio_mode_1_mode_27/q_reg[1]/CE (clocked by sys_clk_pin). Large setup violations at the end of those stages might be difficult to fix during the post-placement implementation flow and could be the result of non-optimal XDC constraints or non-optimal design architecture
Related violations: <none>

TIMING-16#293 Warning
Large setup violation  
There is a large setup violation of -4.914 ns between x_heep_system_i/core_v_mini_mcu_i/ao_peripheral_subsystem_i/obi_fifo_i/obi_req_fifo_i/mem_q_reg[0][addr][29]/C (clocked by sys_clk_pin) and x_heep_system_i/core_v_mini_mcu_i/ao_peripheral_subsystem_i/gpio_ao_i/i_reg_file/u_gpio_mode_1_mode_30/q_reg[0]/CE (clocked by sys_clk_pin). Large setup violations at the end of those stages might be difficult to fix during the post-placement implementation flow and could be the result of non-optimal XDC constraints or non-optimal design architecture
Related violations: <none>

TIMING-16#294 Warning
Large setup violation  
There is a large setup violation of -4.916 ns between x_heep_system_i/core_v_mini_mcu_i/ao_peripheral_subsystem_i/obi_fifo_i/obi_req_fifo_i/mem_q_reg[0][addr][29]/C (clocked by sys_clk_pin) and x_heep_system_i/core_v_mini_mcu_i/ao_peripheral_subsystem_i/gpio_ao_i/i_reg_file/u_intrpt_fall_status_intrpt_fall_status_14/q_reg[0]/D (clocked by sys_clk_pin). Large setup violations at the end of those stages might be difficult to fix during the post-placement implementation flow and could be the result of non-optimal XDC constraints or non-optimal design architecture
Related violations: <none>

TIMING-16#295 Warning
Large setup violation  
There is a large setup violation of -4.919 ns between x_heep_system_i/core_v_mini_mcu_i/ao_peripheral_subsystem_i/obi_fifo_i/obi_req_fifo_i/mem_q_reg[0][addr][29]/C (clocked by sys_clk_pin) and x_heep_system_i/core_v_mini_mcu_i/ao_peripheral_subsystem_i/gpio_ao_i/i_reg_file/u_gpio_mode_0_mode_10/q_reg[0]/CE (clocked by sys_clk_pin). Large setup violations at the end of those stages might be difficult to fix during the post-placement implementation flow and could be the result of non-optimal XDC constraints or non-optimal design architecture
Related violations: <none>

TIMING-16#296 Warning
Large setup violation  
There is a large setup violation of -4.919 ns between x_heep_system_i/core_v_mini_mcu_i/ao_peripheral_subsystem_i/obi_fifo_i/obi_req_fifo_i/mem_q_reg[0][addr][29]/C (clocked by sys_clk_pin) and x_heep_system_i/core_v_mini_mcu_i/ao_peripheral_subsystem_i/gpio_ao_i/i_reg_file/u_gpio_mode_0_mode_10/q_reg[1]/CE (clocked by sys_clk_pin). Large setup violations at the end of those stages might be difficult to fix during the post-placement implementation flow and could be the result of non-optimal XDC constraints or non-optimal design architecture
Related violations: <none>

TIMING-16#297 Warning
Large setup violation  
There is a large setup violation of -4.921 ns between x_heep_system_i/core_v_mini_mcu_i/ao_peripheral_subsystem_i/obi_fifo_i/obi_req_fifo_i/mem_q_reg[0][addr][29]/C (clocked by sys_clk_pin) and x_heep_system_i/core_v_mini_mcu_i/ao_peripheral_subsystem_i/gpio_ao_i/i_reg_file/u_gpio_mode_0_mode_4/q_reg[1]/CE (clocked by sys_clk_pin). Large setup violations at the end of those stages might be difficult to fix during the post-placement implementation flow and could be the result of non-optimal XDC constraints or non-optimal design architecture
Related violations: <none>

TIMING-16#298 Warning
Large setup violation  
There is a large setup violation of -4.921 ns between x_heep_system_i/core_v_mini_mcu_i/ao_peripheral_subsystem_i/obi_fifo_i/obi_req_fifo_i/mem_q_reg[0][addr][29]/C (clocked by sys_clk_pin) and x_heep_system_i/core_v_mini_mcu_i/ao_peripheral_subsystem_i/gpio_ao_i/i_reg_file/u_gpio_mode_0_mode_5/q_reg[0]/CE (clocked by sys_clk_pin). Large setup violations at the end of those stages might be difficult to fix during the post-placement implementation flow and could be the result of non-optimal XDC constraints or non-optimal design architecture
Related violations: <none>

TIMING-16#299 Warning
Large setup violation  
There is a large setup violation of -4.921 ns between x_heep_system_i/core_v_mini_mcu_i/ao_peripheral_subsystem_i/obi_fifo_i/obi_req_fifo_i/mem_q_reg[0][addr][29]/C (clocked by sys_clk_pin) and x_heep_system_i/core_v_mini_mcu_i/ao_peripheral_subsystem_i/gpio_ao_i/i_reg_file/u_gpio_mode_0_mode_5/q_reg[1]/CE (clocked by sys_clk_pin). Large setup violations at the end of those stages might be difficult to fix during the post-placement implementation flow and could be the result of non-optimal XDC constraints or non-optimal design architecture
Related violations: <none>

TIMING-16#300 Warning
Large setup violation  
There is a large setup violation of -4.921 ns between x_heep_system_i/core_v_mini_mcu_i/ao_peripheral_subsystem_i/obi_fifo_i/obi_req_fifo_i/mem_q_reg[0][addr][29]/C (clocked by sys_clk_pin) and x_heep_system_i/core_v_mini_mcu_i/ao_peripheral_subsystem_i/gpio_ao_i/i_reg_file/u_gpio_mode_0_mode_8/q_reg[0]/CE (clocked by sys_clk_pin). Large setup violations at the end of those stages might be difficult to fix during the post-placement implementation flow and could be the result of non-optimal XDC constraints or non-optimal design architecture
Related violations: <none>

TIMING-16#301 Warning
Large setup violation  
There is a large setup violation of -4.921 ns between x_heep_system_i/core_v_mini_mcu_i/ao_peripheral_subsystem_i/obi_fifo_i/obi_req_fifo_i/mem_q_reg[0][addr][29]/C (clocked by sys_clk_pin) and x_heep_system_i/core_v_mini_mcu_i/ao_peripheral_subsystem_i/gpio_ao_i/i_reg_file/u_gpio_mode_0_mode_8/q_reg[1]/CE (clocked by sys_clk_pin). Large setup violations at the end of those stages might be difficult to fix during the post-placement implementation flow and could be the result of non-optimal XDC constraints or non-optimal design architecture
Related violations: <none>

TIMING-16#302 Warning
Large setup violation  
There is a large setup violation of -4.922 ns between x_heep_system_i/core_v_mini_mcu_i/ao_peripheral_subsystem_i/obi_fifo_i/obi_req_fifo_i/mem_q_reg[0][addr][29]/C (clocked by sys_clk_pin) and x_heep_system_i/core_v_mini_mcu_i/ao_peripheral_subsystem_i/gpio_ao_i/i_reg_file/u_intrpt_fall_status_intrpt_fall_status_12/q_reg[0]/D (clocked by sys_clk_pin). Large setup violations at the end of those stages might be difficult to fix during the post-placement implementation flow and could be the result of non-optimal XDC constraints or non-optimal design architecture
Related violations: <none>

TIMING-16#303 Warning
Large setup violation  
There is a large setup violation of -4.924 ns between x_heep_system_i/core_v_mini_mcu_i/ao_peripheral_subsystem_i/obi_fifo_i/obi_req_fifo_i/mem_q_reg[0][addr][29]/C (clocked by sys_clk_pin) and x_heep_system_i/core_v_mini_mcu_i/ao_peripheral_subsystem_i/gpio_ao_i/i_reg_file/u_intrpt_lvl_high_en_intrpt_lvl_high_en_26/q_reg[0]/CE (clocked by sys_clk_pin). Large setup violations at the end of those stages might be difficult to fix during the post-placement implementation flow and could be the result of non-optimal XDC constraints or non-optimal design architecture
Related violations: <none>

TIMING-16#304 Warning
Large setup violation  
There is a large setup violation of -4.924 ns between x_heep_system_i/core_v_mini_mcu_i/ao_peripheral_subsystem_i/obi_fifo_i/obi_req_fifo_i/mem_q_reg[0][addr][29]/C (clocked by sys_clk_pin) and x_heep_system_i/core_v_mini_mcu_i/ao_peripheral_subsystem_i/power_manager_i/power_manager_reg_top_i/u_dma_ch0_clk_gate/q_reg[0]/D (clocked by sys_clk_pin). Large setup violations at the end of those stages might be difficult to fix during the post-placement implementation flow and could be the result of non-optimal XDC constraints or non-optimal design architecture
Related violations: <none>

TIMING-16#305 Warning
Large setup violation  
There is a large setup violation of -4.927 ns between x_heep_system_i/core_v_mini_mcu_i/ao_peripheral_subsystem_i/obi_fifo_i/obi_req_fifo_i/mem_q_reg[0][addr][29]/C (clocked by sys_clk_pin) and x_heep_system_i/core_v_mini_mcu_i/ao_peripheral_subsystem_i/gpio_ao_i/i_reg_file/u_intrpt_lvl_high_en_intrpt_lvl_high_en_11/q_reg[0]/CE (clocked by sys_clk_pin). Large setup violations at the end of those stages might be difficult to fix during the post-placement implementation flow and could be the result of non-optimal XDC constraints or non-optimal design architecture
Related violations: <none>

TIMING-16#306 Warning
Large setup violation  
There is a large setup violation of -4.927 ns between x_heep_system_i/core_v_mini_mcu_i/ao_peripheral_subsystem_i/obi_fifo_i/obi_req_fifo_i/mem_q_reg[0][addr][29]/C (clocked by sys_clk_pin) and x_heep_system_i/core_v_mini_mcu_i/ao_peripheral_subsystem_i/gpio_ao_i/i_reg_file/u_intrpt_lvl_high_en_intrpt_lvl_high_en_21/q_reg[0]/CE (clocked by sys_clk_pin). Large setup violations at the end of those stages might be difficult to fix during the post-placement implementation flow and could be the result of non-optimal XDC constraints or non-optimal design architecture
Related violations: <none>

TIMING-16#307 Warning
Large setup violation  
There is a large setup violation of -4.927 ns between x_heep_system_i/core_v_mini_mcu_i/ao_peripheral_subsystem_i/obi_fifo_i/obi_req_fifo_i/mem_q_reg[0][addr][29]/C (clocked by sys_clk_pin) and x_heep_system_i/core_v_mini_mcu_i/ao_peripheral_subsystem_i/gpio_ao_i/i_reg_file/u_intrpt_lvl_high_en_intrpt_lvl_high_en_22/q_reg[0]/CE (clocked by sys_clk_pin). Large setup violations at the end of those stages might be difficult to fix during the post-placement implementation flow and could be the result of non-optimal XDC constraints or non-optimal design architecture
Related violations: <none>

TIMING-16#308 Warning
Large setup violation  
There is a large setup violation of -4.927 ns between x_heep_system_i/core_v_mini_mcu_i/ao_peripheral_subsystem_i/obi_fifo_i/obi_req_fifo_i/mem_q_reg[0][addr][29]/C (clocked by sys_clk_pin) and x_heep_system_i/core_v_mini_mcu_i/ao_peripheral_subsystem_i/gpio_ao_i/i_reg_file/u_intrpt_lvl_high_en_intrpt_lvl_high_en_29/q_reg[0]/CE (clocked by sys_clk_pin). Large setup violations at the end of those stages might be difficult to fix during the post-placement implementation flow and could be the result of non-optimal XDC constraints or non-optimal design architecture
Related violations: <none>

TIMING-16#309 Warning
Large setup violation  
There is a large setup violation of -4.927 ns between x_heep_system_i/core_v_mini_mcu_i/ao_peripheral_subsystem_i/obi_fifo_i/obi_req_fifo_i/mem_q_reg[0][addr][29]/C (clocked by sys_clk_pin) and x_heep_system_i/core_v_mini_mcu_i/ao_peripheral_subsystem_i/gpio_ao_i/i_reg_file/u_intrpt_lvl_high_en_intrpt_lvl_high_en_31/q_reg[0]/CE (clocked by sys_clk_pin). Large setup violations at the end of those stages might be difficult to fix during the post-placement implementation flow and could be the result of non-optimal XDC constraints or non-optimal design architecture
Related violations: <none>

TIMING-16#310 Warning
Large setup violation  
There is a large setup violation of -4.928 ns between x_heep_system_i/core_v_mini_mcu_i/ao_peripheral_subsystem_i/obi_fifo_i/obi_req_fifo_i/mem_q_reg[0][addr][29]/C (clocked by sys_clk_pin) and x_heep_system_i/core_v_mini_mcu_i/ao_peripheral_subsystem_i/power_manager_i/power_manager_reg_top_i/u_cpu_iso_off_counter/q_reg[10]/D (clocked by sys_clk_pin). Large setup violations at the end of those stages might be difficult to fix during the post-placement implementation flow and could be the result of non-optimal XDC constraints or non-optimal design architecture
Related violations: <none>

TIMING-16#311 Warning
Large setup violation  
There is a large setup violation of -4.930 ns between x_heep_system_i/core_v_mini_mcu_i/ao_peripheral_subsystem_i/obi_fifo_i/obi_req_fifo_i/mem_q_reg[0][addr][29]/C (clocked by sys_clk_pin) and x_heep_system_i/core_v_mini_mcu_i/ao_peripheral_subsystem_i/gpio_ao_i/i_reg_file/u_gpio_mode_0_mode_11/q_reg[0]/CE (clocked by sys_clk_pin). Large setup violations at the end of those stages might be difficult to fix during the post-placement implementation flow and could be the result of non-optimal XDC constraints or non-optimal design architecture
Related violations: <none>

TIMING-16#312 Warning
Large setup violation  
There is a large setup violation of -4.931 ns between x_heep_system_i/core_v_mini_mcu_i/ao_peripheral_subsystem_i/obi_fifo_i/obi_req_fifo_i/mem_q_reg[0][addr][29]/C (clocked by sys_clk_pin) and x_heep_system_i/core_v_mini_mcu_i/ao_peripheral_subsystem_i/power_manager_i/power_manager_reg_top_i/u_cpu_iso_off_counter/q_reg[11]/D (clocked by sys_clk_pin). Large setup violations at the end of those stages might be difficult to fix during the post-placement implementation flow and could be the result of non-optimal XDC constraints or non-optimal design architecture
Related violations: <none>

TIMING-16#313 Warning
Large setup violation  
There is a large setup violation of -4.937 ns between x_heep_system_i/core_v_mini_mcu_i/ao_peripheral_subsystem_i/obi_fifo_i/obi_req_fifo_i/mem_q_reg[0][addr][29]/C (clocked by sys_clk_pin) and x_heep_system_i/core_v_mini_mcu_i/ao_peripheral_subsystem_i/gpio_ao_i/i_reg_file/u_gpio_out_gpio_out_12/q_reg[0]/D (clocked by sys_clk_pin). Large setup violations at the end of those stages might be difficult to fix during the post-placement implementation flow and could be the result of non-optimal XDC constraints or non-optimal design architecture
Related violations: <none>

TIMING-16#314 Warning
Large setup violation  
There is a large setup violation of -4.946 ns between x_heep_system_i/core_v_mini_mcu_i/ao_peripheral_subsystem_i/obi_fifo_i/obi_req_fifo_i/mem_q_reg[0][addr][29]/C (clocked by sys_clk_pin) and x_heep_system_i/core_v_mini_mcu_i/ao_peripheral_subsystem_i/gpio_ao_i/i_reg_file/u_intrpt_lvl_high_status_intrpt_lvl_high_status_22/q_reg[0]/D (clocked by sys_clk_pin). Large setup violations at the end of those stages might be difficult to fix during the post-placement implementation flow and could be the result of non-optimal XDC constraints or non-optimal design architecture
Related violations: <none>

TIMING-16#315 Warning
Large setup violation  
There is a large setup violation of -4.947 ns between x_heep_system_i/core_v_mini_mcu_i/ao_peripheral_subsystem_i/obi_fifo_i/obi_req_fifo_i/mem_q_reg[0][addr][29]/C (clocked by sys_clk_pin) and x_heep_system_i/core_v_mini_mcu_i/ao_peripheral_subsystem_i/gpio_ao_i/i_reg_file/u_intrpt_lvl_high_en_intrpt_lvl_high_en_12/q_reg[0]/CE (clocked by sys_clk_pin). Large setup violations at the end of those stages might be difficult to fix during the post-placement implementation flow and could be the result of non-optimal XDC constraints or non-optimal design architecture
Related violations: <none>

TIMING-16#316 Warning
Large setup violation  
There is a large setup violation of -4.947 ns between x_heep_system_i/core_v_mini_mcu_i/ao_peripheral_subsystem_i/obi_fifo_i/obi_req_fifo_i/mem_q_reg[0][addr][29]/C (clocked by sys_clk_pin) and x_heep_system_i/core_v_mini_mcu_i/ao_peripheral_subsystem_i/gpio_ao_i/i_reg_file/u_intrpt_lvl_high_en_intrpt_lvl_high_en_15/q_reg[0]/CE (clocked by sys_clk_pin). Large setup violations at the end of those stages might be difficult to fix during the post-placement implementation flow and could be the result of non-optimal XDC constraints or non-optimal design architecture
Related violations: <none>

TIMING-16#317 Warning
Large setup violation  
There is a large setup violation of -4.955 ns between x_heep_system_i/core_v_mini_mcu_i/ao_peripheral_subsystem_i/obi_fifo_i/obi_req_fifo_i/mem_q_reg[0][addr][29]/C (clocked by sys_clk_pin) and x_heep_system_i/core_v_mini_mcu_i/ao_peripheral_subsystem_i/power_manager_i/power_manager_reg_top_i/u_cpu_switch_on_counter/q_reg[7]/D (clocked by sys_clk_pin). Large setup violations at the end of those stages might be difficult to fix during the post-placement implementation flow and could be the result of non-optimal XDC constraints or non-optimal design architecture
Related violations: <none>

TIMING-16#318 Warning
Large setup violation  
There is a large setup violation of -4.957 ns between x_heep_system_i/core_v_mini_mcu_i/ao_peripheral_subsystem_i/obi_fifo_i/obi_req_fifo_i/mem_q_reg[0][addr][29]/C (clocked by sys_clk_pin) and x_heep_system_i/core_v_mini_mcu_i/ao_peripheral_subsystem_i/gpio_ao_i/i_reg_file/u_gpio_mode_0_mode_12/q_reg[0]/CE (clocked by sys_clk_pin). Large setup violations at the end of those stages might be difficult to fix during the post-placement implementation flow and could be the result of non-optimal XDC constraints or non-optimal design architecture
Related violations: <none>

TIMING-16#319 Warning
Large setup violation  
There is a large setup violation of -4.957 ns between x_heep_system_i/core_v_mini_mcu_i/ao_peripheral_subsystem_i/obi_fifo_i/obi_req_fifo_i/mem_q_reg[0][addr][29]/C (clocked by sys_clk_pin) and x_heep_system_i/core_v_mini_mcu_i/ao_peripheral_subsystem_i/gpio_ao_i/i_reg_file/u_gpio_mode_0_mode_12/q_reg[1]/CE (clocked by sys_clk_pin). Large setup violations at the end of those stages might be difficult to fix during the post-placement implementation flow and could be the result of non-optimal XDC constraints or non-optimal design architecture
Related violations: <none>

TIMING-16#320 Warning
Large setup violation  
There is a large setup violation of -4.957 ns between x_heep_system_i/core_v_mini_mcu_i/ao_peripheral_subsystem_i/obi_fifo_i/obi_req_fifo_i/mem_q_reg[0][addr][29]/C (clocked by sys_clk_pin) and x_heep_system_i/core_v_mini_mcu_i/ao_peripheral_subsystem_i/gpio_ao_i/i_reg_file/u_gpio_mode_0_mode_7/q_reg[1]/CE (clocked by sys_clk_pin). Large setup violations at the end of those stages might be difficult to fix during the post-placement implementation flow and could be the result of non-optimal XDC constraints or non-optimal design architecture
Related violations: <none>

TIMING-16#321 Warning
Large setup violation  
There is a large setup violation of -4.959 ns between x_heep_system_i/core_v_mini_mcu_i/ao_peripheral_subsystem_i/obi_fifo_i/obi_req_fifo_i/mem_q_reg[0][addr][29]/C (clocked by sys_clk_pin) and x_heep_system_i/core_v_mini_mcu_i/ao_peripheral_subsystem_i/gpio_ao_i/i_reg_file/u_intrpt_rise_status_intrpt_rise_status_30/q_reg[0]/D (clocked by sys_clk_pin). Large setup violations at the end of those stages might be difficult to fix during the post-placement implementation flow and could be the result of non-optimal XDC constraints or non-optimal design architecture
Related violations: <none>

TIMING-16#322 Warning
Large setup violation  
There is a large setup violation of -4.962 ns between x_heep_system_i/core_v_mini_mcu_i/ao_peripheral_subsystem_i/obi_fifo_i/obi_req_fifo_i/mem_q_reg[0][addr][29]/C (clocked by sys_clk_pin) and x_heep_system_i/core_v_mini_mcu_i/ao_peripheral_subsystem_i/gpio_ao_i/i_reg_file/u_intrpt_rise_status_intrpt_rise_status_31/q_reg[0]/D (clocked by sys_clk_pin). Large setup violations at the end of those stages might be difficult to fix during the post-placement implementation flow and could be the result of non-optimal XDC constraints or non-optimal design architecture
Related violations: <none>

TIMING-16#323 Warning
Large setup violation  
There is a large setup violation of -4.969 ns between x_heep_system_i/core_v_mini_mcu_i/ao_peripheral_subsystem_i/obi_fifo_i/obi_req_fifo_i/mem_q_reg[0][addr][29]/C (clocked by sys_clk_pin) and x_heep_system_i/core_v_mini_mcu_i/ao_peripheral_subsystem_i/gpio_ao_i/i_reg_file/u_intrpt_lvl_high_status_intrpt_lvl_high_status_24/q_reg[0]/D (clocked by sys_clk_pin). Large setup violations at the end of those stages might be difficult to fix during the post-placement implementation flow and could be the result of non-optimal XDC constraints or non-optimal design architecture
Related violations: <none>

TIMING-16#324 Warning
Large setup violation  
There is a large setup violation of -4.970 ns between x_heep_system_i/core_v_mini_mcu_i/ao_peripheral_subsystem_i/obi_fifo_i/obi_req_fifo_i/mem_q_reg[0][addr][29]/C (clocked by sys_clk_pin) and x_heep_system_i/core_v_mini_mcu_i/ao_peripheral_subsystem_i/power_manager_i/power_manager_reg_top_i/u_en_wait_for_intr/q_reg[19]/D (clocked by sys_clk_pin). Large setup violations at the end of those stages might be difficult to fix during the post-placement implementation flow and could be the result of non-optimal XDC constraints or non-optimal design architecture
Related violations: <none>

TIMING-16#325 Warning
Large setup violation  
There is a large setup violation of -4.978 ns between x_heep_system_i/core_v_mini_mcu_i/ao_peripheral_subsystem_i/obi_fifo_i/obi_req_fifo_i/mem_q_reg[0][addr][29]/C (clocked by sys_clk_pin) and x_heep_system_i/core_v_mini_mcu_i/ao_peripheral_subsystem_i/gpio_ao_i/i_reg_file/u_intrpt_lvl_low_status_intrpt_lvl_low_status_27/q_reg[0]/D (clocked by sys_clk_pin). Large setup violations at the end of those stages might be difficult to fix during the post-placement implementation flow and could be the result of non-optimal XDC constraints or non-optimal design architecture
Related violations: <none>

TIMING-16#326 Warning
Large setup violation  
There is a large setup violation of -4.982 ns between x_heep_system_i/core_v_mini_mcu_i/ao_peripheral_subsystem_i/obi_fifo_i/obi_req_fifo_i/mem_q_reg[0][addr][29]/C (clocked by sys_clk_pin) and x_heep_system_i/core_v_mini_mcu_i/ao_peripheral_subsystem_i/gpio_ao_i/i_reg_file/u_intrpt_rise_en_intrpt_rise_en_6/q_reg[0]/CE (clocked by sys_clk_pin). Large setup violations at the end of those stages might be difficult to fix during the post-placement implementation flow and could be the result of non-optimal XDC constraints or non-optimal design architecture
Related violations: <none>

TIMING-16#327 Warning
Large setup violation  
There is a large setup violation of -4.991 ns between x_heep_system_i/core_v_mini_mcu_i/ao_peripheral_subsystem_i/obi_fifo_i/obi_req_fifo_i/mem_q_reg[0][addr][29]/C (clocked by sys_clk_pin) and x_heep_system_i/core_v_mini_mcu_i/ao_peripheral_subsystem_i/gpio_ao_i/i_reg_file/u_intrpt_rise_status_intrpt_rise_status_9/q_reg[0]/D (clocked by sys_clk_pin). Large setup violations at the end of those stages might be difficult to fix during the post-placement implementation flow and could be the result of non-optimal XDC constraints or non-optimal design architecture
Related violations: <none>

TIMING-16#328 Warning
Large setup violation  
There is a large setup violation of -4.996 ns between x_heep_system_i/core_v_mini_mcu_i/ao_peripheral_subsystem_i/obi_fifo_i/obi_req_fifo_i/mem_q_reg[0][addr][29]/C (clocked by sys_clk_pin) and x_heep_system_i/core_v_mini_mcu_i/ao_peripheral_subsystem_i/gpio_ao_i/i_reg_file/u_intrpt_fall_en_intrpt_fall_en_26/q_reg[0]/CE (clocked by sys_clk_pin). Large setup violations at the end of those stages might be difficult to fix during the post-placement implementation flow and could be the result of non-optimal XDC constraints or non-optimal design architecture
Related violations: <none>

TIMING-16#329 Warning
Large setup violation  
There is a large setup violation of -4.996 ns between x_heep_system_i/core_v_mini_mcu_i/ao_peripheral_subsystem_i/obi_fifo_i/obi_req_fifo_i/mem_q_reg[0][addr][29]/C (clocked by sys_clk_pin) and x_heep_system_i/core_v_mini_mcu_i/ao_peripheral_subsystem_i/gpio_ao_i/i_reg_file/u_intrpt_fall_en_intrpt_fall_en_30/q_reg[0]/CE (clocked by sys_clk_pin). Large setup violations at the end of those stages might be difficult to fix during the post-placement implementation flow and could be the result of non-optimal XDC constraints or non-optimal design architecture
Related violations: <none>

TIMING-16#330 Warning
Large setup violation  
There is a large setup violation of -4.998 ns between x_heep_system_i/core_v_mini_mcu_i/ao_peripheral_subsystem_i/obi_fifo_i/obi_req_fifo_i/mem_q_reg[0][addr][29]/C (clocked by sys_clk_pin) and x_heep_system_i/core_v_mini_mcu_i/ao_peripheral_subsystem_i/power_manager_i/power_manager_reg_top_i/u_cpu_iso_off_counter/q_reg[6]/D (clocked by sys_clk_pin). Large setup violations at the end of those stages might be difficult to fix during the post-placement implementation flow and could be the result of non-optimal XDC constraints or non-optimal design architecture
Related violations: <none>

TIMING-16#331 Warning
Large setup violation  
There is a large setup violation of -5.006 ns between x_heep_system_i/core_v_mini_mcu_i/ao_peripheral_subsystem_i/obi_fifo_i/obi_req_fifo_i/mem_q_reg[0][addr][29]/C (clocked by sys_clk_pin) and x_heep_system_i/core_v_mini_mcu_i/ao_peripheral_subsystem_i/gpio_ao_i/i_reg_file/u_intrpt_fall_en_intrpt_fall_en_15/q_reg[0]/CE (clocked by sys_clk_pin). Large setup violations at the end of those stages might be difficult to fix during the post-placement implementation flow and could be the result of non-optimal XDC constraints or non-optimal design architecture
Related violations: <none>

TIMING-16#332 Warning
Large setup violation  
There is a large setup violation of -5.011 ns between x_heep_system_i/core_v_mini_mcu_i/ao_peripheral_subsystem_i/obi_fifo_i/obi_req_fifo_i/mem_q_reg[0][addr][29]/C (clocked by sys_clk_pin) and x_heep_system_i/core_v_mini_mcu_i/ao_peripheral_subsystem_i/gpio_ao_i/i_reg_file/u_intrpt_lvl_high_status_intrpt_lvl_high_status_21/q_reg[0]/D (clocked by sys_clk_pin). Large setup violations at the end of those stages might be difficult to fix during the post-placement implementation flow and could be the result of non-optimal XDC constraints or non-optimal design architecture
Related violations: <none>

TIMING-16#333 Warning
Large setup violation  
There is a large setup violation of -5.026 ns between x_heep_system_i/core_v_mini_mcu_i/ao_peripheral_subsystem_i/obi_fifo_i/obi_req_fifo_i/mem_q_reg[0][addr][29]/C (clocked by sys_clk_pin) and x_heep_system_i/core_v_mini_mcu_i/ao_peripheral_subsystem_i/gpio_ao_i/i_reg_file/u_intrpt_lvl_high_status_intrpt_lvl_high_status_31/q_reg[0]/D (clocked by sys_clk_pin). Large setup violations at the end of those stages might be difficult to fix during the post-placement implementation flow and could be the result of non-optimal XDC constraints or non-optimal design architecture
Related violations: <none>

TIMING-16#334 Warning
Large setup violation  
There is a large setup violation of -5.028 ns between x_heep_system_i/core_v_mini_mcu_i/ao_peripheral_subsystem_i/obi_fifo_i/obi_req_fifo_i/mem_q_reg[0][addr][29]/C (clocked by sys_clk_pin) and x_heep_system_i/core_v_mini_mcu_i/ao_peripheral_subsystem_i/gpio_ao_i/i_reg_file/u_intrpt_fall_en_intrpt_fall_en_12/q_reg[0]/CE (clocked by sys_clk_pin). Large setup violations at the end of those stages might be difficult to fix during the post-placement implementation flow and could be the result of non-optimal XDC constraints or non-optimal design architecture
Related violations: <none>

TIMING-16#335 Warning
Large setup violation  
There is a large setup violation of -5.029 ns between x_heep_system_i/core_v_mini_mcu_i/ao_peripheral_subsystem_i/obi_fifo_i/obi_req_fifo_i/mem_q_reg[0][addr][29]/C (clocked by sys_clk_pin) and x_heep_system_i/core_v_mini_mcu_i/ao_peripheral_subsystem_i/gpio_ao_i/i_reg_file/u_gpio_out_gpio_out_24/q_reg[0]/D (clocked by sys_clk_pin). Large setup violations at the end of those stages might be difficult to fix during the post-placement implementation flow and could be the result of non-optimal XDC constraints or non-optimal design architecture
Related violations: <none>

TIMING-16#336 Warning
Large setup violation  
There is a large setup violation of -5.041 ns between x_heep_system_i/core_v_mini_mcu_i/ao_peripheral_subsystem_i/obi_fifo_i/obi_req_fifo_i/mem_q_reg[0][addr][29]/C (clocked by sys_clk_pin) and x_heep_system_i/core_v_mini_mcu_i/ao_peripheral_subsystem_i/gpio_ao_i/i_reg_file/u_gpio_mode_0_mode_15/q_reg[0]/CE (clocked by sys_clk_pin). Large setup violations at the end of those stages might be difficult to fix during the post-placement implementation flow and could be the result of non-optimal XDC constraints or non-optimal design architecture
Related violations: <none>

TIMING-16#337 Warning
Large setup violation  
There is a large setup violation of -5.041 ns between x_heep_system_i/core_v_mini_mcu_i/ao_peripheral_subsystem_i/obi_fifo_i/obi_req_fifo_i/mem_q_reg[0][addr][29]/C (clocked by sys_clk_pin) and x_heep_system_i/core_v_mini_mcu_i/ao_peripheral_subsystem_i/gpio_ao_i/i_reg_file/u_gpio_mode_0_mode_15/q_reg[1]/CE (clocked by sys_clk_pin). Large setup violations at the end of those stages might be difficult to fix during the post-placement implementation flow and could be the result of non-optimal XDC constraints or non-optimal design architecture
Related violations: <none>

TIMING-16#338 Warning
Large setup violation  
There is a large setup violation of -5.042 ns between x_heep_system_i/core_v_mini_mcu_i/ao_peripheral_subsystem_i/obi_fifo_i/obi_req_fifo_i/mem_q_reg[0][addr][29]/C (clocked by sys_clk_pin) and x_heep_system_i/core_v_mini_mcu_i/ao_peripheral_subsystem_i/gpio_ao_i/i_reg_file/u_gpio_out_gpio_out_21/q_reg[0]/D (clocked by sys_clk_pin). Large setup violations at the end of those stages might be difficult to fix during the post-placement implementation flow and could be the result of non-optimal XDC constraints or non-optimal design architecture
Related violations: <none>

TIMING-16#339 Warning
Large setup violation  
There is a large setup violation of -5.053 ns between x_heep_system_i/core_v_mini_mcu_i/ao_peripheral_subsystem_i/obi_fifo_i/obi_req_fifo_i/mem_q_reg[0][addr][29]/C (clocked by sys_clk_pin) and x_heep_system_i/core_v_mini_mcu_i/ao_peripheral_subsystem_i/gpio_ao_i/i_reg_file/u_intrpt_fall_status_intrpt_fall_status_31/q_reg[0]/D (clocked by sys_clk_pin). Large setup violations at the end of those stages might be difficult to fix during the post-placement implementation flow and could be the result of non-optimal XDC constraints or non-optimal design architecture
Related violations: <none>

TIMING-16#340 Warning
Large setup violation  
There is a large setup violation of -5.053 ns between x_heep_system_i/core_v_mini_mcu_i/ao_peripheral_subsystem_i/obi_fifo_i/obi_req_fifo_i/mem_q_reg[0][addr][29]/C (clocked by sys_clk_pin) and x_heep_system_i/core_v_mini_mcu_i/ao_peripheral_subsystem_i/gpio_ao_i/i_reg_file/u_intrpt_lvl_high_status_intrpt_lvl_high_status_15/q_reg[0]/D (clocked by sys_clk_pin). Large setup violations at the end of those stages might be difficult to fix during the post-placement implementation flow and could be the result of non-optimal XDC constraints or non-optimal design architecture
Related violations: <none>

TIMING-16#341 Warning
Large setup violation  
There is a large setup violation of -5.057 ns between x_heep_system_i/core_v_mini_mcu_i/ao_peripheral_subsystem_i/obi_fifo_i/obi_req_fifo_i/mem_q_reg[0][addr][29]/C (clocked by sys_clk_pin) and x_heep_system_i/core_v_mini_mcu_i/ao_peripheral_subsystem_i/gpio_ao_i/i_reg_file/u_intrpt_lvl_high_status_intrpt_lvl_high_status_12/q_reg[0]/D (clocked by sys_clk_pin). Large setup violations at the end of those stages might be difficult to fix during the post-placement implementation flow and could be the result of non-optimal XDC constraints or non-optimal design architecture
Related violations: <none>

TIMING-16#342 Warning
Large setup violation  
There is a large setup violation of -5.058 ns between x_heep_system_i/core_v_mini_mcu_i/ao_peripheral_subsystem_i/obi_fifo_i/obi_req_fifo_i/mem_q_reg[0][addr][29]/C (clocked by sys_clk_pin) and x_heep_system_i/core_v_mini_mcu_i/ao_peripheral_subsystem_i/power_manager_i/power_manager_reg_top_i/u_cpu_iso_off_counter/q_reg[3]/CE (clocked by sys_clk_pin). Large setup violations at the end of those stages might be difficult to fix during the post-placement implementation flow and could be the result of non-optimal XDC constraints or non-optimal design architecture
Related violations: <none>

TIMING-16#343 Warning
Large setup violation  
There is a large setup violation of -5.066 ns between x_heep_system_i/core_v_mini_mcu_i/ao_peripheral_subsystem_i/obi_fifo_i/obi_req_fifo_i/mem_q_reg[0][addr][29]/C (clocked by sys_clk_pin) and x_heep_system_i/core_v_mini_mcu_i/ao_peripheral_subsystem_i/gpio_ao_i/i_reg_file/u_intrpt_lvl_high_en_intrpt_lvl_high_en_17/q_reg[0]/CE (clocked by sys_clk_pin). Large setup violations at the end of those stages might be difficult to fix during the post-placement implementation flow and could be the result of non-optimal XDC constraints or non-optimal design architecture
Related violations: <none>

TIMING-16#344 Warning
Large setup violation  
There is a large setup violation of -5.069 ns between x_heep_system_i/core_v_mini_mcu_i/ao_peripheral_subsystem_i/obi_fifo_i/obi_req_fifo_i/mem_q_reg[0][addr][29]/C (clocked by sys_clk_pin) and x_heep_system_i/core_v_mini_mcu_i/ao_peripheral_subsystem_i/gpio_ao_i/i_reg_file/u_intrpt_fall_status_intrpt_fall_status_28/q_reg[0]/D (clocked by sys_clk_pin). Large setup violations at the end of those stages might be difficult to fix during the post-placement implementation flow and could be the result of non-optimal XDC constraints or non-optimal design architecture
Related violations: <none>

TIMING-16#345 Warning
Large setup violation  
There is a large setup violation of -5.070 ns between x_heep_system_i/core_v_mini_mcu_i/ao_peripheral_subsystem_i/obi_fifo_i/obi_req_fifo_i/mem_q_reg[0][addr][29]/C (clocked by sys_clk_pin) and x_heep_system_i/core_v_mini_mcu_i/ao_peripheral_subsystem_i/gpio_ao_i/i_reg_file/u_gpio_mode_1_mode_16/q_reg[1]/CE (clocked by sys_clk_pin). Large setup violations at the end of those stages might be difficult to fix during the post-placement implementation flow and could be the result of non-optimal XDC constraints or non-optimal design architecture
Related violations: <none>

TIMING-16#346 Warning
Large setup violation  
There is a large setup violation of -5.070 ns between x_heep_system_i/core_v_mini_mcu_i/ao_peripheral_subsystem_i/obi_fifo_i/obi_req_fifo_i/mem_q_reg[0][addr][29]/C (clocked by sys_clk_pin) and x_heep_system_i/core_v_mini_mcu_i/ao_peripheral_subsystem_i/gpio_ao_i/i_reg_file/u_gpio_mode_1_mode_17/q_reg[0]/CE (clocked by sys_clk_pin). Large setup violations at the end of those stages might be difficult to fix during the post-placement implementation flow and could be the result of non-optimal XDC constraints or non-optimal design architecture
Related violations: <none>

TIMING-16#347 Warning
Large setup violation  
There is a large setup violation of -5.070 ns between x_heep_system_i/core_v_mini_mcu_i/ao_peripheral_subsystem_i/obi_fifo_i/obi_req_fifo_i/mem_q_reg[0][addr][29]/C (clocked by sys_clk_pin) and x_heep_system_i/core_v_mini_mcu_i/ao_peripheral_subsystem_i/gpio_ao_i/i_reg_file/u_gpio_mode_1_mode_17/q_reg[1]/CE (clocked by sys_clk_pin). Large setup violations at the end of those stages might be difficult to fix during the post-placement implementation flow and could be the result of non-optimal XDC constraints or non-optimal design architecture
Related violations: <none>

TIMING-16#348 Warning
Large setup violation  
There is a large setup violation of -5.070 ns between x_heep_system_i/core_v_mini_mcu_i/ao_peripheral_subsystem_i/obi_fifo_i/obi_req_fifo_i/mem_q_reg[0][addr][29]/C (clocked by sys_clk_pin) and x_heep_system_i/core_v_mini_mcu_i/ao_peripheral_subsystem_i/gpio_ao_i/i_reg_file/u_gpio_mode_1_mode_19/q_reg[1]/CE (clocked by sys_clk_pin). Large setup violations at the end of those stages might be difficult to fix during the post-placement implementation flow and could be the result of non-optimal XDC constraints or non-optimal design architecture
Related violations: <none>

TIMING-16#349 Warning
Large setup violation  
There is a large setup violation of -5.070 ns between x_heep_system_i/core_v_mini_mcu_i/ao_peripheral_subsystem_i/obi_fifo_i/obi_req_fifo_i/mem_q_reg[0][addr][29]/C (clocked by sys_clk_pin) and x_heep_system_i/core_v_mini_mcu_i/ao_peripheral_subsystem_i/gpio_ao_i/i_reg_file/u_gpio_mode_1_mode_25/q_reg[0]/CE (clocked by sys_clk_pin). Large setup violations at the end of those stages might be difficult to fix during the post-placement implementation flow and could be the result of non-optimal XDC constraints or non-optimal design architecture
Related violations: <none>

TIMING-16#350 Warning
Large setup violation  
There is a large setup violation of -5.070 ns between x_heep_system_i/core_v_mini_mcu_i/ao_peripheral_subsystem_i/obi_fifo_i/obi_req_fifo_i/mem_q_reg[0][addr][29]/C (clocked by sys_clk_pin) and x_heep_system_i/core_v_mini_mcu_i/ao_peripheral_subsystem_i/gpio_ao_i/i_reg_file/u_gpio_mode_1_mode_25/q_reg[1]/CE (clocked by sys_clk_pin). Large setup violations at the end of those stages might be difficult to fix during the post-placement implementation flow and could be the result of non-optimal XDC constraints or non-optimal design architecture
Related violations: <none>

TIMING-16#351 Warning
Large setup violation  
There is a large setup violation of -5.074 ns between x_heep_system_i/core_v_mini_mcu_i/ao_peripheral_subsystem_i/obi_fifo_i/obi_req_fifo_i/mem_q_reg[0][addr][29]/C (clocked by sys_clk_pin) and x_heep_system_i/core_v_mini_mcu_i/ao_peripheral_subsystem_i/gpio_ao_i/i_reg_file/u_gpio_mode_0_mode_6/q_reg[1]/CE (clocked by sys_clk_pin). Large setup violations at the end of those stages might be difficult to fix during the post-placement implementation flow and could be the result of non-optimal XDC constraints or non-optimal design architecture
Related violations: <none>

TIMING-16#352 Warning
Large setup violation  
There is a large setup violation of -5.074 ns between x_heep_system_i/core_v_mini_mcu_i/ao_peripheral_subsystem_i/obi_fifo_i/obi_req_fifo_i/mem_q_reg[0][addr][29]/C (clocked by sys_clk_pin) and x_heep_system_i/core_v_mini_mcu_i/ao_peripheral_subsystem_i/gpio_ao_i/i_reg_file/u_gpio_mode_0_mode_7/q_reg[0]/CE (clocked by sys_clk_pin). Large setup violations at the end of those stages might be difficult to fix during the post-placement implementation flow and could be the result of non-optimal XDC constraints or non-optimal design architecture
Related violations: <none>

TIMING-16#353 Warning
Large setup violation  
There is a large setup violation of -5.077 ns between x_heep_system_i/core_v_mini_mcu_i/ao_peripheral_subsystem_i/obi_fifo_i/obi_req_fifo_i/mem_q_reg[0][addr][29]/C (clocked by sys_clk_pin) and x_heep_system_i/core_v_mini_mcu_i/ao_peripheral_subsystem_i/gpio_ao_i/i_reg_file/u_intrpt_fall_status_intrpt_fall_status_22/q_reg[0]/D (clocked by sys_clk_pin). Large setup violations at the end of those stages might be difficult to fix during the post-placement implementation flow and could be the result of non-optimal XDC constraints or non-optimal design architecture
Related violations: <none>

TIMING-16#354 Warning
Large setup violation  
There is a large setup violation of -5.078 ns between x_heep_system_i/core_v_mini_mcu_i/ao_peripheral_subsystem_i/obi_fifo_i/obi_req_fifo_i/mem_q_reg[0][addr][29]/C (clocked by sys_clk_pin) and x_heep_system_i/core_v_mini_mcu_i/ao_peripheral_subsystem_i/gpio_ao_i/i_reg_file/u_intrpt_rise_status_intrpt_rise_status_20/q_reg[0]/D (clocked by sys_clk_pin). Large setup violations at the end of those stages might be difficult to fix during the post-placement implementation flow and could be the result of non-optimal XDC constraints or non-optimal design architecture
Related violations: <none>

TIMING-16#355 Warning
Large setup violation  
There is a large setup violation of -5.078 ns between x_heep_system_i/core_v_mini_mcu_i/ao_peripheral_subsystem_i/obi_fifo_i/obi_req_fifo_i/mem_q_reg[0][addr][29]/C (clocked by sys_clk_pin) and x_heep_system_i/core_v_mini_mcu_i/ao_peripheral_subsystem_i/gpio_ao_i/i_reg_file/u_intrpt_rise_status_intrpt_rise_status_3/q_reg[0]/D (clocked by sys_clk_pin). Large setup violations at the end of those stages might be difficult to fix during the post-placement implementation flow and could be the result of non-optimal XDC constraints or non-optimal design architecture
Related violations: <none>

TIMING-16#356 Warning
Large setup violation  
There is a large setup violation of -5.080 ns between x_heep_system_i/core_v_mini_mcu_i/ao_peripheral_subsystem_i/obi_fifo_i/obi_req_fifo_i/mem_q_reg[0][addr][29]/C (clocked by sys_clk_pin) and x_heep_system_i/core_v_mini_mcu_i/ao_peripheral_subsystem_i/power_manager_i/power_manager_reg_top_i/u_cpu_reset_assert_counter/q_reg[4]/D (clocked by sys_clk_pin). Large setup violations at the end of those stages might be difficult to fix during the post-placement implementation flow and could be the result of non-optimal XDC constraints or non-optimal design architecture
Related violations: <none>

TIMING-16#357 Warning
Large setup violation  
There is a large setup violation of -5.082 ns between x_heep_system_i/core_v_mini_mcu_i/ao_peripheral_subsystem_i/obi_fifo_i/obi_req_fifo_i/mem_q_reg[0][addr][29]/C (clocked by sys_clk_pin) and x_heep_system_i/core_v_mini_mcu_i/ao_peripheral_subsystem_i/gpio_ao_i/i_reg_file/u_gpio_mode_1_mode_16/q_reg[0]/CE (clocked by sys_clk_pin). Large setup violations at the end of those stages might be difficult to fix during the post-placement implementation flow and could be the result of non-optimal XDC constraints or non-optimal design architecture
Related violations: <none>

TIMING-16#358 Warning
Large setup violation  
There is a large setup violation of -5.082 ns between x_heep_system_i/core_v_mini_mcu_i/ao_peripheral_subsystem_i/obi_fifo_i/obi_req_fifo_i/mem_q_reg[0][addr][29]/C (clocked by sys_clk_pin) and x_heep_system_i/core_v_mini_mcu_i/ao_peripheral_subsystem_i/gpio_ao_i/i_reg_file/u_gpio_mode_1_mode_18/q_reg[0]/CE (clocked by sys_clk_pin). Large setup violations at the end of those stages might be difficult to fix during the post-placement implementation flow and could be the result of non-optimal XDC constraints or non-optimal design architecture
Related violations: <none>

TIMING-16#359 Warning
Large setup violation  
There is a large setup violation of -5.082 ns between x_heep_system_i/core_v_mini_mcu_i/ao_peripheral_subsystem_i/obi_fifo_i/obi_req_fifo_i/mem_q_reg[0][addr][29]/C (clocked by sys_clk_pin) and x_heep_system_i/core_v_mini_mcu_i/ao_peripheral_subsystem_i/gpio_ao_i/i_reg_file/u_gpio_mode_1_mode_18/q_reg[1]/CE (clocked by sys_clk_pin). Large setup violations at the end of those stages might be difficult to fix during the post-placement implementation flow and could be the result of non-optimal XDC constraints or non-optimal design architecture
Related violations: <none>

TIMING-16#360 Warning
Large setup violation  
There is a large setup violation of -5.082 ns between x_heep_system_i/core_v_mini_mcu_i/ao_peripheral_subsystem_i/obi_fifo_i/obi_req_fifo_i/mem_q_reg[0][addr][29]/C (clocked by sys_clk_pin) and x_heep_system_i/core_v_mini_mcu_i/ao_peripheral_subsystem_i/power_manager_i/power_manager_reg_top_i/u_cpu_reset_assert_counter/q_reg[3]/D (clocked by sys_clk_pin). Large setup violations at the end of those stages might be difficult to fix during the post-placement implementation flow and could be the result of non-optimal XDC constraints or non-optimal design architecture
Related violations: <none>

TIMING-16#361 Warning
Large setup violation  
There is a large setup violation of -5.083 ns between x_heep_system_i/core_v_mini_mcu_i/ao_peripheral_subsystem_i/obi_fifo_i/obi_req_fifo_i/mem_q_reg[0][addr][29]/C (clocked by sys_clk_pin) and x_heep_system_i/core_v_mini_mcu_i/ao_peripheral_subsystem_i/gpio_ao_i/i_reg_file/u_intrpt_fall_status_intrpt_fall_status_3/q_reg[0]/D (clocked by sys_clk_pin). Large setup violations at the end of those stages might be difficult to fix during the post-placement implementation flow and could be the result of non-optimal XDC constraints or non-optimal design architecture
Related violations: <none>

TIMING-16#362 Warning
Large setup violation  
There is a large setup violation of -5.087 ns between x_heep_system_i/core_v_mini_mcu_i/ao_peripheral_subsystem_i/obi_fifo_i/obi_req_fifo_i/mem_q_reg[0][addr][29]/C (clocked by sys_clk_pin) and x_heep_system_i/core_v_mini_mcu_i/ao_peripheral_subsystem_i/gpio_ao_i/i_reg_file/u_intrpt_lvl_high_en_intrpt_lvl_high_en_1/q_reg[0]/CE (clocked by sys_clk_pin). Large setup violations at the end of those stages might be difficult to fix during the post-placement implementation flow and could be the result of non-optimal XDC constraints or non-optimal design architecture
Related violations: <none>

TIMING-16#363 Warning
Large setup violation  
There is a large setup violation of -5.089 ns between x_heep_system_i/core_v_mini_mcu_i/ao_peripheral_subsystem_i/obi_fifo_i/obi_req_fifo_i/mem_q_reg[0][addr][29]/C (clocked by sys_clk_pin) and x_heep_system_i/core_v_mini_mcu_i/ao_peripheral_subsystem_i/gpio_ao_i/i_reg_file/u_intrpt_fall_en_intrpt_fall_en_8/q_reg[0]/CE (clocked by sys_clk_pin). Large setup violations at the end of those stages might be difficult to fix during the post-placement implementation flow and could be the result of non-optimal XDC constraints or non-optimal design architecture
Related violations: <none>

TIMING-16#364 Warning
Large setup violation  
There is a large setup violation of -5.089 ns between x_heep_system_i/core_v_mini_mcu_i/ao_peripheral_subsystem_i/obi_fifo_i/obi_req_fifo_i/mem_q_reg[0][addr][29]/C (clocked by sys_clk_pin) and x_heep_system_i/core_v_mini_mcu_i/ao_peripheral_subsystem_i/gpio_ao_i/i_reg_file/u_intrpt_rise_en_intrpt_rise_en_5/q_reg[0]/CE (clocked by sys_clk_pin). Large setup violations at the end of those stages might be difficult to fix during the post-placement implementation flow and could be the result of non-optimal XDC constraints or non-optimal design architecture
Related violations: <none>

TIMING-16#365 Warning
Large setup violation  
There is a large setup violation of -5.094 ns between x_heep_system_i/core_v_mini_mcu_i/ao_peripheral_subsystem_i/obi_fifo_i/obi_req_fifo_i/mem_q_reg[0][addr][29]/C (clocked by sys_clk_pin) and x_heep_system_i/core_v_mini_mcu_i/ao_peripheral_subsystem_i/gpio_ao_i/i_reg_file/u_intrpt_lvl_low_status_intrpt_lvl_low_status_31/q_reg[0]/D (clocked by sys_clk_pin). Large setup violations at the end of those stages might be difficult to fix during the post-placement implementation flow and could be the result of non-optimal XDC constraints or non-optimal design architecture
Related violations: <none>

TIMING-16#366 Warning
Large setup violation  
There is a large setup violation of -5.096 ns between x_heep_system_i/core_v_mini_mcu_i/ao_peripheral_subsystem_i/obi_fifo_i/obi_req_fifo_i/mem_q_reg[0][addr][29]/C (clocked by sys_clk_pin) and x_heep_system_i/core_v_mini_mcu_i/ao_peripheral_subsystem_i/power_manager_i/power_manager_reg_top_i/u_cpu_switch_on_counter/q_reg[8]/D (clocked by sys_clk_pin). Large setup violations at the end of those stages might be difficult to fix during the post-placement implementation flow and could be the result of non-optimal XDC constraints or non-optimal design architecture
Related violations: <none>

TIMING-16#367 Warning
Large setup violation  
There is a large setup violation of -5.105 ns between x_heep_system_i/core_v_mini_mcu_i/ao_peripheral_subsystem_i/obi_fifo_i/obi_req_fifo_i/mem_q_reg[0][addr][29]/C (clocked by sys_clk_pin) and x_heep_system_i/core_v_mini_mcu_i/ao_peripheral_subsystem_i/power_manager_i/power_manager_reg_top_i/u_cpu_switch_on_counter/q_reg[12]/D (clocked by sys_clk_pin). Large setup violations at the end of those stages might be difficult to fix during the post-placement implementation flow and could be the result of non-optimal XDC constraints or non-optimal design architecture
Related violations: <none>

TIMING-16#368 Warning
Large setup violation  
There is a large setup violation of -5.107 ns between x_heep_system_i/core_v_mini_mcu_i/ao_peripheral_subsystem_i/obi_fifo_i/obi_req_fifo_i/mem_q_reg[0][addr][29]/C (clocked by sys_clk_pin) and x_heep_system_i/core_v_mini_mcu_i/ao_peripheral_subsystem_i/power_manager_i/power_manager_reg_top_i/u_cpu_iso_off_counter/q_reg[2]/CE (clocked by sys_clk_pin). Large setup violations at the end of those stages might be difficult to fix during the post-placement implementation flow and could be the result of non-optimal XDC constraints or non-optimal design architecture
Related violations: <none>

TIMING-16#369 Warning
Large setup violation  
There is a large setup violation of -5.107 ns between x_heep_system_i/core_v_mini_mcu_i/ao_peripheral_subsystem_i/obi_fifo_i/obi_req_fifo_i/mem_q_reg[0][addr][29]/C (clocked by sys_clk_pin) and x_heep_system_i/core_v_mini_mcu_i/ao_peripheral_subsystem_i/power_manager_i/power_manager_reg_top_i/u_cpu_iso_off_counter/q_reg[4]/CE (clocked by sys_clk_pin). Large setup violations at the end of those stages might be difficult to fix during the post-placement implementation flow and could be the result of non-optimal XDC constraints or non-optimal design architecture
Related violations: <none>

TIMING-16#370 Warning
Large setup violation  
There is a large setup violation of -5.107 ns between x_heep_system_i/core_v_mini_mcu_i/ao_peripheral_subsystem_i/obi_fifo_i/obi_req_fifo_i/mem_q_reg[0][addr][29]/C (clocked by sys_clk_pin) and x_heep_system_i/core_v_mini_mcu_i/ao_peripheral_subsystem_i/power_manager_i/power_manager_reg_top_i/u_cpu_iso_off_counter/q_reg[6]/CE (clocked by sys_clk_pin). Large setup violations at the end of those stages might be difficult to fix during the post-placement implementation flow and could be the result of non-optimal XDC constraints or non-optimal design architecture
Related violations: <none>

TIMING-16#371 Warning
Large setup violation  
There is a large setup violation of -5.110 ns between x_heep_system_i/core_v_mini_mcu_i/ao_peripheral_subsystem_i/obi_fifo_i/obi_req_fifo_i/mem_q_reg[0][addr][29]/C (clocked by sys_clk_pin) and x_heep_system_i/core_v_mini_mcu_i/ao_peripheral_subsystem_i/gpio_ao_i/i_reg_file/u_intrpt_fall_status_intrpt_fall_status_20/q_reg[0]/D (clocked by sys_clk_pin). Large setup violations at the end of those stages might be difficult to fix during the post-placement implementation flow and could be the result of non-optimal XDC constraints or non-optimal design architecture
Related violations: <none>

TIMING-16#372 Warning
Large setup violation  
There is a large setup violation of -5.111 ns between x_heep_system_i/core_v_mini_mcu_i/ao_peripheral_subsystem_i/obi_fifo_i/obi_req_fifo_i/mem_q_reg[0][addr][29]/C (clocked by sys_clk_pin) and x_heep_system_i/core_v_mini_mcu_i/ao_peripheral_subsystem_i/power_manager_i/power_manager_reg_top_i/u_cpu_switch_on_counter/q_reg[5]/D (clocked by sys_clk_pin). Large setup violations at the end of those stages might be difficult to fix during the post-placement implementation flow and could be the result of non-optimal XDC constraints or non-optimal design architecture
Related violations: <none>

TIMING-16#373 Warning
Large setup violation  
There is a large setup violation of -5.114 ns between x_heep_system_i/core_v_mini_mcu_i/ao_peripheral_subsystem_i/obi_fifo_i/obi_req_fifo_i/mem_q_reg[0][addr][29]/C (clocked by sys_clk_pin) and x_heep_system_i/core_v_mini_mcu_i/ao_peripheral_subsystem_i/power_manager_i/power_manager_reg_top_i/u_cpu_iso_off_counter/q_reg[5]/D (clocked by sys_clk_pin). Large setup violations at the end of those stages might be difficult to fix during the post-placement implementation flow and could be the result of non-optimal XDC constraints or non-optimal design architecture
Related violations: <none>

TIMING-16#374 Warning
Large setup violation  
There is a large setup violation of -5.115 ns between x_heep_system_i/core_v_mini_mcu_i/ao_peripheral_subsystem_i/obi_fifo_i/obi_req_fifo_i/mem_q_reg[0][addr][29]/C (clocked by sys_clk_pin) and x_heep_system_i/core_v_mini_mcu_i/ao_peripheral_subsystem_i/power_manager_i/power_manager_reg_top_i/u_cpu_switch_on_counter/q_reg[10]/D (clocked by sys_clk_pin). Large setup violations at the end of those stages might be difficult to fix during the post-placement implementation flow and could be the result of non-optimal XDC constraints or non-optimal design architecture
Related violations: <none>

TIMING-16#375 Warning
Large setup violation  
There is a large setup violation of -5.118 ns between x_heep_system_i/core_v_mini_mcu_i/ao_peripheral_subsystem_i/obi_fifo_i/obi_req_fifo_i/mem_q_reg[0][addr][29]/C (clocked by sys_clk_pin) and x_heep_system_i/core_v_mini_mcu_i/ao_peripheral_subsystem_i/gpio_ao_i/i_reg_file/u_intrpt_lvl_high_en_intrpt_lvl_high_en_18/q_reg[0]/CE (clocked by sys_clk_pin). Large setup violations at the end of those stages might be difficult to fix during the post-placement implementation flow and could be the result of non-optimal XDC constraints or non-optimal design architecture
Related violations: <none>

TIMING-16#376 Warning
Large setup violation  
There is a large setup violation of -5.118 ns between x_heep_system_i/core_v_mini_mcu_i/ao_peripheral_subsystem_i/obi_fifo_i/obi_req_fifo_i/mem_q_reg[0][addr][29]/C (clocked by sys_clk_pin) and x_heep_system_i/core_v_mini_mcu_i/ao_peripheral_subsystem_i/gpio_ao_i/i_reg_file/u_intrpt_lvl_high_en_intrpt_lvl_high_en_19/q_reg[0]/CE (clocked by sys_clk_pin). Large setup violations at the end of those stages might be difficult to fix during the post-placement implementation flow and could be the result of non-optimal XDC constraints or non-optimal design architecture
Related violations: <none>

TIMING-16#377 Warning
Large setup violation  
There is a large setup violation of -5.118 ns between x_heep_system_i/core_v_mini_mcu_i/ao_peripheral_subsystem_i/obi_fifo_i/obi_req_fifo_i/mem_q_reg[0][addr][29]/C (clocked by sys_clk_pin) and x_heep_system_i/core_v_mini_mcu_i/ao_peripheral_subsystem_i/gpio_ao_i/i_reg_file/u_intrpt_lvl_low_status_intrpt_lvl_low_status_16/q_reg[0]/D (clocked by sys_clk_pin). Large setup violations at the end of those stages might be difficult to fix during the post-placement implementation flow and could be the result of non-optimal XDC constraints or non-optimal design architecture
Related violations: <none>

TIMING-16#378 Warning
Large setup violation  
There is a large setup violation of -5.124 ns between x_heep_system_i/core_v_mini_mcu_i/ao_peripheral_subsystem_i/obi_fifo_i/obi_req_fifo_i/mem_q_reg[0][addr][29]/C (clocked by sys_clk_pin) and x_heep_system_i/core_v_mini_mcu_i/ao_peripheral_subsystem_i/gpio_ao_i/i_reg_file/u_intrpt_lvl_high_en_intrpt_lvl_high_en_13/q_reg[0]/CE (clocked by sys_clk_pin). Large setup violations at the end of those stages might be difficult to fix during the post-placement implementation flow and could be the result of non-optimal XDC constraints or non-optimal design architecture
Related violations: <none>

TIMING-16#379 Warning
Large setup violation  
There is a large setup violation of -5.124 ns between x_heep_system_i/core_v_mini_mcu_i/ao_peripheral_subsystem_i/obi_fifo_i/obi_req_fifo_i/mem_q_reg[0][addr][29]/C (clocked by sys_clk_pin) and x_heep_system_i/core_v_mini_mcu_i/ao_peripheral_subsystem_i/gpio_ao_i/i_reg_file/u_intrpt_lvl_high_en_intrpt_lvl_high_en_14/q_reg[0]/CE (clocked by sys_clk_pin). Large setup violations at the end of those stages might be difficult to fix during the post-placement implementation flow and could be the result of non-optimal XDC constraints or non-optimal design architecture
Related violations: <none>

TIMING-16#380 Warning
Large setup violation  
There is a large setup violation of -5.124 ns between x_heep_system_i/core_v_mini_mcu_i/ao_peripheral_subsystem_i/obi_fifo_i/obi_req_fifo_i/mem_q_reg[0][addr][29]/C (clocked by sys_clk_pin) and x_heep_system_i/core_v_mini_mcu_i/ao_peripheral_subsystem_i/gpio_ao_i/i_reg_file/u_intrpt_lvl_high_en_intrpt_lvl_high_en_28/q_reg[0]/CE (clocked by sys_clk_pin). Large setup violations at the end of those stages might be difficult to fix during the post-placement implementation flow and could be the result of non-optimal XDC constraints or non-optimal design architecture
Related violations: <none>

TIMING-16#381 Warning
Large setup violation  
There is a large setup violation of -5.125 ns between x_heep_system_i/core_v_mini_mcu_i/ao_peripheral_subsystem_i/obi_fifo_i/obi_req_fifo_i/mem_q_reg[0][addr][29]/C (clocked by sys_clk_pin) and x_heep_system_i/core_v_mini_mcu_i/ao_peripheral_subsystem_i/gpio_ao_i/i_reg_file/u_intrpt_rise_status_intrpt_rise_status_13/q_reg[0]/D (clocked by sys_clk_pin). Large setup violations at the end of those stages might be difficult to fix during the post-placement implementation flow and could be the result of non-optimal XDC constraints or non-optimal design architecture
Related violations: <none>

TIMING-16#382 Warning
Large setup violation  
There is a large setup violation of -5.127 ns between x_heep_system_i/core_v_mini_mcu_i/ao_peripheral_subsystem_i/obi_fifo_i/obi_req_fifo_i/mem_q_reg[0][addr][29]/C (clocked by sys_clk_pin) and x_heep_system_i/core_v_mini_mcu_i/ao_peripheral_subsystem_i/gpio_ao_i/i_reg_file/u_intrpt_fall_status_intrpt_fall_status_13/q_reg[0]/D (clocked by sys_clk_pin). Large setup violations at the end of those stages might be difficult to fix during the post-placement implementation flow and could be the result of non-optimal XDC constraints or non-optimal design architecture
Related violations: <none>

TIMING-16#383 Warning
Large setup violation  
There is a large setup violation of -5.131 ns between x_heep_system_i/core_v_mini_mcu_i/ao_peripheral_subsystem_i/obi_fifo_i/obi_req_fifo_i/mem_q_reg[0][addr][29]/C (clocked by sys_clk_pin) and x_heep_system_i/core_v_mini_mcu_i/ao_peripheral_subsystem_i/gpio_ao_i/i_reg_file/u_intrpt_fall_en_intrpt_fall_en_2/q_reg[0]/CE (clocked by sys_clk_pin). Large setup violations at the end of those stages might be difficult to fix during the post-placement implementation flow and could be the result of non-optimal XDC constraints or non-optimal design architecture
Related violations: <none>

TIMING-16#384 Warning
Large setup violation  
There is a large setup violation of -5.131 ns between x_heep_system_i/core_v_mini_mcu_i/ao_peripheral_subsystem_i/obi_fifo_i/obi_req_fifo_i/mem_q_reg[0][addr][29]/C (clocked by sys_clk_pin) and x_heep_system_i/core_v_mini_mcu_i/ao_peripheral_subsystem_i/gpio_ao_i/i_reg_file/u_intrpt_lvl_high_en_intrpt_lvl_high_en_23/q_reg[0]/CE (clocked by sys_clk_pin). Large setup violations at the end of those stages might be difficult to fix during the post-placement implementation flow and could be the result of non-optimal XDC constraints or non-optimal design architecture
Related violations: <none>

TIMING-16#385 Warning
Large setup violation  
There is a large setup violation of -5.136 ns between x_heep_system_i/core_v_mini_mcu_i/ao_peripheral_subsystem_i/obi_fifo_i/obi_req_fifo_i/mem_q_reg[0][addr][29]/C (clocked by sys_clk_pin) and x_heep_system_i/core_v_mini_mcu_i/ao_peripheral_subsystem_i/gpio_ao_i/i_reg_file/u_gpio_out_gpio_out_10/q_reg[0]/D (clocked by sys_clk_pin). Large setup violations at the end of those stages might be difficult to fix during the post-placement implementation flow and could be the result of non-optimal XDC constraints or non-optimal design architecture
Related violations: <none>

TIMING-16#386 Warning
Large setup violation  
There is a large setup violation of -5.137 ns between x_heep_system_i/core_v_mini_mcu_i/ao_peripheral_subsystem_i/obi_fifo_i/obi_req_fifo_i/mem_q_reg[0][addr][29]/C (clocked by sys_clk_pin) and x_heep_system_i/core_v_mini_mcu_i/ao_peripheral_subsystem_i/power_manager_i/power_manager_reg_top_i/u_cpu_iso_off_counter/q_reg[3]/D (clocked by sys_clk_pin). Large setup violations at the end of those stages might be difficult to fix during the post-placement implementation flow and could be the result of non-optimal XDC constraints or non-optimal design architecture
Related violations: <none>

TIMING-16#387 Warning
Large setup violation  
There is a large setup violation of -5.138 ns between x_heep_system_i/core_v_mini_mcu_i/ao_peripheral_subsystem_i/obi_fifo_i/obi_req_fifo_i/mem_q_reg[0][addr][29]/C (clocked by sys_clk_pin) and x_heep_system_i/core_v_mini_mcu_i/ao_peripheral_subsystem_i/gpio_ao_i/i_reg_file/u_gpio_out_gpio_out_8/q_reg[0]/D (clocked by sys_clk_pin). Large setup violations at the end of those stages might be difficult to fix during the post-placement implementation flow and could be the result of non-optimal XDC constraints or non-optimal design architecture
Related violations: <none>

TIMING-16#388 Warning
Large setup violation  
There is a large setup violation of -5.139 ns between x_heep_system_i/core_v_mini_mcu_i/ao_peripheral_subsystem_i/obi_fifo_i/obi_req_fifo_i/mem_q_reg[0][addr][29]/C (clocked by sys_clk_pin) and x_heep_system_i/core_v_mini_mcu_i/ao_peripheral_subsystem_i/gpio_ao_i/i_reg_file/u_intrpt_fall_en_intrpt_fall_en_24/q_reg[0]/CE (clocked by sys_clk_pin). Large setup violations at the end of those stages might be difficult to fix during the post-placement implementation flow and could be the result of non-optimal XDC constraints or non-optimal design architecture
Related violations: <none>

TIMING-16#389 Warning
Large setup violation  
There is a large setup violation of -5.140 ns between x_heep_system_i/core_v_mini_mcu_i/ao_peripheral_subsystem_i/obi_fifo_i/obi_req_fifo_i/mem_q_reg[0][addr][29]/C (clocked by sys_clk_pin) and x_heep_system_i/core_v_mini_mcu_i/ao_peripheral_subsystem_i/gpio_ao_i/i_reg_file/u_intrpt_lvl_high_status_intrpt_lvl_high_status_9/q_reg[0]/D (clocked by sys_clk_pin). Large setup violations at the end of those stages might be difficult to fix during the post-placement implementation flow and could be the result of non-optimal XDC constraints or non-optimal design architecture
Related violations: <none>

TIMING-16#390 Warning
Large setup violation  
There is a large setup violation of -5.141 ns between x_heep_system_i/core_v_mini_mcu_i/ao_peripheral_subsystem_i/obi_fifo_i/obi_req_fifo_i/mem_q_reg[0][addr][29]/C (clocked by sys_clk_pin) and x_heep_system_i/core_v_mini_mcu_i/ao_peripheral_subsystem_i/power_manager_i/power_manager_reg_top_i/u_cpu_switch_off_counter/q_reg[21]/D (clocked by sys_clk_pin). Large setup violations at the end of those stages might be difficult to fix during the post-placement implementation flow and could be the result of non-optimal XDC constraints or non-optimal design architecture
Related violations: <none>

TIMING-16#391 Warning
Large setup violation  
There is a large setup violation of -5.143 ns between x_heep_system_i/core_v_mini_mcu_i/ao_peripheral_subsystem_i/obi_fifo_i/obi_req_fifo_i/mem_q_reg[0][addr][29]/C (clocked by sys_clk_pin) and x_heep_system_i/core_v_mini_mcu_i/ao_peripheral_subsystem_i/gpio_ao_i/i_reg_file/u_gpio_out_gpio_out_20/q_reg[0]/D (clocked by sys_clk_pin). Large setup violations at the end of those stages might be difficult to fix during the post-placement implementation flow and could be the result of non-optimal XDC constraints or non-optimal design architecture
Related violations: <none>

TIMING-16#392 Warning
Large setup violation  
There is a large setup violation of -5.144 ns between x_heep_system_i/core_v_mini_mcu_i/ao_peripheral_subsystem_i/obi_fifo_i/obi_req_fifo_i/mem_q_reg[0][addr][29]/C (clocked by sys_clk_pin) and x_heep_system_i/core_v_mini_mcu_i/ao_peripheral_subsystem_i/power_manager_i/power_manager_reg_top_i/u_cpu_switch_off_counter/q_reg[23]/D (clocked by sys_clk_pin). Large setup violations at the end of those stages might be difficult to fix during the post-placement implementation flow and could be the result of non-optimal XDC constraints or non-optimal design architecture
Related violations: <none>

TIMING-16#393 Warning
Large setup violation  
There is a large setup violation of -5.145 ns between x_heep_system_i/core_v_mini_mcu_i/ao_peripheral_subsystem_i/obi_fifo_i/obi_req_fifo_i/mem_q_reg[0][addr][29]/C (clocked by sys_clk_pin) and x_heep_system_i/core_v_mini_mcu_i/ao_peripheral_subsystem_i/power_manager_i/power_manager_reg_top_i/u_cpu_iso_off_counter/q_reg[0]/CE (clocked by sys_clk_pin). Large setup violations at the end of those stages might be difficult to fix during the post-placement implementation flow and could be the result of non-optimal XDC constraints or non-optimal design architecture
Related violations: <none>

TIMING-16#394 Warning
Large setup violation  
There is a large setup violation of -5.145 ns between x_heep_system_i/core_v_mini_mcu_i/ao_peripheral_subsystem_i/obi_fifo_i/obi_req_fifo_i/mem_q_reg[0][addr][29]/C (clocked by sys_clk_pin) and x_heep_system_i/core_v_mini_mcu_i/ao_peripheral_subsystem_i/power_manager_i/power_manager_reg_top_i/u_cpu_iso_off_counter/q_reg[1]/CE (clocked by sys_clk_pin). Large setup violations at the end of those stages might be difficult to fix during the post-placement implementation flow and could be the result of non-optimal XDC constraints or non-optimal design architecture
Related violations: <none>

TIMING-16#395 Warning
Large setup violation  
There is a large setup violation of -5.145 ns between x_heep_system_i/core_v_mini_mcu_i/ao_peripheral_subsystem_i/obi_fifo_i/obi_req_fifo_i/mem_q_reg[0][addr][29]/C (clocked by sys_clk_pin) and x_heep_system_i/core_v_mini_mcu_i/ao_peripheral_subsystem_i/power_manager_i/power_manager_reg_top_i/u_cpu_iso_off_counter/q_reg[5]/CE (clocked by sys_clk_pin). Large setup violations at the end of those stages might be difficult to fix during the post-placement implementation flow and could be the result of non-optimal XDC constraints or non-optimal design architecture
Related violations: <none>

TIMING-16#396 Warning
Large setup violation  
There is a large setup violation of -5.153 ns between x_heep_system_i/core_v_mini_mcu_i/ao_peripheral_subsystem_i/obi_fifo_i/obi_req_fifo_i/mem_q_reg[0][addr][29]/C (clocked by sys_clk_pin) and x_heep_system_i/core_v_mini_mcu_i/ao_peripheral_subsystem_i/power_manager_i/power_manager_reg_top_i/u_cpu_switch_on_counter/q_reg[0]/D (clocked by sys_clk_pin). Large setup violations at the end of those stages might be difficult to fix during the post-placement implementation flow and could be the result of non-optimal XDC constraints or non-optimal design architecture
Related violations: <none>

TIMING-16#397 Warning
Large setup violation  
There is a large setup violation of -5.157 ns between x_heep_system_i/core_v_mini_mcu_i/ao_peripheral_subsystem_i/obi_fifo_i/obi_req_fifo_i/mem_q_reg[0][addr][29]/C (clocked by sys_clk_pin) and x_heep_system_i/core_v_mini_mcu_i/ao_peripheral_subsystem_i/gpio_ao_i/i_reg_file/u_intrpt_lvl_low_status_intrpt_lvl_low_status_11/q_reg[0]/D (clocked by sys_clk_pin). Large setup violations at the end of those stages might be difficult to fix during the post-placement implementation flow and could be the result of non-optimal XDC constraints or non-optimal design architecture
Related violations: <none>

TIMING-16#398 Warning
Large setup violation  
There is a large setup violation of -5.166 ns between x_heep_system_i/core_v_mini_mcu_i/ao_peripheral_subsystem_i/obi_fifo_i/obi_req_fifo_i/mem_q_reg[0][addr][29]/C (clocked by sys_clk_pin) and x_heep_system_i/core_v_mini_mcu_i/ao_peripheral_subsystem_i/gpio_ao_i/i_reg_file/u_intrpt_lvl_low_status_intrpt_lvl_low_status_30/q_reg[0]/D (clocked by sys_clk_pin). Large setup violations at the end of those stages might be difficult to fix during the post-placement implementation flow and could be the result of non-optimal XDC constraints or non-optimal design architecture
Related violations: <none>

TIMING-16#399 Warning
Large setup violation  
There is a large setup violation of -5.168 ns between x_heep_system_i/core_v_mini_mcu_i/ao_peripheral_subsystem_i/obi_fifo_i/obi_req_fifo_i/mem_q_reg[0][addr][29]/C (clocked by sys_clk_pin) and x_heep_system_i/core_v_mini_mcu_i/ao_peripheral_subsystem_i/power_manager_i/power_manager_reg_top_i/u_cpu_iso_on_counter/q_reg[1]/D (clocked by sys_clk_pin). Large setup violations at the end of those stages might be difficult to fix during the post-placement implementation flow and could be the result of non-optimal XDC constraints or non-optimal design architecture
Related violations: <none>

TIMING-16#400 Warning
Large setup violation  
There is a large setup violation of -5.169 ns between x_heep_system_i/core_v_mini_mcu_i/ao_peripheral_subsystem_i/obi_fifo_i/obi_req_fifo_i/mem_q_reg[0][addr][29]/C (clocked by sys_clk_pin) and x_heep_system_i/core_v_mini_mcu_i/ao_peripheral_subsystem_i/power_manager_i/power_manager_reg_top_i/u_cpu_iso_off_counter/q_reg[7]/CE (clocked by sys_clk_pin). Large setup violations at the end of those stages might be difficult to fix during the post-placement implementation flow and could be the result of non-optimal XDC constraints or non-optimal design architecture
Related violations: <none>

TIMING-16#401 Warning
Large setup violation  
There is a large setup violation of -5.169 ns between x_heep_system_i/core_v_mini_mcu_i/ao_peripheral_subsystem_i/obi_fifo_i/obi_req_fifo_i/mem_q_reg[0][addr][29]/C (clocked by sys_clk_pin) and x_heep_system_i/core_v_mini_mcu_i/ao_peripheral_subsystem_i/power_manager_i/power_manager_reg_top_i/u_cpu_iso_off_counter/q_reg[8]/CE (clocked by sys_clk_pin). Large setup violations at the end of those stages might be difficult to fix during the post-placement implementation flow and could be the result of non-optimal XDC constraints or non-optimal design architecture
Related violations: <none>

TIMING-16#402 Warning
Large setup violation  
There is a large setup violation of -5.171 ns between x_heep_system_i/core_v_mini_mcu_i/ao_peripheral_subsystem_i/obi_fifo_i/obi_req_fifo_i/mem_q_reg[0][addr][29]/C (clocked by sys_clk_pin) and x_heep_system_i/core_v_mini_mcu_i/ao_peripheral_subsystem_i/power_manager_i/power_manager_reg_top_i/u_cpu_iso_off_counter/q_reg[10]/CE (clocked by sys_clk_pin). Large setup violations at the end of those stages might be difficult to fix during the post-placement implementation flow and could be the result of non-optimal XDC constraints or non-optimal design architecture
Related violations: <none>

TIMING-16#403 Warning
Large setup violation  
There is a large setup violation of -5.171 ns between x_heep_system_i/core_v_mini_mcu_i/ao_peripheral_subsystem_i/obi_fifo_i/obi_req_fifo_i/mem_q_reg[0][addr][29]/C (clocked by sys_clk_pin) and x_heep_system_i/core_v_mini_mcu_i/ao_peripheral_subsystem_i/power_manager_i/power_manager_reg_top_i/u_cpu_iso_off_counter/q_reg[11]/CE (clocked by sys_clk_pin). Large setup violations at the end of those stages might be difficult to fix during the post-placement implementation flow and could be the result of non-optimal XDC constraints or non-optimal design architecture
Related violations: <none>

TIMING-16#404 Warning
Large setup violation  
There is a large setup violation of -5.171 ns between x_heep_system_i/core_v_mini_mcu_i/ao_peripheral_subsystem_i/obi_fifo_i/obi_req_fifo_i/mem_q_reg[0][addr][29]/C (clocked by sys_clk_pin) and x_heep_system_i/core_v_mini_mcu_i/ao_peripheral_subsystem_i/power_manager_i/power_manager_reg_top_i/u_cpu_iso_off_counter/q_reg[9]/CE (clocked by sys_clk_pin). Large setup violations at the end of those stages might be difficult to fix during the post-placement implementation flow and could be the result of non-optimal XDC constraints or non-optimal design architecture
Related violations: <none>

TIMING-16#405 Warning
Large setup violation  
There is a large setup violation of -5.184 ns between x_heep_system_i/core_v_mini_mcu_i/ao_peripheral_subsystem_i/obi_fifo_i/obi_req_fifo_i/mem_q_reg[0][addr][29]/C (clocked by sys_clk_pin) and x_heep_system_i/core_v_mini_mcu_i/ao_peripheral_subsystem_i/gpio_ao_i/i_reg_file/u_intrpt_fall_status_intrpt_fall_status_4/q_reg[0]/D (clocked by sys_clk_pin). Large setup violations at the end of those stages might be difficult to fix during the post-placement implementation flow and could be the result of non-optimal XDC constraints or non-optimal design architecture
Related violations: <none>

TIMING-16#406 Warning
Large setup violation  
There is a large setup violation of -5.190 ns between x_heep_system_i/core_v_mini_mcu_i/ao_peripheral_subsystem_i/obi_fifo_i/obi_req_fifo_i/mem_q_reg[0][addr][29]/C (clocked by sys_clk_pin) and x_heep_system_i/core_v_mini_mcu_i/ao_peripheral_subsystem_i/gpio_ao_i/i_reg_file/u_gpio_mode_0_mode_0/q_reg[0]/CE (clocked by sys_clk_pin). Large setup violations at the end of those stages might be difficult to fix during the post-placement implementation flow and could be the result of non-optimal XDC constraints or non-optimal design architecture
Related violations: <none>

TIMING-16#407 Warning
Large setup violation  
There is a large setup violation of -5.190 ns between x_heep_system_i/core_v_mini_mcu_i/ao_peripheral_subsystem_i/obi_fifo_i/obi_req_fifo_i/mem_q_reg[0][addr][29]/C (clocked by sys_clk_pin) and x_heep_system_i/core_v_mini_mcu_i/ao_peripheral_subsystem_i/gpio_ao_i/i_reg_file/u_gpio_mode_0_mode_0/q_reg[1]/CE (clocked by sys_clk_pin). Large setup violations at the end of those stages might be difficult to fix during the post-placement implementation flow and could be the result of non-optimal XDC constraints or non-optimal design architecture
Related violations: <none>

TIMING-16#408 Warning
Large setup violation  
There is a large setup violation of -5.190 ns between x_heep_system_i/core_v_mini_mcu_i/ao_peripheral_subsystem_i/obi_fifo_i/obi_req_fifo_i/mem_q_reg[0][addr][29]/C (clocked by sys_clk_pin) and x_heep_system_i/core_v_mini_mcu_i/ao_peripheral_subsystem_i/gpio_ao_i/i_reg_file/u_gpio_mode_0_mode_1/q_reg[1]/CE (clocked by sys_clk_pin). Large setup violations at the end of those stages might be difficult to fix during the post-placement implementation flow and could be the result of non-optimal XDC constraints or non-optimal design architecture
Related violations: <none>

TIMING-16#409 Warning
Large setup violation  
There is a large setup violation of -5.190 ns between x_heep_system_i/core_v_mini_mcu_i/ao_peripheral_subsystem_i/obi_fifo_i/obi_req_fifo_i/mem_q_reg[0][addr][29]/C (clocked by sys_clk_pin) and x_heep_system_i/core_v_mini_mcu_i/ao_peripheral_subsystem_i/gpio_ao_i/i_reg_file/u_gpio_mode_0_mode_2/q_reg[0]/CE (clocked by sys_clk_pin). Large setup violations at the end of those stages might be difficult to fix during the post-placement implementation flow and could be the result of non-optimal XDC constraints or non-optimal design architecture
Related violations: <none>

TIMING-16#410 Warning
Large setup violation  
There is a large setup violation of -5.190 ns between x_heep_system_i/core_v_mini_mcu_i/ao_peripheral_subsystem_i/obi_fifo_i/obi_req_fifo_i/mem_q_reg[0][addr][29]/C (clocked by sys_clk_pin) and x_heep_system_i/core_v_mini_mcu_i/ao_peripheral_subsystem_i/gpio_ao_i/i_reg_file/u_gpio_mode_0_mode_2/q_reg[1]/CE (clocked by sys_clk_pin). Large setup violations at the end of those stages might be difficult to fix during the post-placement implementation flow and could be the result of non-optimal XDC constraints or non-optimal design architecture
Related violations: <none>

TIMING-16#411 Warning
Large setup violation  
There is a large setup violation of -5.190 ns between x_heep_system_i/core_v_mini_mcu_i/ao_peripheral_subsystem_i/obi_fifo_i/obi_req_fifo_i/mem_q_reg[0][addr][29]/C (clocked by sys_clk_pin) and x_heep_system_i/core_v_mini_mcu_i/ao_peripheral_subsystem_i/gpio_ao_i/i_reg_file/u_gpio_mode_0_mode_3/q_reg[0]/CE (clocked by sys_clk_pin). Large setup violations at the end of those stages might be difficult to fix during the post-placement implementation flow and could be the result of non-optimal XDC constraints or non-optimal design architecture
Related violations: <none>

TIMING-16#412 Warning
Large setup violation  
There is a large setup violation of -5.190 ns between x_heep_system_i/core_v_mini_mcu_i/ao_peripheral_subsystem_i/obi_fifo_i/obi_req_fifo_i/mem_q_reg[0][addr][29]/C (clocked by sys_clk_pin) and x_heep_system_i/core_v_mini_mcu_i/ao_peripheral_subsystem_i/gpio_ao_i/i_reg_file/u_gpio_mode_0_mode_3/q_reg[1]/CE (clocked by sys_clk_pin). Large setup violations at the end of those stages might be difficult to fix during the post-placement implementation flow and could be the result of non-optimal XDC constraints or non-optimal design architecture
Related violations: <none>

TIMING-16#413 Warning
Large setup violation  
There is a large setup violation of -5.190 ns between x_heep_system_i/core_v_mini_mcu_i/ao_peripheral_subsystem_i/obi_fifo_i/obi_req_fifo_i/mem_q_reg[0][addr][29]/C (clocked by sys_clk_pin) and x_heep_system_i/core_v_mini_mcu_i/ao_peripheral_subsystem_i/gpio_ao_i/i_reg_file/u_gpio_mode_0_mode_4/q_reg[0]/CE (clocked by sys_clk_pin). Large setup violations at the end of those stages might be difficult to fix during the post-placement implementation flow and could be the result of non-optimal XDC constraints or non-optimal design architecture
Related violations: <none>

TIMING-16#414 Warning
Large setup violation  
There is a large setup violation of -5.190 ns between x_heep_system_i/core_v_mini_mcu_i/ao_peripheral_subsystem_i/obi_fifo_i/obi_req_fifo_i/mem_q_reg[0][addr][29]/C (clocked by sys_clk_pin) and x_heep_system_i/core_v_mini_mcu_i/ao_peripheral_subsystem_i/gpio_ao_i/i_reg_file/u_gpio_mode_0_mode_9/q_reg[0]/CE (clocked by sys_clk_pin). Large setup violations at the end of those stages might be difficult to fix during the post-placement implementation flow and could be the result of non-optimal XDC constraints or non-optimal design architecture
Related violations: <none>

TIMING-16#415 Warning
Large setup violation  
There is a large setup violation of -5.190 ns between x_heep_system_i/core_v_mini_mcu_i/ao_peripheral_subsystem_i/obi_fifo_i/obi_req_fifo_i/mem_q_reg[0][addr][29]/C (clocked by sys_clk_pin) and x_heep_system_i/core_v_mini_mcu_i/ao_peripheral_subsystem_i/gpio_ao_i/i_reg_file/u_gpio_mode_0_mode_9/q_reg[1]/CE (clocked by sys_clk_pin). Large setup violations at the end of those stages might be difficult to fix during the post-placement implementation flow and could be the result of non-optimal XDC constraints or non-optimal design architecture
Related violations: <none>

TIMING-16#416 Warning
Large setup violation  
There is a large setup violation of -5.190 ns between x_heep_system_i/core_v_mini_mcu_i/ao_peripheral_subsystem_i/obi_fifo_i/obi_req_fifo_i/mem_q_reg[0][addr][29]/C (clocked by sys_clk_pin) and x_heep_system_i/core_v_mini_mcu_i/ao_peripheral_subsystem_i/power_manager_i/power_manager_reg_top_i/u_cpu_iso_off_counter/q_reg[12]/CE (clocked by sys_clk_pin). Large setup violations at the end of those stages might be difficult to fix during the post-placement implementation flow and could be the result of non-optimal XDC constraints or non-optimal design architecture
Related violations: <none>

TIMING-16#417 Warning
Large setup violation  
There is a large setup violation of -5.190 ns between x_heep_system_i/core_v_mini_mcu_i/ao_peripheral_subsystem_i/obi_fifo_i/obi_req_fifo_i/mem_q_reg[0][addr][29]/C (clocked by sys_clk_pin) and x_heep_system_i/core_v_mini_mcu_i/ao_peripheral_subsystem_i/power_manager_i/power_manager_reg_top_i/u_cpu_iso_off_counter/q_reg[15]/CE (clocked by sys_clk_pin). Large setup violations at the end of those stages might be difficult to fix during the post-placement implementation flow and could be the result of non-optimal XDC constraints or non-optimal design architecture
Related violations: <none>

TIMING-16#418 Warning
Large setup violation  
There is a large setup violation of -5.190 ns between x_heep_system_i/core_v_mini_mcu_i/ao_peripheral_subsystem_i/obi_fifo_i/obi_req_fifo_i/mem_q_reg[0][addr][29]/C (clocked by sys_clk_pin) and x_heep_system_i/core_v_mini_mcu_i/ao_peripheral_subsystem_i/power_manager_i/power_manager_reg_top_i/u_cpu_iso_off_counter/q_reg[18]/CE (clocked by sys_clk_pin). Large setup violations at the end of those stages might be difficult to fix during the post-placement implementation flow and could be the result of non-optimal XDC constraints or non-optimal design architecture
Related violations: <none>

TIMING-16#419 Warning
Large setup violation  
There is a large setup violation of -5.190 ns between x_heep_system_i/core_v_mini_mcu_i/ao_peripheral_subsystem_i/obi_fifo_i/obi_req_fifo_i/mem_q_reg[0][addr][29]/C (clocked by sys_clk_pin) and x_heep_system_i/core_v_mini_mcu_i/ao_peripheral_subsystem_i/power_manager_i/power_manager_reg_top_i/u_cpu_iso_off_counter/q_reg[19]/CE (clocked by sys_clk_pin). Large setup violations at the end of those stages might be difficult to fix during the post-placement implementation flow and could be the result of non-optimal XDC constraints or non-optimal design architecture
Related violations: <none>

TIMING-16#420 Warning
Large setup violation  
There is a large setup violation of -5.193 ns between x_heep_system_i/core_v_mini_mcu_i/ao_peripheral_subsystem_i/obi_fifo_i/obi_req_fifo_i/mem_q_reg[0][addr][29]/C (clocked by sys_clk_pin) and x_heep_system_i/core_v_mini_mcu_i/ao_peripheral_subsystem_i/gpio_ao_i/i_reg_file/u_intrpt_fall_en_intrpt_fall_en_6/q_reg[0]/CE (clocked by sys_clk_pin). Large setup violations at the end of those stages might be difficult to fix during the post-placement implementation flow and could be the result of non-optimal XDC constraints or non-optimal design architecture
Related violations: <none>

TIMING-16#421 Warning
Large setup violation  
There is a large setup violation of -5.195 ns between x_heep_system_i/core_v_mini_mcu_i/ao_peripheral_subsystem_i/obi_fifo_i/obi_req_fifo_i/mem_q_reg[0][addr][29]/C (clocked by sys_clk_pin) and x_heep_system_i/core_v_mini_mcu_i/ao_peripheral_subsystem_i/gpio_ao_i/i_reg_file/u_gpio_mode_0_mode_11/q_reg[1]/CE (clocked by sys_clk_pin). Large setup violations at the end of those stages might be difficult to fix during the post-placement implementation flow and could be the result of non-optimal XDC constraints or non-optimal design architecture
Related violations: <none>

TIMING-16#422 Warning
Large setup violation  
There is a large setup violation of -5.195 ns between x_heep_system_i/core_v_mini_mcu_i/ao_peripheral_subsystem_i/obi_fifo_i/obi_req_fifo_i/mem_q_reg[0][addr][29]/C (clocked by sys_clk_pin) and x_heep_system_i/core_v_mini_mcu_i/ao_peripheral_subsystem_i/gpio_ao_i/i_reg_file/u_gpio_mode_0_mode_13/q_reg[0]/CE (clocked by sys_clk_pin). Large setup violations at the end of those stages might be difficult to fix during the post-placement implementation flow and could be the result of non-optimal XDC constraints or non-optimal design architecture
Related violations: <none>

TIMING-16#423 Warning
Large setup violation  
There is a large setup violation of -5.195 ns between x_heep_system_i/core_v_mini_mcu_i/ao_peripheral_subsystem_i/obi_fifo_i/obi_req_fifo_i/mem_q_reg[0][addr][29]/C (clocked by sys_clk_pin) and x_heep_system_i/core_v_mini_mcu_i/ao_peripheral_subsystem_i/gpio_ao_i/i_reg_file/u_gpio_mode_0_mode_13/q_reg[1]/CE (clocked by sys_clk_pin). Large setup violations at the end of those stages might be difficult to fix during the post-placement implementation flow and could be the result of non-optimal XDC constraints or non-optimal design architecture
Related violations: <none>

TIMING-16#424 Warning
Large setup violation  
There is a large setup violation of -5.195 ns between x_heep_system_i/core_v_mini_mcu_i/ao_peripheral_subsystem_i/obi_fifo_i/obi_req_fifo_i/mem_q_reg[0][addr][29]/C (clocked by sys_clk_pin) and x_heep_system_i/core_v_mini_mcu_i/ao_peripheral_subsystem_i/gpio_ao_i/i_reg_file/u_gpio_mode_0_mode_14/q_reg[0]/CE (clocked by sys_clk_pin). Large setup violations at the end of those stages might be difficult to fix during the post-placement implementation flow and could be the result of non-optimal XDC constraints or non-optimal design architecture
Related violations: <none>

TIMING-16#425 Warning
Large setup violation  
There is a large setup violation of -5.195 ns between x_heep_system_i/core_v_mini_mcu_i/ao_peripheral_subsystem_i/obi_fifo_i/obi_req_fifo_i/mem_q_reg[0][addr][29]/C (clocked by sys_clk_pin) and x_heep_system_i/core_v_mini_mcu_i/ao_peripheral_subsystem_i/gpio_ao_i/i_reg_file/u_gpio_mode_0_mode_14/q_reg[1]/CE (clocked by sys_clk_pin). Large setup violations at the end of those stages might be difficult to fix during the post-placement implementation flow and could be the result of non-optimal XDC constraints or non-optimal design architecture
Related violations: <none>

TIMING-16#426 Warning
Large setup violation  
There is a large setup violation of -5.195 ns between x_heep_system_i/core_v_mini_mcu_i/ao_peripheral_subsystem_i/obi_fifo_i/obi_req_fifo_i/mem_q_reg[0][addr][29]/C (clocked by sys_clk_pin) and x_heep_system_i/core_v_mini_mcu_i/ao_peripheral_subsystem_i/power_manager_i/power_manager_reg_top_i/u_en_wait_for_intr/q_reg[17]/D (clocked by sys_clk_pin). Large setup violations at the end of those stages might be difficult to fix during the post-placement implementation flow and could be the result of non-optimal XDC constraints or non-optimal design architecture
Related violations: <none>

TIMING-16#427 Warning
Large setup violation  
There is a large setup violation of -5.197 ns between x_heep_system_i/core_v_mini_mcu_i/ao_peripheral_subsystem_i/obi_fifo_i/obi_req_fifo_i/mem_q_reg[0][addr][29]/C (clocked by sys_clk_pin) and x_heep_system_i/core_v_mini_mcu_i/ao_peripheral_subsystem_i/power_manager_i/power_manager_reg_top_i/u_cpu_iso_on_counter/q_reg[5]/D (clocked by sys_clk_pin). Large setup violations at the end of those stages might be difficult to fix during the post-placement implementation flow and could be the result of non-optimal XDC constraints or non-optimal design architecture
Related violations: <none>

TIMING-16#428 Warning
Large setup violation  
There is a large setup violation of -5.198 ns between x_heep_system_i/core_v_mini_mcu_i/ao_peripheral_subsystem_i/obi_fifo_i/obi_req_fifo_i/mem_q_reg[0][addr][29]/C (clocked by sys_clk_pin) and x_heep_system_i/core_v_mini_mcu_i/ao_peripheral_subsystem_i/power_manager_i/power_manager_reg_top_i/u_cpu_iso_off_counter/q_reg[13]/CE (clocked by sys_clk_pin). Large setup violations at the end of those stages might be difficult to fix during the post-placement implementation flow and could be the result of non-optimal XDC constraints or non-optimal design architecture
Related violations: <none>

TIMING-16#429 Warning
Large setup violation  
There is a large setup violation of -5.203 ns between x_heep_system_i/core_v_mini_mcu_i/ao_peripheral_subsystem_i/obi_fifo_i/obi_req_fifo_i/mem_q_reg[0][addr][29]/C (clocked by sys_clk_pin) and x_heep_system_i/core_v_mini_mcu_i/ao_peripheral_subsystem_i/power_manager_i/power_manager_reg_top_i/u_cpu_iso_on_counter/q_reg[6]/D (clocked by sys_clk_pin). Large setup violations at the end of those stages might be difficult to fix during the post-placement implementation flow and could be the result of non-optimal XDC constraints or non-optimal design architecture
Related violations: <none>

TIMING-16#430 Warning
Large setup violation  
There is a large setup violation of -5.207 ns between x_heep_system_i/core_v_mini_mcu_i/ao_peripheral_subsystem_i/obi_fifo_i/obi_req_fifo_i/mem_q_reg[0][addr][29]/C (clocked by sys_clk_pin) and x_heep_system_i/core_v_mini_mcu_i/ao_peripheral_subsystem_i/gpio_ao_i/i_reg_file/u_intrpt_fall_en_intrpt_fall_en_1/q_reg[0]/CE (clocked by sys_clk_pin). Large setup violations at the end of those stages might be difficult to fix during the post-placement implementation flow and could be the result of non-optimal XDC constraints or non-optimal design architecture
Related violations: <none>

TIMING-16#431 Warning
Large setup violation  
There is a large setup violation of -5.207 ns between x_heep_system_i/core_v_mini_mcu_i/ao_peripheral_subsystem_i/obi_fifo_i/obi_req_fifo_i/mem_q_reg[0][addr][29]/C (clocked by sys_clk_pin) and x_heep_system_i/core_v_mini_mcu_i/ao_peripheral_subsystem_i/gpio_ao_i/i_reg_file/u_intrpt_fall_en_intrpt_fall_en_17/q_reg[0]/CE (clocked by sys_clk_pin). Large setup violations at the end of those stages might be difficult to fix during the post-placement implementation flow and could be the result of non-optimal XDC constraints or non-optimal design architecture
Related violations: <none>

TIMING-16#432 Warning
Large setup violation  
There is a large setup violation of -5.207 ns between x_heep_system_i/core_v_mini_mcu_i/ao_peripheral_subsystem_i/obi_fifo_i/obi_req_fifo_i/mem_q_reg[0][addr][29]/C (clocked by sys_clk_pin) and x_heep_system_i/core_v_mini_mcu_i/ao_peripheral_subsystem_i/gpio_ao_i/i_reg_file/u_intrpt_fall_en_intrpt_fall_en_18/q_reg[0]/CE (clocked by sys_clk_pin). Large setup violations at the end of those stages might be difficult to fix during the post-placement implementation flow and could be the result of non-optimal XDC constraints or non-optimal design architecture
Related violations: <none>

TIMING-16#433 Warning
Large setup violation  
There is a large setup violation of -5.207 ns between x_heep_system_i/core_v_mini_mcu_i/ao_peripheral_subsystem_i/obi_fifo_i/obi_req_fifo_i/mem_q_reg[0][addr][29]/C (clocked by sys_clk_pin) and x_heep_system_i/core_v_mini_mcu_i/ao_peripheral_subsystem_i/gpio_ao_i/i_reg_file/u_intrpt_fall_en_intrpt_fall_en_19/q_reg[0]/CE (clocked by sys_clk_pin). Large setup violations at the end of those stages might be difficult to fix during the post-placement implementation flow and could be the result of non-optimal XDC constraints or non-optimal design architecture
Related violations: <none>

TIMING-16#434 Warning
Large setup violation  
There is a large setup violation of -5.210 ns between x_heep_system_i/core_v_mini_mcu_i/ao_peripheral_subsystem_i/obi_fifo_i/obi_req_fifo_i/mem_q_reg[0][addr][29]/C (clocked by sys_clk_pin) and x_heep_system_i/core_v_mini_mcu_i/ao_peripheral_subsystem_i/power_manager_i/power_manager_reg_top_i/u_cpu_reset_assert_counter/q_reg[0]/D (clocked by sys_clk_pin). Large setup violations at the end of those stages might be difficult to fix during the post-placement implementation flow and could be the result of non-optimal XDC constraints or non-optimal design architecture
Related violations: <none>

TIMING-16#435 Warning
Large setup violation  
There is a large setup violation of -5.213 ns between x_heep_system_i/core_v_mini_mcu_i/ao_peripheral_subsystem_i/obi_fifo_i/obi_req_fifo_i/mem_q_reg[0][addr][29]/C (clocked by sys_clk_pin) and x_heep_system_i/core_v_mini_mcu_i/ao_peripheral_subsystem_i/gpio_ao_i/i_reg_file/u_intrpt_fall_en_intrpt_fall_en_23/q_reg[0]/CE (clocked by sys_clk_pin). Large setup violations at the end of those stages might be difficult to fix during the post-placement implementation flow and could be the result of non-optimal XDC constraints or non-optimal design architecture
Related violations: <none>

TIMING-16#436 Warning
Large setup violation  
There is a large setup violation of -5.213 ns between x_heep_system_i/core_v_mini_mcu_i/ao_peripheral_subsystem_i/obi_fifo_i/obi_req_fifo_i/mem_q_reg[0][addr][29]/C (clocked by sys_clk_pin) and x_heep_system_i/core_v_mini_mcu_i/ao_peripheral_subsystem_i/gpio_ao_i/i_reg_file/u_intrpt_fall_en_intrpt_fall_en_28/q_reg[0]/CE (clocked by sys_clk_pin). Large setup violations at the end of those stages might be difficult to fix during the post-placement implementation flow and could be the result of non-optimal XDC constraints or non-optimal design architecture
Related violations: <none>

TIMING-16#437 Warning
Large setup violation  
There is a large setup violation of -5.217 ns between x_heep_system_i/core_v_mini_mcu_i/ao_peripheral_subsystem_i/obi_fifo_i/obi_req_fifo_i/mem_q_reg[0][addr][29]/C (clocked by sys_clk_pin) and x_heep_system_i/core_v_mini_mcu_i/ao_peripheral_subsystem_i/gpio_ao_i/i_reg_file/u_intrpt_fall_en_intrpt_fall_en_16/q_reg[0]/CE (clocked by sys_clk_pin). Large setup violations at the end of those stages might be difficult to fix during the post-placement implementation flow and could be the result of non-optimal XDC constraints or non-optimal design architecture
Related violations: <none>

TIMING-16#438 Warning
Large setup violation  
There is a large setup violation of -5.217 ns between x_heep_system_i/core_v_mini_mcu_i/ao_peripheral_subsystem_i/obi_fifo_i/obi_req_fifo_i/mem_q_reg[0][addr][29]/C (clocked by sys_clk_pin) and x_heep_system_i/core_v_mini_mcu_i/ao_peripheral_subsystem_i/gpio_ao_i/i_reg_file/u_intrpt_fall_en_intrpt_fall_en_4/q_reg[0]/CE (clocked by sys_clk_pin). Large setup violations at the end of those stages might be difficult to fix during the post-placement implementation flow and could be the result of non-optimal XDC constraints or non-optimal design architecture
Related violations: <none>

TIMING-16#439 Warning
Large setup violation  
There is a large setup violation of -5.217 ns between x_heep_system_i/core_v_mini_mcu_i/ao_peripheral_subsystem_i/obi_fifo_i/obi_req_fifo_i/mem_q_reg[0][addr][29]/C (clocked by sys_clk_pin) and x_heep_system_i/core_v_mini_mcu_i/ao_peripheral_subsystem_i/gpio_ao_i/i_reg_file/u_intrpt_fall_en_intrpt_fall_en_7/q_reg[0]/CE (clocked by sys_clk_pin). Large setup violations at the end of those stages might be difficult to fix during the post-placement implementation flow and could be the result of non-optimal XDC constraints or non-optimal design architecture
Related violations: <none>

TIMING-16#440 Warning
Large setup violation  
There is a large setup violation of -5.217 ns between x_heep_system_i/core_v_mini_mcu_i/ao_peripheral_subsystem_i/obi_fifo_i/obi_req_fifo_i/mem_q_reg[0][addr][29]/C (clocked by sys_clk_pin) and x_heep_system_i/core_v_mini_mcu_i/ao_peripheral_subsystem_i/gpio_ao_i/i_reg_file/u_intrpt_fall_en_intrpt_fall_en_9/q_reg[0]/CE (clocked by sys_clk_pin). Large setup violations at the end of those stages might be difficult to fix during the post-placement implementation flow and could be the result of non-optimal XDC constraints or non-optimal design architecture
Related violations: <none>

TIMING-16#441 Warning
Large setup violation  
There is a large setup violation of -5.221 ns between x_heep_system_i/core_v_mini_mcu_i/ao_peripheral_subsystem_i/obi_fifo_i/obi_req_fifo_i/mem_q_reg[0][addr][29]/C (clocked by sys_clk_pin) and x_heep_system_i/core_v_mini_mcu_i/ao_peripheral_subsystem_i/gpio_ao_i/i_reg_file/u_intrpt_lvl_high_status_intrpt_lvl_high_status_20/q_reg[0]/D (clocked by sys_clk_pin). Large setup violations at the end of those stages might be difficult to fix during the post-placement implementation flow and could be the result of non-optimal XDC constraints or non-optimal design architecture
Related violations: <none>

TIMING-16#442 Warning
Large setup violation  
There is a large setup violation of -5.224 ns between x_heep_system_i/core_v_mini_mcu_i/ao_peripheral_subsystem_i/obi_fifo_i/obi_req_fifo_i/mem_q_reg[0][addr][29]/C (clocked by sys_clk_pin) and x_heep_system_i/core_v_mini_mcu_i/ao_peripheral_subsystem_i/power_manager_i/power_manager_reg_top_i/u_cpu_reset_assert_counter/q_reg[25]/D (clocked by sys_clk_pin). Large setup violations at the end of those stages might be difficult to fix during the post-placement implementation flow and could be the result of non-optimal XDC constraints or non-optimal design architecture
Related violations: <none>

TIMING-16#443 Warning
Large setup violation  
There is a large setup violation of -5.225 ns between x_heep_system_i/core_v_mini_mcu_i/ao_peripheral_subsystem_i/obi_fifo_i/obi_req_fifo_i/mem_q_reg[0][addr][29]/C (clocked by sys_clk_pin) and x_heep_system_i/core_v_mini_mcu_i/ao_peripheral_subsystem_i/power_manager_i/power_manager_reg_top_i/u_cpu_switch_on_counter/q_reg[1]/D (clocked by sys_clk_pin). Large setup violations at the end of those stages might be difficult to fix during the post-placement implementation flow and could be the result of non-optimal XDC constraints or non-optimal design architecture
Related violations: <none>

TIMING-16#444 Warning
Large setup violation  
There is a large setup violation of -5.227 ns between x_heep_system_i/core_v_mini_mcu_i/ao_peripheral_subsystem_i/obi_fifo_i/obi_req_fifo_i/mem_q_reg[0][addr][29]/C (clocked by sys_clk_pin) and x_heep_system_i/core_v_mini_mcu_i/ao_peripheral_subsystem_i/power_manager_i/power_manager_reg_top_i/u_cpu_reset_assert_counter/q_reg[26]/D (clocked by sys_clk_pin). Large setup violations at the end of those stages might be difficult to fix during the post-placement implementation flow and could be the result of non-optimal XDC constraints or non-optimal design architecture
Related violations: <none>

TIMING-16#445 Warning
Large setup violation  
There is a large setup violation of -5.241 ns between x_heep_system_i/core_v_mini_mcu_i/ao_peripheral_subsystem_i/obi_fifo_i/obi_req_fifo_i/mem_q_reg[0][addr][29]/C (clocked by sys_clk_pin) and x_heep_system_i/core_v_mini_mcu_i/ao_peripheral_subsystem_i/power_manager_i/power_manager_reg_top_i/u_cpu_reset_assert_counter/q_reg[2]/D (clocked by sys_clk_pin). Large setup violations at the end of those stages might be difficult to fix during the post-placement implementation flow and could be the result of non-optimal XDC constraints or non-optimal design architecture
Related violations: <none>

TIMING-16#446 Warning
Large setup violation  
There is a large setup violation of -5.244 ns between x_heep_system_i/core_v_mini_mcu_i/ao_peripheral_subsystem_i/obi_fifo_i/obi_req_fifo_i/mem_q_reg[0][addr][29]/C (clocked by sys_clk_pin) and x_heep_system_i/core_v_mini_mcu_i/ao_peripheral_subsystem_i/gpio_ao_i/i_reg_file/u_intrpt_lvl_low_status_intrpt_lvl_low_status_10/q_reg[0]/D (clocked by sys_clk_pin). Large setup violations at the end of those stages might be difficult to fix during the post-placement implementation flow and could be the result of non-optimal XDC constraints or non-optimal design architecture
Related violations: <none>

TIMING-16#447 Warning
Large setup violation  
There is a large setup violation of -5.244 ns between x_heep_system_i/core_v_mini_mcu_i/ao_peripheral_subsystem_i/obi_fifo_i/obi_req_fifo_i/mem_q_reg[0][addr][29]/C (clocked by sys_clk_pin) and x_heep_system_i/core_v_mini_mcu_i/ao_peripheral_subsystem_i/gpio_ao_i/i_reg_file/u_intrpt_rise_status_intrpt_rise_status_14/q_reg[0]/D (clocked by sys_clk_pin). Large setup violations at the end of those stages might be difficult to fix during the post-placement implementation flow and could be the result of non-optimal XDC constraints or non-optimal design architecture
Related violations: <none>

TIMING-16#448 Warning
Large setup violation  
There is a large setup violation of -5.245 ns between x_heep_system_i/core_v_mini_mcu_i/ao_peripheral_subsystem_i/obi_fifo_i/obi_req_fifo_i/mem_q_reg[0][addr][29]/C (clocked by sys_clk_pin) and x_heep_system_i/core_v_mini_mcu_i/ao_peripheral_subsystem_i/power_manager_i/power_manager_reg_top_i/u_cpu_iso_off_counter/q_reg[8]/D (clocked by sys_clk_pin). Large setup violations at the end of those stages might be difficult to fix during the post-placement implementation flow and could be the result of non-optimal XDC constraints or non-optimal design architecture
Related violations: <none>

TIMING-16#449 Warning
Large setup violation  
There is a large setup violation of -5.247 ns between x_heep_system_i/core_v_mini_mcu_i/ao_peripheral_subsystem_i/obi_fifo_i/obi_req_fifo_i/mem_q_reg[0][addr][29]/C (clocked by sys_clk_pin) and x_heep_system_i/core_v_mini_mcu_i/ao_peripheral_subsystem_i/power_manager_i/power_manager_reg_top_i/u_cpu_iso_off_counter/q_reg[7]/D (clocked by sys_clk_pin). Large setup violations at the end of those stages might be difficult to fix during the post-placement implementation flow and could be the result of non-optimal XDC constraints or non-optimal design architecture
Related violations: <none>

TIMING-16#450 Warning
Large setup violation  
There is a large setup violation of -5.248 ns between x_heep_system_i/core_v_mini_mcu_i/ao_peripheral_subsystem_i/obi_fifo_i/obi_req_fifo_i/mem_q_reg[0][addr][29]/C (clocked by sys_clk_pin) and x_heep_system_i/core_v_mini_mcu_i/ao_peripheral_subsystem_i/gpio_ao_i/i_reg_file/u_intrpt_rise_status_intrpt_rise_status_4/q_reg[0]/D (clocked by sys_clk_pin). Large setup violations at the end of those stages might be difficult to fix during the post-placement implementation flow and could be the result of non-optimal XDC constraints or non-optimal design architecture
Related violations: <none>

TIMING-16#451 Warning
Large setup violation  
There is a large setup violation of -5.251 ns between x_heep_system_i/core_v_mini_mcu_i/ao_peripheral_subsystem_i/obi_fifo_i/obi_req_fifo_i/mem_q_reg[0][addr][29]/C (clocked by sys_clk_pin) and x_heep_system_i/core_v_mini_mcu_i/ao_peripheral_subsystem_i/power_manager_i/power_manager_reg_top_i/u_cpu_switch_on_counter/q_reg[13]/D (clocked by sys_clk_pin). Large setup violations at the end of those stages might be difficult to fix during the post-placement implementation flow and could be the result of non-optimal XDC constraints or non-optimal design architecture
Related violations: <none>

TIMING-16#452 Warning
Large setup violation  
There is a large setup violation of -5.256 ns between x_heep_system_i/core_v_mini_mcu_i/ao_peripheral_subsystem_i/obi_fifo_i/obi_req_fifo_i/mem_q_reg[0][addr][29]/C (clocked by sys_clk_pin) and x_heep_system_i/core_v_mini_mcu_i/ao_peripheral_subsystem_i/power_manager_i/power_manager_reg_top_i/u_cpu_iso_off_counter/q_reg[0]/D (clocked by sys_clk_pin). Large setup violations at the end of those stages might be difficult to fix during the post-placement implementation flow and could be the result of non-optimal XDC constraints or non-optimal design architecture
Related violations: <none>

TIMING-16#453 Warning
Large setup violation  
There is a large setup violation of -5.258 ns between x_heep_system_i/core_v_mini_mcu_i/ao_peripheral_subsystem_i/obi_fifo_i/obi_req_fifo_i/mem_q_reg[0][addr][29]/C (clocked by sys_clk_pin) and x_heep_system_i/core_v_mini_mcu_i/ao_peripheral_subsystem_i/gpio_ao_i/i_reg_file/u_intrpt_lvl_low_status_intrpt_lvl_low_status_12/q_reg[0]/D (clocked by sys_clk_pin). Large setup violations at the end of those stages might be difficult to fix during the post-placement implementation flow and could be the result of non-optimal XDC constraints or non-optimal design architecture
Related violations: <none>

TIMING-16#454 Warning
Large setup violation  
There is a large setup violation of -5.260 ns between x_heep_system_i/core_v_mini_mcu_i/ao_peripheral_subsystem_i/obi_fifo_i/obi_req_fifo_i/mem_q_reg[0][addr][29]/C (clocked by sys_clk_pin) and x_heep_system_i/core_v_mini_mcu_i/ao_peripheral_subsystem_i/gpio_ao_i/i_reg_file/u_intrpt_lvl_low_status_intrpt_lvl_low_status_25/q_reg[0]/D (clocked by sys_clk_pin). Large setup violations at the end of those stages might be difficult to fix during the post-placement implementation flow and could be the result of non-optimal XDC constraints or non-optimal design architecture
Related violations: <none>

TIMING-16#455 Warning
Large setup violation  
There is a large setup violation of -5.262 ns between x_heep_system_i/core_v_mini_mcu_i/ao_peripheral_subsystem_i/obi_fifo_i/obi_req_fifo_i/mem_q_reg[0][addr][29]/C (clocked by sys_clk_pin) and x_heep_system_i/core_v_mini_mcu_i/ao_peripheral_subsystem_i/power_manager_i/power_manager_reg_top_i/u_cpu_switch_on_counter/q_reg[11]/D (clocked by sys_clk_pin). Large setup violations at the end of those stages might be difficult to fix during the post-placement implementation flow and could be the result of non-optimal XDC constraints or non-optimal design architecture
Related violations: <none>

TIMING-16#456 Warning
Large setup violation  
There is a large setup violation of -5.263 ns between x_heep_system_i/core_v_mini_mcu_i/ao_peripheral_subsystem_i/obi_fifo_i/obi_req_fifo_i/mem_q_reg[0][addr][29]/C (clocked by sys_clk_pin) and x_heep_system_i/core_v_mini_mcu_i/ao_peripheral_subsystem_i/power_manager_i/power_manager_reg_top_i/u_cpu_iso_off_counter/q_reg[9]/D (clocked by sys_clk_pin). Large setup violations at the end of those stages might be difficult to fix during the post-placement implementation flow and could be the result of non-optimal XDC constraints or non-optimal design architecture
Related violations: <none>

TIMING-16#457 Warning
Large setup violation  
There is a large setup violation of -5.264 ns between x_heep_system_i/core_v_mini_mcu_i/ao_peripheral_subsystem_i/obi_fifo_i/obi_req_fifo_i/mem_q_reg[0][addr][29]/C (clocked by sys_clk_pin) and x_heep_system_i/core_v_mini_mcu_i/ao_peripheral_subsystem_i/power_manager_i/power_manager_reg_top_i/u_cpu_switch_on_counter/q_reg[9]/D (clocked by sys_clk_pin). Large setup violations at the end of those stages might be difficult to fix during the post-placement implementation flow and could be the result of non-optimal XDC constraints or non-optimal design architecture
Related violations: <none>

TIMING-16#458 Warning
Large setup violation  
There is a large setup violation of -5.267 ns between x_heep_system_i/core_v_mini_mcu_i/ao_peripheral_subsystem_i/obi_fifo_i/obi_req_fifo_i/mem_q_reg[0][addr][29]/C (clocked by sys_clk_pin) and x_heep_system_i/core_v_mini_mcu_i/ao_peripheral_subsystem_i/gpio_ao_i/i_reg_file/u_intrpt_fall_en_intrpt_fall_en_13/q_reg[0]/CE (clocked by sys_clk_pin). Large setup violations at the end of those stages might be difficult to fix during the post-placement implementation flow and could be the result of non-optimal XDC constraints or non-optimal design architecture
Related violations: <none>

TIMING-16#459 Warning
Large setup violation  
There is a large setup violation of -5.267 ns between x_heep_system_i/core_v_mini_mcu_i/ao_peripheral_subsystem_i/obi_fifo_i/obi_req_fifo_i/mem_q_reg[0][addr][29]/C (clocked by sys_clk_pin) and x_heep_system_i/core_v_mini_mcu_i/ao_peripheral_subsystem_i/gpio_ao_i/i_reg_file/u_intrpt_fall_en_intrpt_fall_en_14/q_reg[0]/CE (clocked by sys_clk_pin). Large setup violations at the end of those stages might be difficult to fix during the post-placement implementation flow and could be the result of non-optimal XDC constraints or non-optimal design architecture
Related violations: <none>

TIMING-16#460 Warning
Large setup violation  
There is a large setup violation of -5.273 ns between x_heep_system_i/core_v_mini_mcu_i/ao_peripheral_subsystem_i/obi_fifo_i/obi_req_fifo_i/mem_q_reg[0][addr][29]/C (clocked by sys_clk_pin) and x_heep_system_i/core_v_mini_mcu_i/ao_peripheral_subsystem_i/gpio_ao_i/i_reg_file/u_intrpt_lvl_low_status_intrpt_lvl_low_status_22/q_reg[0]/D (clocked by sys_clk_pin). Large setup violations at the end of those stages might be difficult to fix during the post-placement implementation flow and could be the result of non-optimal XDC constraints or non-optimal design architecture
Related violations: <none>

TIMING-16#461 Warning
Large setup violation  
There is a large setup violation of -5.278 ns between x_heep_system_i/core_v_mini_mcu_i/ao_peripheral_subsystem_i/obi_fifo_i/obi_req_fifo_i/mem_q_reg[0][addr][29]/C (clocked by sys_clk_pin) and x_heep_system_i/core_v_mini_mcu_i/ao_peripheral_subsystem_i/gpio_ao_i/i_reg_file/u_intrpt_rise_status_intrpt_rise_status_16/q_reg[0]/D (clocked by sys_clk_pin). Large setup violations at the end of those stages might be difficult to fix during the post-placement implementation flow and could be the result of non-optimal XDC constraints or non-optimal design architecture
Related violations: <none>

TIMING-16#462 Warning
Large setup violation  
There is a large setup violation of -5.283 ns between x_heep_system_i/core_v_mini_mcu_i/ao_peripheral_subsystem_i/obi_fifo_i/obi_req_fifo_i/mem_q_reg[0][addr][29]/C (clocked by sys_clk_pin) and x_heep_system_i/core_v_mini_mcu_i/ao_peripheral_subsystem_i/gpio_ao_i/i_reg_file/u_intrpt_fall_en_intrpt_fall_en_3/q_reg[0]/CE (clocked by sys_clk_pin). Large setup violations at the end of those stages might be difficult to fix during the post-placement implementation flow and could be the result of non-optimal XDC constraints or non-optimal design architecture
Related violations: <none>

TIMING-16#463 Warning
Large setup violation  
There is a large setup violation of -5.288 ns between x_heep_system_i/core_v_mini_mcu_i/ao_peripheral_subsystem_i/obi_fifo_i/obi_req_fifo_i/mem_q_reg[0][addr][29]/C (clocked by sys_clk_pin) and x_heep_system_i/core_v_mini_mcu_i/ao_peripheral_subsystem_i/power_manager_i/power_manager_reg_top_i/u_cpu_iso_on_counter/q_reg[13]/D (clocked by sys_clk_pin). Large setup violations at the end of those stages might be difficult to fix during the post-placement implementation flow and could be the result of non-optimal XDC constraints or non-optimal design architecture
Related violations: <none>

TIMING-16#464 Warning
Large setup violation  
There is a large setup violation of -5.291 ns between x_heep_system_i/core_v_mini_mcu_i/ao_peripheral_subsystem_i/obi_fifo_i/obi_req_fifo_i/mem_q_reg[0][addr][29]/C (clocked by sys_clk_pin) and x_heep_system_i/core_v_mini_mcu_i/ao_peripheral_subsystem_i/gpio_ao_i/i_reg_file/u_intrpt_fall_status_intrpt_fall_status_16/q_reg[0]/D (clocked by sys_clk_pin). Large setup violations at the end of those stages might be difficult to fix during the post-placement implementation flow and could be the result of non-optimal XDC constraints or non-optimal design architecture
Related violations: <none>

TIMING-16#465 Warning
Large setup violation  
There is a large setup violation of -5.293 ns between x_heep_system_i/core_v_mini_mcu_i/ao_peripheral_subsystem_i/obi_fifo_i/obi_req_fifo_i/mem_q_reg[0][addr][29]/C (clocked by sys_clk_pin) and x_heep_system_i/core_v_mini_mcu_i/ao_peripheral_subsystem_i/power_manager_i/power_manager_reg_top_i/u_cpu_switch_off_counter/q_reg[6]/D (clocked by sys_clk_pin). Large setup violations at the end of those stages might be difficult to fix during the post-placement implementation flow and could be the result of non-optimal XDC constraints or non-optimal design architecture
Related violations: <none>

TIMING-16#466 Warning
Large setup violation  
There is a large setup violation of -5.294 ns between x_heep_system_i/core_v_mini_mcu_i/ao_peripheral_subsystem_i/obi_fifo_i/obi_req_fifo_i/mem_q_reg[0][addr][29]/C (clocked by sys_clk_pin) and x_heep_system_i/core_v_mini_mcu_i/ao_peripheral_subsystem_i/gpio_ao_i/i_reg_file/u_intrpt_lvl_high_status_intrpt_lvl_high_status_16/q_reg[0]/D (clocked by sys_clk_pin). Large setup violations at the end of those stages might be difficult to fix during the post-placement implementation flow and could be the result of non-optimal XDC constraints or non-optimal design architecture
Related violations: <none>

TIMING-16#467 Warning
Large setup violation  
There is a large setup violation of -5.294 ns between x_heep_system_i/core_v_mini_mcu_i/ao_peripheral_subsystem_i/obi_fifo_i/obi_req_fifo_i/mem_q_reg[0][addr][29]/C (clocked by sys_clk_pin) and x_heep_system_i/core_v_mini_mcu_i/ao_peripheral_subsystem_i/power_manager_i/power_manager_reg_top_i/u_cpu_reset_assert_counter/q_reg[17]/D (clocked by sys_clk_pin). Large setup violations at the end of those stages might be difficult to fix during the post-placement implementation flow and could be the result of non-optimal XDC constraints or non-optimal design architecture
Related violations: <none>

TIMING-16#468 Warning
Large setup violation  
There is a large setup violation of -5.295 ns between x_heep_system_i/core_v_mini_mcu_i/ao_peripheral_subsystem_i/obi_fifo_i/obi_req_fifo_i/mem_q_reg[0][addr][29]/C (clocked by sys_clk_pin) and x_heep_system_i/core_v_mini_mcu_i/ao_peripheral_subsystem_i/power_manager_i/power_manager_reg_top_i/u_cpu_iso_off_counter/q_reg[14]/CE (clocked by sys_clk_pin). Large setup violations at the end of those stages might be difficult to fix during the post-placement implementation flow and could be the result of non-optimal XDC constraints or non-optimal design architecture
Related violations: <none>

TIMING-16#469 Warning
Large setup violation  
There is a large setup violation of -5.295 ns between x_heep_system_i/core_v_mini_mcu_i/ao_peripheral_subsystem_i/obi_fifo_i/obi_req_fifo_i/mem_q_reg[0][addr][29]/C (clocked by sys_clk_pin) and x_heep_system_i/core_v_mini_mcu_i/ao_peripheral_subsystem_i/power_manager_i/power_manager_reg_top_i/u_cpu_iso_off_counter/q_reg[16]/CE (clocked by sys_clk_pin). Large setup violations at the end of those stages might be difficult to fix during the post-placement implementation flow and could be the result of non-optimal XDC constraints or non-optimal design architecture
Related violations: <none>

TIMING-16#470 Warning
Large setup violation  
There is a large setup violation of -5.295 ns between x_heep_system_i/core_v_mini_mcu_i/ao_peripheral_subsystem_i/obi_fifo_i/obi_req_fifo_i/mem_q_reg[0][addr][29]/C (clocked by sys_clk_pin) and x_heep_system_i/core_v_mini_mcu_i/ao_peripheral_subsystem_i/power_manager_i/power_manager_reg_top_i/u_cpu_iso_off_counter/q_reg[17]/CE (clocked by sys_clk_pin). Large setup violations at the end of those stages might be difficult to fix during the post-placement implementation flow and could be the result of non-optimal XDC constraints or non-optimal design architecture
Related violations: <none>

TIMING-16#471 Warning
Large setup violation  
There is a large setup violation of -5.297 ns between x_heep_system_i/core_v_mini_mcu_i/ao_peripheral_subsystem_i/obi_fifo_i/obi_req_fifo_i/mem_q_reg[0][addr][29]/C (clocked by sys_clk_pin) and x_heep_system_i/core_v_mini_mcu_i/ao_peripheral_subsystem_i/power_manager_i/power_manager_reg_top_i/u_cpu_reset_assert_counter/q_reg[18]/D (clocked by sys_clk_pin). Large setup violations at the end of those stages might be difficult to fix during the post-placement implementation flow and could be the result of non-optimal XDC constraints or non-optimal design architecture
Related violations: <none>

TIMING-16#472 Warning
Large setup violation  
There is a large setup violation of -5.301 ns between x_heep_system_i/core_v_mini_mcu_i/ao_peripheral_subsystem_i/obi_fifo_i/obi_req_fifo_i/mem_q_reg[0][addr][29]/C (clocked by sys_clk_pin) and x_heep_system_i/core_v_mini_mcu_i/ao_peripheral_subsystem_i/power_manager_i/power_manager_reg_top_i/u_cpu_iso_off_counter/q_reg[20]/CE (clocked by sys_clk_pin). Large setup violations at the end of those stages might be difficult to fix during the post-placement implementation flow and could be the result of non-optimal XDC constraints or non-optimal design architecture
Related violations: <none>

TIMING-16#473 Warning
Large setup violation  
There is a large setup violation of -5.304 ns between x_heep_system_i/core_v_mini_mcu_i/ao_peripheral_subsystem_i/obi_fifo_i/obi_req_fifo_i/mem_q_reg[0][addr][29]/C (clocked by sys_clk_pin) and x_heep_system_i/core_v_mini_mcu_i/ao_peripheral_subsystem_i/power_manager_i/power_manager_reg_top_i/u_cpu_switch_on_counter/q_reg[14]/D (clocked by sys_clk_pin). Large setup violations at the end of those stages might be difficult to fix during the post-placement implementation flow and could be the result of non-optimal XDC constraints or non-optimal design architecture
Related violations: <none>

TIMING-16#474 Warning
Large setup violation  
There is a large setup violation of -5.305 ns between x_heep_system_i/core_v_mini_mcu_i/ao_peripheral_subsystem_i/obi_fifo_i/obi_req_fifo_i/mem_q_reg[0][addr][29]/C (clocked by sys_clk_pin) and x_heep_system_i/core_v_mini_mcu_i/ao_peripheral_subsystem_i/gpio_ao_i/i_reg_file/u_intrpt_lvl_low_status_intrpt_lvl_low_status_20/q_reg[0]/D (clocked by sys_clk_pin). Large setup violations at the end of those stages might be difficult to fix during the post-placement implementation flow and could be the result of non-optimal XDC constraints or non-optimal design architecture
Related violations: <none>

TIMING-16#475 Warning
Large setup violation  
There is a large setup violation of -5.305 ns between x_heep_system_i/core_v_mini_mcu_i/ao_peripheral_subsystem_i/obi_fifo_i/obi_req_fifo_i/mem_q_reg[0][addr][29]/C (clocked by sys_clk_pin) and x_heep_system_i/core_v_mini_mcu_i/ao_peripheral_subsystem_i/gpio_ao_i/i_reg_file/u_intrpt_lvl_low_status_intrpt_lvl_low_status_9/q_reg[0]/D (clocked by sys_clk_pin). Large setup violations at the end of those stages might be difficult to fix during the post-placement implementation flow and could be the result of non-optimal XDC constraints or non-optimal design architecture
Related violations: <none>

TIMING-16#476 Warning
Large setup violation  
There is a large setup violation of -5.310 ns between x_heep_system_i/core_v_mini_mcu_i/ao_peripheral_subsystem_i/obi_fifo_i/obi_req_fifo_i/mem_q_reg[0][addr][29]/C (clocked by sys_clk_pin) and x_heep_system_i/core_v_mini_mcu_i/ao_peripheral_subsystem_i/power_manager_i/power_manager_reg_top_i/u_cpu_iso_off_counter/q_reg[17]/D (clocked by sys_clk_pin). Large setup violations at the end of those stages might be difficult to fix during the post-placement implementation flow and could be the result of non-optimal XDC constraints or non-optimal design architecture
Related violations: <none>

TIMING-16#477 Warning
Large setup violation  
There is a large setup violation of -5.313 ns between x_heep_system_i/core_v_mini_mcu_i/ao_peripheral_subsystem_i/obi_fifo_i/obi_req_fifo_i/mem_q_reg[0][addr][29]/C (clocked by sys_clk_pin) and x_heep_system_i/core_v_mini_mcu_i/ao_peripheral_subsystem_i/gpio_ao_i/i_reg_file/u_intrpt_fall_en_intrpt_fall_en_0/q_reg[0]/CE (clocked by sys_clk_pin). Large setup violations at the end of those stages might be difficult to fix during the post-placement implementation flow and could be the result of non-optimal XDC constraints or non-optimal design architecture
Related violations: <none>

TIMING-16#478 Warning
Large setup violation  
There is a large setup violation of -5.313 ns between x_heep_system_i/core_v_mini_mcu_i/ao_peripheral_subsystem_i/obi_fifo_i/obi_req_fifo_i/mem_q_reg[0][addr][29]/C (clocked by sys_clk_pin) and x_heep_system_i/core_v_mini_mcu_i/ao_peripheral_subsystem_i/power_manager_i/power_manager_reg_top_i/u_cpu_iso_off_counter/q_reg[21]/CE (clocked by sys_clk_pin). Large setup violations at the end of those stages might be difficult to fix during the post-placement implementation flow and could be the result of non-optimal XDC constraints or non-optimal design architecture
Related violations: <none>

TIMING-16#479 Warning
Large setup violation  
There is a large setup violation of -5.313 ns between x_heep_system_i/core_v_mini_mcu_i/ao_peripheral_subsystem_i/obi_fifo_i/obi_req_fifo_i/mem_q_reg[0][addr][29]/C (clocked by sys_clk_pin) and x_heep_system_i/core_v_mini_mcu_i/ao_peripheral_subsystem_i/power_manager_i/power_manager_reg_top_i/u_cpu_iso_off_counter/q_reg[22]/CE (clocked by sys_clk_pin). Large setup violations at the end of those stages might be difficult to fix during the post-placement implementation flow and could be the result of non-optimal XDC constraints or non-optimal design architecture
Related violations: <none>

TIMING-16#480 Warning
Large setup violation  
There is a large setup violation of -5.313 ns between x_heep_system_i/core_v_mini_mcu_i/ao_peripheral_subsystem_i/obi_fifo_i/obi_req_fifo_i/mem_q_reg[0][addr][29]/C (clocked by sys_clk_pin) and x_heep_system_i/core_v_mini_mcu_i/ao_peripheral_subsystem_i/power_manager_i/power_manager_reg_top_i/u_cpu_iso_off_counter/q_reg[23]/CE (clocked by sys_clk_pin). Large setup violations at the end of those stages might be difficult to fix during the post-placement implementation flow and could be the result of non-optimal XDC constraints or non-optimal design architecture
Related violations: <none>

TIMING-16#481 Warning
Large setup violation  
There is a large setup violation of -5.316 ns between x_heep_system_i/core_v_mini_mcu_i/ao_peripheral_subsystem_i/obi_fifo_i/obi_req_fifo_i/mem_q_reg[0][addr][29]/C (clocked by sys_clk_pin) and x_heep_system_i/core_v_mini_mcu_i/ao_peripheral_subsystem_i/gpio_ao_i/i_reg_file/u_gpio_mode_0_mode_1/q_reg[0]/CE (clocked by sys_clk_pin). Large setup violations at the end of those stages might be difficult to fix during the post-placement implementation flow and could be the result of non-optimal XDC constraints or non-optimal design architecture
Related violations: <none>

TIMING-16#482 Warning
Large setup violation  
There is a large setup violation of -5.321 ns between x_heep_system_i/core_v_mini_mcu_i/ao_peripheral_subsystem_i/obi_fifo_i/obi_req_fifo_i/mem_q_reg[0][addr][29]/C (clocked by sys_clk_pin) and x_heep_system_i/core_v_mini_mcu_i/ao_peripheral_subsystem_i/gpio_ao_i/i_reg_file/u_intrpt_fall_status_intrpt_fall_status_0/q_reg[0]/D (clocked by sys_clk_pin). Large setup violations at the end of those stages might be difficult to fix during the post-placement implementation flow and could be the result of non-optimal XDC constraints or non-optimal design architecture
Related violations: <none>

TIMING-16#483 Warning
Large setup violation  
There is a large setup violation of -5.328 ns between x_heep_system_i/core_v_mini_mcu_i/ao_peripheral_subsystem_i/obi_fifo_i/obi_req_fifo_i/mem_q_reg[0][addr][29]/C (clocked by sys_clk_pin) and x_heep_system_i/core_v_mini_mcu_i/ao_peripheral_subsystem_i/gpio_ao_i/i_reg_file/u_intrpt_lvl_high_status_intrpt_lvl_high_status_14/q_reg[0]/D (clocked by sys_clk_pin). Large setup violations at the end of those stages might be difficult to fix during the post-placement implementation flow and could be the result of non-optimal XDC constraints or non-optimal design architecture
Related violations: <none>

TIMING-16#484 Warning
Large setup violation  
There is a large setup violation of -5.328 ns between x_heep_system_i/core_v_mini_mcu_i/ao_peripheral_subsystem_i/obi_fifo_i/obi_req_fifo_i/mem_q_reg[0][addr][29]/C (clocked by sys_clk_pin) and x_heep_system_i/core_v_mini_mcu_i/ao_peripheral_subsystem_i/power_manager_i/power_manager_reg_top_i/u_cpu_iso_off_counter/q_reg[29]/CE (clocked by sys_clk_pin). Large setup violations at the end of those stages might be difficult to fix during the post-placement implementation flow and could be the result of non-optimal XDC constraints or non-optimal design architecture
Related violations: <none>

TIMING-16#485 Warning
Large setup violation  
There is a large setup violation of -5.328 ns between x_heep_system_i/core_v_mini_mcu_i/ao_peripheral_subsystem_i/obi_fifo_i/obi_req_fifo_i/mem_q_reg[0][addr][29]/C (clocked by sys_clk_pin) and x_heep_system_i/core_v_mini_mcu_i/ao_peripheral_subsystem_i/power_manager_i/power_manager_reg_top_i/u_cpu_iso_off_counter/q_reg[30]/CE (clocked by sys_clk_pin). Large setup violations at the end of those stages might be difficult to fix during the post-placement implementation flow and could be the result of non-optimal XDC constraints or non-optimal design architecture
Related violations: <none>

TIMING-16#486 Warning
Large setup violation  
There is a large setup violation of -5.328 ns between x_heep_system_i/core_v_mini_mcu_i/ao_peripheral_subsystem_i/obi_fifo_i/obi_req_fifo_i/mem_q_reg[0][addr][29]/C (clocked by sys_clk_pin) and x_heep_system_i/core_v_mini_mcu_i/ao_peripheral_subsystem_i/power_manager_i/power_manager_reg_top_i/u_cpu_iso_off_counter/q_reg[31]/CE (clocked by sys_clk_pin). Large setup violations at the end of those stages might be difficult to fix during the post-placement implementation flow and could be the result of non-optimal XDC constraints or non-optimal design architecture
Related violations: <none>

TIMING-16#487 Warning
Large setup violation  
There is a large setup violation of -5.332 ns between x_heep_system_i/core_v_mini_mcu_i/ao_peripheral_subsystem_i/obi_fifo_i/obi_req_fifo_i/mem_q_reg[0][addr][29]/C (clocked by sys_clk_pin) and x_heep_system_i/core_v_mini_mcu_i/ao_peripheral_subsystem_i/power_manager_i/power_manager_reg_top_i/u_cpu_iso_off_counter/q_reg[13]/D (clocked by sys_clk_pin). Large setup violations at the end of those stages might be difficult to fix during the post-placement implementation flow and could be the result of non-optimal XDC constraints or non-optimal design architecture
Related violations: <none>

TIMING-16#488 Warning
Large setup violation  
There is a large setup violation of -5.352 ns between x_heep_system_i/core_v_mini_mcu_i/ao_peripheral_subsystem_i/obi_fifo_i/obi_req_fifo_i/mem_q_reg[0][addr][29]/C (clocked by sys_clk_pin) and x_heep_system_i/core_v_mini_mcu_i/ao_peripheral_subsystem_i/power_manager_i/power_manager_reg_top_i/u_en_wait_for_intr/q_reg[21]/D (clocked by sys_clk_pin). Large setup violations at the end of those stages might be difficult to fix during the post-placement implementation flow and could be the result of non-optimal XDC constraints or non-optimal design architecture
Related violations: <none>

TIMING-16#489 Warning
Large setup violation  
There is a large setup violation of -5.354 ns between x_heep_system_i/core_v_mini_mcu_i/ao_peripheral_subsystem_i/obi_fifo_i/obi_req_fifo_i/mem_q_reg[0][addr][29]/C (clocked by sys_clk_pin) and x_heep_system_i/core_v_mini_mcu_i/ao_peripheral_subsystem_i/power_manager_i/power_manager_reg_top_i/u_cpu_iso_on_counter/q_reg[4]/D (clocked by sys_clk_pin). Large setup violations at the end of those stages might be difficult to fix during the post-placement implementation flow and could be the result of non-optimal XDC constraints or non-optimal design architecture
Related violations: <none>

TIMING-16#490 Warning
Large setup violation  
There is a large setup violation of -5.358 ns between x_heep_system_i/core_v_mini_mcu_i/ao_peripheral_subsystem_i/obi_fifo_i/obi_req_fifo_i/mem_q_reg[0][addr][29]/C (clocked by sys_clk_pin) and x_heep_system_i/core_v_mini_mcu_i/ao_peripheral_subsystem_i/power_manager_i/power_manager_reg_top_i/u_cpu_iso_on_counter/q_reg[2]/D (clocked by sys_clk_pin). Large setup violations at the end of those stages might be difficult to fix during the post-placement implementation flow and could be the result of non-optimal XDC constraints or non-optimal design architecture
Related violations: <none>

TIMING-16#491 Warning
Large setup violation  
There is a large setup violation of -5.366 ns between x_heep_system_i/core_v_mini_mcu_i/ao_peripheral_subsystem_i/obi_fifo_i/obi_req_fifo_i/mem_q_reg[0][addr][29]/C (clocked by sys_clk_pin) and x_heep_system_i/core_v_mini_mcu_i/ao_peripheral_subsystem_i/gpio_ao_i/i_reg_file/u_gpio_out_gpio_out_9/q_reg[0]/D (clocked by sys_clk_pin). Large setup violations at the end of those stages might be difficult to fix during the post-placement implementation flow and could be the result of non-optimal XDC constraints or non-optimal design architecture
Related violations: <none>

TIMING-16#492 Warning
Large setup violation  
There is a large setup violation of -5.371 ns between x_heep_system_i/core_v_mini_mcu_i/ao_peripheral_subsystem_i/obi_fifo_i/obi_req_fifo_i/mem_q_reg[0][addr][29]/C (clocked by sys_clk_pin) and x_heep_system_i/core_v_mini_mcu_i/ao_peripheral_subsystem_i/gpio_ao_i/i_reg_file/u_intrpt_lvl_high_status_intrpt_lvl_high_status_13/q_reg[0]/D (clocked by sys_clk_pin). Large setup violations at the end of those stages might be difficult to fix during the post-placement implementation flow and could be the result of non-optimal XDC constraints or non-optimal design architecture
Related violations: <none>

TIMING-16#493 Warning
Large setup violation  
There is a large setup violation of -5.371 ns between x_heep_system_i/core_v_mini_mcu_i/ao_peripheral_subsystem_i/obi_fifo_i/obi_req_fifo_i/mem_q_reg[0][addr][29]/C (clocked by sys_clk_pin) and x_heep_system_i/core_v_mini_mcu_i/ao_peripheral_subsystem_i/power_manager_i/power_manager_reg_top_i/u_en_wait_for_intr/q_reg[17]/CE (clocked by sys_clk_pin). Large setup violations at the end of those stages might be difficult to fix during the post-placement implementation flow and could be the result of non-optimal XDC constraints or non-optimal design architecture
Related violations: <none>

TIMING-16#494 Warning
Large setup violation  
There is a large setup violation of -5.372 ns between x_heep_system_i/core_v_mini_mcu_i/ao_peripheral_subsystem_i/obi_fifo_i/obi_req_fifo_i/mem_q_reg[0][addr][29]/C (clocked by sys_clk_pin) and x_heep_system_i/core_v_mini_mcu_i/ao_peripheral_subsystem_i/gpio_ao_i/i_reg_file/u_intrpt_rise_status_intrpt_rise_status_5/q_reg[0]/D (clocked by sys_clk_pin). Large setup violations at the end of those stages might be difficult to fix during the post-placement implementation flow and could be the result of non-optimal XDC constraints or non-optimal design architecture
Related violations: <none>

TIMING-16#495 Warning
Large setup violation  
There is a large setup violation of -5.372 ns between x_heep_system_i/core_v_mini_mcu_i/ao_peripheral_subsystem_i/obi_fifo_i/obi_req_fifo_i/mem_q_reg[0][addr][29]/C (clocked by sys_clk_pin) and x_heep_system_i/core_v_mini_mcu_i/ao_peripheral_subsystem_i/power_manager_i/power_manager_reg_top_i/u_cpu_reset_assert_counter/q_reg[29]/D (clocked by sys_clk_pin). Large setup violations at the end of those stages might be difficult to fix during the post-placement implementation flow and could be the result of non-optimal XDC constraints or non-optimal design architecture
Related violations: <none>

TIMING-16#496 Warning
Large setup violation  
There is a large setup violation of -5.379 ns between x_heep_system_i/core_v_mini_mcu_i/ao_peripheral_subsystem_i/obi_fifo_i/obi_req_fifo_i/mem_q_reg[0][addr][29]/C (clocked by sys_clk_pin) and x_heep_system_i/core_v_mini_mcu_i/ao_peripheral_subsystem_i/power_manager_i/power_manager_reg_top_i/u_cpu_switch_off_counter/q_reg[3]/D (clocked by sys_clk_pin). Large setup violations at the end of those stages might be difficult to fix during the post-placement implementation flow and could be the result of non-optimal XDC constraints or non-optimal design architecture
Related violations: <none>

TIMING-16#497 Warning
Large setup violation  
There is a large setup violation of -5.381 ns between x_heep_system_i/core_v_mini_mcu_i/ao_peripheral_subsystem_i/obi_fifo_i/obi_req_fifo_i/mem_q_reg[0][addr][29]/C (clocked by sys_clk_pin) and x_heep_system_i/core_v_mini_mcu_i/ao_peripheral_subsystem_i/power_manager_i/power_manager_reg_top_i/u_cpu_switch_off_counter/q_reg[4]/D (clocked by sys_clk_pin). Large setup violations at the end of those stages might be difficult to fix during the post-placement implementation flow and could be the result of non-optimal XDC constraints or non-optimal design architecture
Related violations: <none>

TIMING-16#498 Warning
Large setup violation  
There is a large setup violation of -5.382 ns between x_heep_system_i/core_v_mini_mcu_i/ao_peripheral_subsystem_i/obi_fifo_i/obi_req_fifo_i/mem_q_reg[0][addr][29]/C (clocked by sys_clk_pin) and x_heep_system_i/core_v_mini_mcu_i/ao_peripheral_subsystem_i/power_manager_i/power_manager_reg_top_i/u_cpu_iso_off_counter/q_reg[21]/D (clocked by sys_clk_pin). Large setup violations at the end of those stages might be difficult to fix during the post-placement implementation flow and could be the result of non-optimal XDC constraints or non-optimal design architecture
Related violations: <none>

TIMING-16#499 Warning
Large setup violation  
There is a large setup violation of -5.384 ns between x_heep_system_i/core_v_mini_mcu_i/ao_peripheral_subsystem_i/obi_fifo_i/obi_req_fifo_i/mem_q_reg[0][addr][29]/C (clocked by sys_clk_pin) and x_heep_system_i/core_v_mini_mcu_i/ao_peripheral_subsystem_i/power_manager_i/power_manager_reg_top_i/u_cpu_iso_off_counter/q_reg[26]/CE (clocked by sys_clk_pin). Large setup violations at the end of those stages might be difficult to fix during the post-placement implementation flow and could be the result of non-optimal XDC constraints or non-optimal design architecture
Related violations: <none>

TIMING-16#500 Warning
Large setup violation  
There is a large setup violation of -5.399 ns between x_heep_system_i/core_v_mini_mcu_i/ao_peripheral_subsystem_i/obi_fifo_i/obi_req_fifo_i/mem_q_reg[0][addr][29]/C (clocked by sys_clk_pin) and x_heep_system_i/core_v_mini_mcu_i/ao_peripheral_subsystem_i/gpio_ao_i/i_reg_file/u_intrpt_lvl_low_status_intrpt_lvl_low_status_15/q_reg[0]/D (clocked by sys_clk_pin). Large setup violations at the end of those stages might be difficult to fix during the post-placement implementation flow and could be the result of non-optimal XDC constraints or non-optimal design architecture
Related violations: <none>

TIMING-16#501 Warning
Large setup violation  
There is a large setup violation of -5.401 ns between x_heep_system_i/core_v_mini_mcu_i/ao_peripheral_subsystem_i/obi_fifo_i/obi_req_fifo_i/mem_q_reg[0][addr][29]/C (clocked by sys_clk_pin) and x_heep_system_i/core_v_mini_mcu_i/ao_peripheral_subsystem_i/gpio_ao_i/i_reg_file/u_intrpt_lvl_high_status_intrpt_lvl_high_status_26/q_reg[0]/D (clocked by sys_clk_pin). Large setup violations at the end of those stages might be difficult to fix during the post-placement implementation flow and could be the result of non-optimal XDC constraints or non-optimal design architecture
Related violations: <none>

TIMING-16#502 Warning
Large setup violation  
There is a large setup violation of -5.404 ns between x_heep_system_i/core_v_mini_mcu_i/ao_peripheral_subsystem_i/obi_fifo_i/obi_req_fifo_i/mem_q_reg[0][addr][29]/C (clocked by sys_clk_pin) and x_heep_system_i/core_v_mini_mcu_i/ao_peripheral_subsystem_i/power_manager_i/power_manager_reg_top_i/u_cpu_iso_off_counter/q_reg[16]/D (clocked by sys_clk_pin). Large setup violations at the end of those stages might be difficult to fix during the post-placement implementation flow and could be the result of non-optimal XDC constraints or non-optimal design architecture
Related violations: <none>

TIMING-16#503 Warning
Large setup violation  
There is a large setup violation of -5.405 ns between x_heep_system_i/core_v_mini_mcu_i/ao_peripheral_subsystem_i/obi_fifo_i/obi_req_fifo_i/mem_q_reg[0][addr][29]/C (clocked by sys_clk_pin) and x_heep_system_i/core_v_mini_mcu_i/ao_peripheral_subsystem_i/power_manager_i/power_manager_reg_top_i/u_cpu_reset_assert_counter/q_reg[1]/D (clocked by sys_clk_pin). Large setup violations at the end of those stages might be difficult to fix during the post-placement implementation flow and could be the result of non-optimal XDC constraints or non-optimal design architecture
Related violations: <none>

TIMING-16#504 Warning
Large setup violation  
There is a large setup violation of -5.409 ns between x_heep_system_i/core_v_mini_mcu_i/ao_peripheral_subsystem_i/obi_fifo_i/obi_req_fifo_i/mem_q_reg[0][addr][29]/C (clocked by sys_clk_pin) and x_heep_system_i/core_v_mini_mcu_i/ao_peripheral_subsystem_i/gpio_ao_i/i_reg_file/u_intrpt_lvl_high_status_intrpt_lvl_high_status_8/q_reg[0]/D (clocked by sys_clk_pin). Large setup violations at the end of those stages might be difficult to fix during the post-placement implementation flow and could be the result of non-optimal XDC constraints or non-optimal design architecture
Related violations: <none>

TIMING-16#505 Warning
Large setup violation  
There is a large setup violation of -5.418 ns between x_heep_system_i/core_v_mini_mcu_i/ao_peripheral_subsystem_i/obi_fifo_i/obi_req_fifo_i/mem_q_reg[0][addr][29]/C (clocked by sys_clk_pin) and x_heep_system_i/core_v_mini_mcu_i/ao_peripheral_subsystem_i/gpio_ao_i/i_reg_file/u_gpio_out_gpio_out_16/q_reg[0]/D (clocked by sys_clk_pin). Large setup violations at the end of those stages might be difficult to fix during the post-placement implementation flow and could be the result of non-optimal XDC constraints or non-optimal design architecture
Related violations: <none>

TIMING-16#506 Warning
Large setup violation  
There is a large setup violation of -5.420 ns between x_heep_system_i/core_v_mini_mcu_i/ao_peripheral_subsystem_i/obi_fifo_i/obi_req_fifo_i/mem_q_reg[0][addr][29]/C (clocked by sys_clk_pin) and x_heep_system_i/core_v_mini_mcu_i/ao_peripheral_subsystem_i/power_manager_i/power_manager_reg_top_i/u_cpu_switch_on_counter/q_reg[3]/D (clocked by sys_clk_pin). Large setup violations at the end of those stages might be difficult to fix during the post-placement implementation flow and could be the result of non-optimal XDC constraints or non-optimal design architecture
Related violations: <none>

TIMING-16#507 Warning
Large setup violation  
There is a large setup violation of -5.423 ns between x_heep_system_i/core_v_mini_mcu_i/ao_peripheral_subsystem_i/obi_fifo_i/obi_req_fifo_i/mem_q_reg[0][addr][29]/C (clocked by sys_clk_pin) and x_heep_system_i/core_v_mini_mcu_i/ao_peripheral_subsystem_i/power_manager_i/power_manager_reg_top_i/u_cpu_iso_off_counter/q_reg[24]/CE (clocked by sys_clk_pin). Large setup violations at the end of those stages might be difficult to fix during the post-placement implementation flow and could be the result of non-optimal XDC constraints or non-optimal design architecture
Related violations: <none>

TIMING-16#508 Warning
Large setup violation  
There is a large setup violation of -5.425 ns between x_heep_system_i/core_v_mini_mcu_i/ao_peripheral_subsystem_i/obi_fifo_i/obi_req_fifo_i/mem_q_reg[0][addr][29]/C (clocked by sys_clk_pin) and x_heep_system_i/core_v_mini_mcu_i/ao_peripheral_subsystem_i/power_manager_i/power_manager_reg_top_i/u_cpu_iso_off_counter/q_reg[25]/CE (clocked by sys_clk_pin). Large setup violations at the end of those stages might be difficult to fix during the post-placement implementation flow and could be the result of non-optimal XDC constraints or non-optimal design architecture
Related violations: <none>

TIMING-16#509 Warning
Large setup violation  
There is a large setup violation of -5.425 ns between x_heep_system_i/core_v_mini_mcu_i/ao_peripheral_subsystem_i/obi_fifo_i/obi_req_fifo_i/mem_q_reg[0][addr][29]/C (clocked by sys_clk_pin) and x_heep_system_i/core_v_mini_mcu_i/ao_peripheral_subsystem_i/power_manager_i/power_manager_reg_top_i/u_cpu_iso_off_counter/q_reg[27]/CE (clocked by sys_clk_pin). Large setup violations at the end of those stages might be difficult to fix during the post-placement implementation flow and could be the result of non-optimal XDC constraints or non-optimal design architecture
Related violations: <none>

TIMING-16#510 Warning
Large setup violation  
There is a large setup violation of -5.425 ns between x_heep_system_i/core_v_mini_mcu_i/ao_peripheral_subsystem_i/obi_fifo_i/obi_req_fifo_i/mem_q_reg[0][addr][29]/C (clocked by sys_clk_pin) and x_heep_system_i/core_v_mini_mcu_i/ao_peripheral_subsystem_i/power_manager_i/power_manager_reg_top_i/u_cpu_iso_off_counter/q_reg[28]/CE (clocked by sys_clk_pin). Large setup violations at the end of those stages might be difficult to fix during the post-placement implementation flow and could be the result of non-optimal XDC constraints or non-optimal design architecture
Related violations: <none>

TIMING-16#511 Warning
Large setup violation  
There is a large setup violation of -5.425 ns between x_heep_system_i/core_v_mini_mcu_i/ao_peripheral_subsystem_i/obi_fifo_i/obi_req_fifo_i/mem_q_reg[0][addr][29]/C (clocked by sys_clk_pin) and x_heep_system_i/core_v_mini_mcu_i/ao_peripheral_subsystem_i/power_manager_i/power_manager_reg_top_i/u_cpu_reset_assert_counter/q_reg[6]/D (clocked by sys_clk_pin). Large setup violations at the end of those stages might be difficult to fix during the post-placement implementation flow and could be the result of non-optimal XDC constraints or non-optimal design architecture
Related violations: <none>

TIMING-16#512 Warning
Large setup violation  
There is a large setup violation of -5.428 ns between x_heep_system_i/core_v_mini_mcu_i/ao_peripheral_subsystem_i/obi_fifo_i/obi_req_fifo_i/mem_q_reg[0][addr][29]/C (clocked by sys_clk_pin) and x_heep_system_i/core_v_mini_mcu_i/ao_peripheral_subsystem_i/gpio_ao_i/i_reg_file/u_intrpt_fall_status_intrpt_fall_status_6/q_reg[0]/D (clocked by sys_clk_pin). Large setup violations at the end of those stages might be difficult to fix during the post-placement implementation flow and could be the result of non-optimal XDC constraints or non-optimal design architecture
Related violations: <none>

TIMING-16#513 Warning
Large setup violation  
There is a large setup violation of -5.429 ns between x_heep_system_i/core_v_mini_mcu_i/ao_peripheral_subsystem_i/obi_fifo_i/obi_req_fifo_i/mem_q_reg[0][addr][29]/C (clocked by sys_clk_pin) and x_heep_system_i/core_v_mini_mcu_i/ao_peripheral_subsystem_i/power_manager_i/power_manager_reg_top_i/u_cpu_switch_on_counter/q_reg[15]/D (clocked by sys_clk_pin). Large setup violations at the end of those stages might be difficult to fix during the post-placement implementation flow and could be the result of non-optimal XDC constraints or non-optimal design architecture
Related violations: <none>

TIMING-16#514 Warning
Large setup violation  
There is a large setup violation of -5.430 ns between x_heep_system_i/core_v_mini_mcu_i/ao_peripheral_subsystem_i/obi_fifo_i/obi_req_fifo_i/mem_q_reg[0][addr][29]/C (clocked by sys_clk_pin) and x_heep_system_i/core_v_mini_mcu_i/ao_peripheral_subsystem_i/gpio_ao_i/i_reg_file/u_gpio_out_gpio_out_17/q_reg[0]/D (clocked by sys_clk_pin). Large setup violations at the end of those stages might be difficult to fix during the post-placement implementation flow and could be the result of non-optimal XDC constraints or non-optimal design architecture
Related violations: <none>

TIMING-16#515 Warning
Large setup violation  
There is a large setup violation of -5.434 ns between x_heep_system_i/core_v_mini_mcu_i/ao_peripheral_subsystem_i/obi_fifo_i/obi_req_fifo_i/mem_q_reg[0][addr][29]/C (clocked by sys_clk_pin) and x_heep_system_i/core_v_mini_mcu_i/ao_peripheral_subsystem_i/gpio_ao_i/i_reg_file/u_intrpt_lvl_low_status_intrpt_lvl_low_status_29/q_reg[0]/D (clocked by sys_clk_pin). Large setup violations at the end of those stages might be difficult to fix during the post-placement implementation flow and could be the result of non-optimal XDC constraints or non-optimal design architecture
Related violations: <none>

TIMING-16#516 Warning
Large setup violation  
There is a large setup violation of -5.436 ns between x_heep_system_i/core_v_mini_mcu_i/ao_peripheral_subsystem_i/obi_fifo_i/obi_req_fifo_i/mem_q_reg[0][addr][29]/C (clocked by sys_clk_pin) and x_heep_system_i/core_v_mini_mcu_i/ao_peripheral_subsystem_i/power_manager_i/power_manager_reg_top_i/u_cpu_switch_off_counter/q_reg[7]/D (clocked by sys_clk_pin). Large setup violations at the end of those stages might be difficult to fix during the post-placement implementation flow and could be the result of non-optimal XDC constraints or non-optimal design architecture
Related violations: <none>

TIMING-16#517 Warning
Large setup violation  
There is a large setup violation of -5.437 ns between x_heep_system_i/core_v_mini_mcu_i/ao_peripheral_subsystem_i/obi_fifo_i/obi_req_fifo_i/mem_q_reg[0][addr][29]/C (clocked by sys_clk_pin) and x_heep_system_i/core_v_mini_mcu_i/ao_peripheral_subsystem_i/power_manager_i/power_manager_reg_top_i/u_cpu_switch_off_counter/q_reg[13]/D (clocked by sys_clk_pin). Large setup violations at the end of those stages might be difficult to fix during the post-placement implementation flow and could be the result of non-optimal XDC constraints or non-optimal design architecture
Related violations: <none>

TIMING-16#518 Warning
Large setup violation  
There is a large setup violation of -5.439 ns between x_heep_system_i/core_v_mini_mcu_i/ao_peripheral_subsystem_i/obi_fifo_i/obi_req_fifo_i/mem_q_reg[0][addr][29]/C (clocked by sys_clk_pin) and x_heep_system_i/core_v_mini_mcu_i/ao_peripheral_subsystem_i/power_manager_i/power_manager_reg_top_i/u_cpu_iso_off_counter/q_reg[25]/D (clocked by sys_clk_pin). Large setup violations at the end of those stages might be difficult to fix during the post-placement implementation flow and could be the result of non-optimal XDC constraints or non-optimal design architecture
Related violations: <none>

TIMING-16#519 Warning
Large setup violation  
There is a large setup violation of -5.439 ns between x_heep_system_i/core_v_mini_mcu_i/ao_peripheral_subsystem_i/obi_fifo_i/obi_req_fifo_i/mem_q_reg[0][addr][29]/C (clocked by sys_clk_pin) and x_heep_system_i/core_v_mini_mcu_i/ao_peripheral_subsystem_i/power_manager_i/power_manager_reg_top_i/u_cpu_iso_on_counter/q_reg[16]/D (clocked by sys_clk_pin). Large setup violations at the end of those stages might be difficult to fix during the post-placement implementation flow and could be the result of non-optimal XDC constraints or non-optimal design architecture
Related violations: <none>

TIMING-16#520 Warning
Large setup violation  
There is a large setup violation of -5.440 ns between x_heep_system_i/core_v_mini_mcu_i/ao_peripheral_subsystem_i/obi_fifo_i/obi_req_fifo_i/mem_q_reg[0][addr][29]/C (clocked by sys_clk_pin) and x_heep_system_i/core_v_mini_mcu_i/ao_peripheral_subsystem_i/power_manager_i/power_manager_reg_top_i/u_cpu_switch_off_counter/q_reg[9]/D (clocked by sys_clk_pin). Large setup violations at the end of those stages might be difficult to fix during the post-placement implementation flow and could be the result of non-optimal XDC constraints or non-optimal design architecture
Related violations: <none>

TIMING-16#521 Warning
Large setup violation  
There is a large setup violation of -5.440 ns between x_heep_system_i/core_v_mini_mcu_i/ao_peripheral_subsystem_i/obi_fifo_i/obi_req_fifo_i/mem_q_reg[0][addr][29]/C (clocked by sys_clk_pin) and x_heep_system_i/core_v_mini_mcu_i/ao_peripheral_subsystem_i/power_manager_i/power_manager_reg_top_i/u_en_wait_for_intr/q_reg[20]/D (clocked by sys_clk_pin). Large setup violations at the end of those stages might be difficult to fix during the post-placement implementation flow and could be the result of non-optimal XDC constraints or non-optimal design architecture
Related violations: <none>

TIMING-16#522 Warning
Large setup violation  
There is a large setup violation of -5.442 ns between x_heep_system_i/core_v_mini_mcu_i/ao_peripheral_subsystem_i/obi_fifo_i/obi_req_fifo_i/mem_q_reg[0][addr][29]/C (clocked by sys_clk_pin) and x_heep_system_i/core_v_mini_mcu_i/ao_peripheral_subsystem_i/gpio_ao_i/i_reg_file/u_cfg_reserved/q_reg[0]/D (clocked by sys_clk_pin). Large setup violations at the end of those stages might be difficult to fix during the post-placement implementation flow and could be the result of non-optimal XDC constraints or non-optimal design architecture
Related violations: <none>

TIMING-16#523 Warning
Large setup violation  
There is a large setup violation of -5.442 ns between x_heep_system_i/core_v_mini_mcu_i/ao_peripheral_subsystem_i/obi_fifo_i/obi_req_fifo_i/mem_q_reg[0][addr][29]/C (clocked by sys_clk_pin) and x_heep_system_i/core_v_mini_mcu_i/ao_peripheral_subsystem_i/power_manager_i/power_manager_reg_top_i/u_cpu_iso_on_counter/q_reg[9]/D (clocked by sys_clk_pin). Large setup violations at the end of those stages might be difficult to fix during the post-placement implementation flow and could be the result of non-optimal XDC constraints or non-optimal design architecture
Related violations: <none>

TIMING-16#524 Warning
Large setup violation  
There is a large setup violation of -5.446 ns between x_heep_system_i/core_v_mini_mcu_i/ao_peripheral_subsystem_i/obi_fifo_i/obi_req_fifo_i/mem_q_reg[0][addr][29]/C (clocked by sys_clk_pin) and x_heep_system_i/core_v_mini_mcu_i/ao_peripheral_subsystem_i/power_manager_i/power_manager_reg_top_i/u_cpu_switch_off_counter/q_reg[5]/D (clocked by sys_clk_pin). Large setup violations at the end of those stages might be difficult to fix during the post-placement implementation flow and could be the result of non-optimal XDC constraints or non-optimal design architecture
Related violations: <none>

TIMING-16#525 Warning
Large setup violation  
There is a large setup violation of -5.447 ns between x_heep_system_i/core_v_mini_mcu_i/ao_peripheral_subsystem_i/obi_fifo_i/obi_req_fifo_i/mem_q_reg[0][addr][29]/C (clocked by sys_clk_pin) and x_heep_system_i/core_v_mini_mcu_i/ao_peripheral_subsystem_i/power_manager_i/power_manager_reg_top_i/u_cpu_reset_deassert_counter/q_reg[0]/D (clocked by sys_clk_pin). Large setup violations at the end of those stages might be difficult to fix during the post-placement implementation flow and could be the result of non-optimal XDC constraints or non-optimal design architecture
Related violations: <none>

TIMING-16#526 Warning
Large setup violation  
There is a large setup violation of -5.450 ns between x_heep_system_i/core_v_mini_mcu_i/ao_peripheral_subsystem_i/obi_fifo_i/obi_req_fifo_i/mem_q_reg[0][addr][29]/C (clocked by sys_clk_pin) and x_heep_system_i/core_v_mini_mcu_i/ao_peripheral_subsystem_i/power_manager_i/power_manager_reg_top_i/u_cpu_switch_on_counter/q_reg[20]/D (clocked by sys_clk_pin). Large setup violations at the end of those stages might be difficult to fix during the post-placement implementation flow and could be the result of non-optimal XDC constraints or non-optimal design architecture
Related violations: <none>

TIMING-16#527 Warning
Large setup violation  
There is a large setup violation of -5.458 ns between x_heep_system_i/core_v_mini_mcu_i/ao_peripheral_subsystem_i/obi_fifo_i/obi_req_fifo_i/mem_q_reg[0][addr][29]/C (clocked by sys_clk_pin) and x_heep_system_i/core_v_mini_mcu_i/ao_peripheral_subsystem_i/power_manager_i/power_manager_reg_top_i/u_en_wait_for_intr/q_reg[0]/CE (clocked by sys_clk_pin). Large setup violations at the end of those stages might be difficult to fix during the post-placement implementation flow and could be the result of non-optimal XDC constraints or non-optimal design architecture
Related violations: <none>

TIMING-16#528 Warning
Large setup violation  
There is a large setup violation of -5.458 ns between x_heep_system_i/core_v_mini_mcu_i/ao_peripheral_subsystem_i/obi_fifo_i/obi_req_fifo_i/mem_q_reg[0][addr][29]/C (clocked by sys_clk_pin) and x_heep_system_i/core_v_mini_mcu_i/ao_peripheral_subsystem_i/power_manager_i/power_manager_reg_top_i/u_en_wait_for_intr/q_reg[1]/CE (clocked by sys_clk_pin). Large setup violations at the end of those stages might be difficult to fix during the post-placement implementation flow and could be the result of non-optimal XDC constraints or non-optimal design architecture
Related violations: <none>

TIMING-16#529 Warning
Large setup violation  
There is a large setup violation of -5.461 ns between x_heep_system_i/core_v_mini_mcu_i/ao_peripheral_subsystem_i/obi_fifo_i/obi_req_fifo_i/mem_q_reg[0][addr][29]/C (clocked by sys_clk_pin) and x_heep_system_i/core_v_mini_mcu_i/ao_peripheral_subsystem_i/power_manager_i/power_manager_reg_top_i/u_cpu_iso_on_counter/q_reg[12]/D (clocked by sys_clk_pin). Large setup violations at the end of those stages might be difficult to fix during the post-placement implementation flow and could be the result of non-optimal XDC constraints or non-optimal design architecture
Related violations: <none>

TIMING-16#530 Warning
Large setup violation  
There is a large setup violation of -5.462 ns between x_heep_system_i/core_v_mini_mcu_i/ao_peripheral_subsystem_i/obi_fifo_i/obi_req_fifo_i/mem_q_reg[0][addr][29]/C (clocked by sys_clk_pin) and x_heep_system_i/core_v_mini_mcu_i/ao_peripheral_subsystem_i/power_manager_i/power_manager_reg_top_i/u_cpu_reset_deassert_counter/q_reg[9]/D (clocked by sys_clk_pin). Large setup violations at the end of those stages might be difficult to fix during the post-placement implementation flow and could be the result of non-optimal XDC constraints or non-optimal design architecture
Related violations: <none>

TIMING-16#531 Warning
Large setup violation  
There is a large setup violation of -5.465 ns between x_heep_system_i/core_v_mini_mcu_i/ao_peripheral_subsystem_i/obi_fifo_i/obi_req_fifo_i/mem_q_reg[0][addr][29]/C (clocked by sys_clk_pin) and x_heep_system_i/core_v_mini_mcu_i/ao_peripheral_subsystem_i/gpio_ao_i/i_reg_file/u_intrpt_rise_status_intrpt_rise_status_28/q_reg[0]/D (clocked by sys_clk_pin). Large setup violations at the end of those stages might be difficult to fix during the post-placement implementation flow and could be the result of non-optimal XDC constraints or non-optimal design architecture
Related violations: <none>

TIMING-16#532 Warning
Large setup violation  
There is a large setup violation of -5.469 ns between x_heep_system_i/core_v_mini_mcu_i/ao_peripheral_subsystem_i/obi_fifo_i/obi_req_fifo_i/mem_q_reg[0][addr][29]/C (clocked by sys_clk_pin) and x_heep_system_i/core_v_mini_mcu_i/ao_peripheral_subsystem_i/power_manager_i/power_manager_reg_top_i/u_cpu_switch_off_counter/q_reg[0]/D (clocked by sys_clk_pin). Large setup violations at the end of those stages might be difficult to fix during the post-placement implementation flow and could be the result of non-optimal XDC constraints or non-optimal design architecture
Related violations: <none>

TIMING-16#533 Warning
Large setup violation  
There is a large setup violation of -5.471 ns between x_heep_system_i/core_v_mini_mcu_i/ao_peripheral_subsystem_i/obi_fifo_i/obi_req_fifo_i/mem_q_reg[0][addr][29]/C (clocked by sys_clk_pin) and x_heep_system_i/core_v_mini_mcu_i/ao_peripheral_subsystem_i/power_manager_i/power_manager_reg_top_i/u_cpu_switch_off_counter/q_reg[1]/D (clocked by sys_clk_pin). Large setup violations at the end of those stages might be difficult to fix during the post-placement implementation flow and could be the result of non-optimal XDC constraints or non-optimal design architecture
Related violations: <none>

TIMING-16#534 Warning
Large setup violation  
There is a large setup violation of -5.477 ns between x_heep_system_i/core_v_mini_mcu_i/ao_peripheral_subsystem_i/obi_fifo_i/obi_req_fifo_i/mem_q_reg[0][addr][29]/C (clocked by sys_clk_pin) and x_heep_system_i/core_v_mini_mcu_i/ao_peripheral_subsystem_i/power_manager_i/power_manager_reg_top_i/u_cpu_counters_stop_cpu_reset_deassert_stop_bit_counter/q_reg[0]/D (clocked by sys_clk_pin). Large setup violations at the end of those stages might be difficult to fix during the post-placement implementation flow and could be the result of non-optimal XDC constraints or non-optimal design architecture
Related violations: <none>

TIMING-16#535 Warning
Large setup violation  
There is a large setup violation of -5.482 ns between x_heep_system_i/core_v_mini_mcu_i/ao_peripheral_subsystem_i/obi_fifo_i/obi_req_fifo_i/mem_q_reg[0][addr][29]/C (clocked by sys_clk_pin) and x_heep_system_i/core_v_mini_mcu_i/ao_peripheral_subsystem_i/gpio_ao_i/i_reg_file/u_intrpt_lvl_low_status_intrpt_lvl_low_status_7/q_reg[0]/D (clocked by sys_clk_pin). Large setup violations at the end of those stages might be difficult to fix during the post-placement implementation flow and could be the result of non-optimal XDC constraints or non-optimal design architecture
Related violations: <none>

TIMING-16#536 Warning
Large setup violation  
There is a large setup violation of -5.484 ns between x_heep_system_i/core_v_mini_mcu_i/ao_peripheral_subsystem_i/obi_fifo_i/obi_req_fifo_i/mem_q_reg[0][addr][29]/C (clocked by sys_clk_pin) and x_heep_system_i/core_v_mini_mcu_i/ao_peripheral_subsystem_i/power_manager_i/power_manager_reg_top_i/u_cpu_switch_off_counter/q_reg[8]/D (clocked by sys_clk_pin). Large setup violations at the end of those stages might be difficult to fix during the post-placement implementation flow and could be the result of non-optimal XDC constraints or non-optimal design architecture
Related violations: <none>

TIMING-16#537 Warning
Large setup violation  
There is a large setup violation of -5.486 ns between x_heep_system_i/core_v_mini_mcu_i/ao_peripheral_subsystem_i/obi_fifo_i/obi_req_fifo_i/mem_q_reg[0][addr][29]/C (clocked by sys_clk_pin) and x_heep_system_i/core_v_mini_mcu_i/ao_peripheral_subsystem_i/power_manager_i/power_manager_reg_top_i/u_cpu_iso_on_counter/q_reg[24]/D (clocked by sys_clk_pin). Large setup violations at the end of those stages might be difficult to fix during the post-placement implementation flow and could be the result of non-optimal XDC constraints or non-optimal design architecture
Related violations: <none>

TIMING-16#538 Warning
Large setup violation  
There is a large setup violation of -5.486 ns between x_heep_system_i/core_v_mini_mcu_i/ao_peripheral_subsystem_i/obi_fifo_i/obi_req_fifo_i/mem_q_reg[0][addr][29]/C (clocked by sys_clk_pin) and x_heep_system_i/core_v_mini_mcu_i/ao_peripheral_subsystem_i/power_manager_i/power_manager_reg_top_i/u_cpu_switch_off_counter/q_reg[5]/CE (clocked by sys_clk_pin). Large setup violations at the end of those stages might be difficult to fix during the post-placement implementation flow and could be the result of non-optimal XDC constraints or non-optimal design architecture
Related violations: <none>

TIMING-16#539 Warning
Large setup violation  
There is a large setup violation of -5.486 ns between x_heep_system_i/core_v_mini_mcu_i/ao_peripheral_subsystem_i/obi_fifo_i/obi_req_fifo_i/mem_q_reg[0][addr][29]/C (clocked by sys_clk_pin) and x_heep_system_i/core_v_mini_mcu_i/ao_peripheral_subsystem_i/power_manager_i/power_manager_reg_top_i/u_cpu_switch_off_counter/q_reg[7]/CE (clocked by sys_clk_pin). Large setup violations at the end of those stages might be difficult to fix during the post-placement implementation flow and could be the result of non-optimal XDC constraints or non-optimal design architecture
Related violations: <none>

TIMING-16#540 Warning
Large setup violation  
There is a large setup violation of -5.490 ns between x_heep_system_i/core_v_mini_mcu_i/ao_peripheral_subsystem_i/obi_fifo_i/obi_req_fifo_i/mem_q_reg[0][addr][29]/C (clocked by sys_clk_pin) and x_heep_system_i/core_v_mini_mcu_i/ao_peripheral_subsystem_i/power_manager_i/power_manager_reg_top_i/u_cpu_switch_off_counter/q_reg[2]/CE (clocked by sys_clk_pin). Large setup violations at the end of those stages might be difficult to fix during the post-placement implementation flow and could be the result of non-optimal XDC constraints or non-optimal design architecture
Related violations: <none>

TIMING-16#541 Warning
Large setup violation  
There is a large setup violation of -5.493 ns between x_heep_system_i/core_v_mini_mcu_i/ao_peripheral_subsystem_i/obi_fifo_i/obi_req_fifo_i/mem_q_reg[0][addr][29]/C (clocked by sys_clk_pin) and x_heep_system_i/core_v_mini_mcu_i/ao_peripheral_subsystem_i/power_manager_i/power_manager_reg_top_i/u_cpu_switch_on_counter/q_reg[5]/CE (clocked by sys_clk_pin). Large setup violations at the end of those stages might be difficult to fix during the post-placement implementation flow and could be the result of non-optimal XDC constraints or non-optimal design architecture
Related violations: <none>

TIMING-16#542 Warning
Large setup violation  
There is a large setup violation of -5.495 ns between x_heep_system_i/core_v_mini_mcu_i/ao_peripheral_subsystem_i/obi_fifo_i/obi_req_fifo_i/mem_q_reg[0][addr][29]/C (clocked by sys_clk_pin) and x_heep_system_i/core_v_mini_mcu_i/ao_peripheral_subsystem_i/power_manager_i/power_manager_reg_top_i/u_cpu_iso_off_counter/q_reg[27]/D (clocked by sys_clk_pin). Large setup violations at the end of those stages might be difficult to fix during the post-placement implementation flow and could be the result of non-optimal XDC constraints or non-optimal design architecture
Related violations: <none>

TIMING-16#543 Warning
Large setup violation  
There is a large setup violation of -5.500 ns between x_heep_system_i/core_v_mini_mcu_i/ao_peripheral_subsystem_i/obi_fifo_i/obi_req_fifo_i/mem_q_reg[0][addr][29]/C (clocked by sys_clk_pin) and x_heep_system_i/core_v_mini_mcu_i/ao_peripheral_subsystem_i/power_manager_i/power_manager_reg_top_i/u_cpu_iso_off_counter/q_reg[20]/D (clocked by sys_clk_pin). Large setup violations at the end of those stages might be difficult to fix during the post-placement implementation flow and could be the result of non-optimal XDC constraints or non-optimal design architecture
Related violations: <none>

TIMING-16#544 Warning
Large setup violation  
There is a large setup violation of -5.501 ns between x_heep_system_i/core_v_mini_mcu_i/ao_peripheral_subsystem_i/obi_fifo_i/obi_req_fifo_i/mem_q_reg[0][addr][29]/C (clocked by sys_clk_pin) and x_heep_system_i/core_v_mini_mcu_i/ao_peripheral_subsystem_i/power_manager_i/power_manager_reg_top_i/u_cpu_reset_deassert_counter/q_reg[8]/D (clocked by sys_clk_pin). Large setup violations at the end of those stages might be difficult to fix during the post-placement implementation flow and could be the result of non-optimal XDC constraints or non-optimal design architecture
Related violations: <none>

TIMING-16#545 Warning
Large setup violation  
There is a large setup violation of -5.502 ns between x_heep_system_i/core_v_mini_mcu_i/ao_peripheral_subsystem_i/obi_fifo_i/obi_req_fifo_i/mem_q_reg[0][addr][29]/C (clocked by sys_clk_pin) and x_heep_system_i/core_v_mini_mcu_i/ao_peripheral_subsystem_i/power_manager_i/power_manager_reg_top_i/u_en_wait_for_intr/q_reg[11]/D (clocked by sys_clk_pin). Large setup violations at the end of those stages might be difficult to fix during the post-placement implementation flow and could be the result of non-optimal XDC constraints or non-optimal design architecture
Related violations: <none>

TIMING-16#546 Warning
Large setup violation  
There is a large setup violation of -5.514 ns between x_heep_system_i/core_v_mini_mcu_i/ao_peripheral_subsystem_i/obi_fifo_i/obi_req_fifo_i/mem_q_reg[0][addr][29]/C (clocked by sys_clk_pin) and x_heep_system_i/core_v_mini_mcu_i/ao_peripheral_subsystem_i/power_manager_i/power_manager_reg_top_i/u_en_wait_for_intr/q_reg[10]/D (clocked by sys_clk_pin). Large setup violations at the end of those stages might be difficult to fix during the post-placement implementation flow and could be the result of non-optimal XDC constraints or non-optimal design architecture
Related violations: <none>

TIMING-16#547 Warning
Large setup violation  
There is a large setup violation of -5.516 ns between x_heep_system_i/core_v_mini_mcu_i/ao_peripheral_subsystem_i/obi_fifo_i/obi_req_fifo_i/mem_q_reg[0][addr][29]/C (clocked by sys_clk_pin) and x_heep_system_i/core_v_mini_mcu_i/ao_peripheral_subsystem_i/power_manager_i/power_manager_reg_top_i/u_en_wait_for_intr/q_reg[1]/D (clocked by sys_clk_pin). Large setup violations at the end of those stages might be difficult to fix during the post-placement implementation flow and could be the result of non-optimal XDC constraints or non-optimal design architecture
Related violations: <none>

TIMING-16#548 Warning
Large setup violation  
There is a large setup violation of -5.522 ns between x_heep_system_i/core_v_mini_mcu_i/ao_peripheral_subsystem_i/obi_fifo_i/obi_req_fifo_i/mem_q_reg[0][addr][29]/C (clocked by sys_clk_pin) and x_heep_system_i/core_v_mini_mcu_i/ao_peripheral_subsystem_i/power_manager_i/power_manager_reg_top_i/u_cpu_reset_assert_counter/q_reg[31]/D (clocked by sys_clk_pin). Large setup violations at the end of those stages might be difficult to fix during the post-placement implementation flow and could be the result of non-optimal XDC constraints or non-optimal design architecture
Related violations: <none>

TIMING-16#549 Warning
Large setup violation  
There is a large setup violation of -5.523 ns between x_heep_system_i/core_v_mini_mcu_i/ao_peripheral_subsystem_i/obi_fifo_i/obi_req_fifo_i/mem_q_reg[0][addr][29]/C (clocked by sys_clk_pin) and x_heep_system_i/core_v_mini_mcu_i/ao_peripheral_subsystem_i/power_manager_i/power_manager_reg_top_i/u_en_wait_for_intr/q_reg[19]/CE (clocked by sys_clk_pin). Large setup violations at the end of those stages might be difficult to fix during the post-placement implementation flow and could be the result of non-optimal XDC constraints or non-optimal design architecture
Related violations: <none>

TIMING-16#550 Warning
Large setup violation  
There is a large setup violation of -5.525 ns between x_heep_system_i/core_v_mini_mcu_i/ao_peripheral_subsystem_i/obi_fifo_i/obi_req_fifo_i/mem_q_reg[0][addr][29]/C (clocked by sys_clk_pin) and x_heep_system_i/core_v_mini_mcu_i/ao_peripheral_subsystem_i/power_manager_i/power_manager_reg_top_i/u_cpu_switch_on_counter/q_reg[0]/CE (clocked by sys_clk_pin). Large setup violations at the end of those stages might be difficult to fix during the post-placement implementation flow and could be the result of non-optimal XDC constraints or non-optimal design architecture
Related violations: <none>

TIMING-16#551 Warning
Large setup violation  
There is a large setup violation of -5.525 ns between x_heep_system_i/core_v_mini_mcu_i/ao_peripheral_subsystem_i/obi_fifo_i/obi_req_fifo_i/mem_q_reg[0][addr][29]/C (clocked by sys_clk_pin) and x_heep_system_i/core_v_mini_mcu_i/ao_peripheral_subsystem_i/power_manager_i/power_manager_reg_top_i/u_cpu_switch_on_counter/q_reg[4]/CE (clocked by sys_clk_pin). Large setup violations at the end of those stages might be difficult to fix during the post-placement implementation flow and could be the result of non-optimal XDC constraints or non-optimal design architecture
Related violations: <none>

TIMING-16#552 Warning
Large setup violation  
There is a large setup violation of -5.525 ns between x_heep_system_i/core_v_mini_mcu_i/ao_peripheral_subsystem_i/obi_fifo_i/obi_req_fifo_i/mem_q_reg[0][addr][29]/C (clocked by sys_clk_pin) and x_heep_system_i/core_v_mini_mcu_i/ao_peripheral_subsystem_i/power_manager_i/power_manager_reg_top_i/u_cpu_switch_on_counter/q_reg[6]/CE (clocked by sys_clk_pin). Large setup violations at the end of those stages might be difficult to fix during the post-placement implementation flow and could be the result of non-optimal XDC constraints or non-optimal design architecture
Related violations: <none>

TIMING-16#553 Warning
Large setup violation  
There is a large setup violation of -5.529 ns between x_heep_system_i/core_v_mini_mcu_i/ao_peripheral_subsystem_i/obi_fifo_i/obi_req_fifo_i/mem_q_reg[0][addr][29]/C (clocked by sys_clk_pin) and x_heep_system_i/core_v_mini_mcu_i/ao_peripheral_subsystem_i/gpio_ao_i/i_reg_file/u_gpio_en_gpio_en_20/q_reg[0]/CE (clocked by sys_clk_pin). Large setup violations at the end of those stages might be difficult to fix during the post-placement implementation flow and could be the result of non-optimal XDC constraints or non-optimal design architecture
Related violations: <none>

TIMING-16#554 Warning
Large setup violation  
There is a large setup violation of -5.533 ns between x_heep_system_i/core_v_mini_mcu_i/ao_peripheral_subsystem_i/obi_fifo_i/obi_req_fifo_i/mem_q_reg[0][addr][29]/C (clocked by sys_clk_pin) and x_heep_system_i/core_v_mini_mcu_i/ao_peripheral_subsystem_i/power_manager_i/power_manager_reg_top_i/u_cpu_iso_off_counter/q_reg[22]/D (clocked by sys_clk_pin). Large setup violations at the end of those stages might be difficult to fix during the post-placement implementation flow and could be the result of non-optimal XDC constraints or non-optimal design architecture
Related violations: <none>

TIMING-16#555 Warning
Large setup violation  
There is a large setup violation of -5.533 ns between x_heep_system_i/core_v_mini_mcu_i/ao_peripheral_subsystem_i/obi_fifo_i/obi_req_fifo_i/mem_q_reg[0][addr][29]/C (clocked by sys_clk_pin) and x_heep_system_i/core_v_mini_mcu_i/ao_peripheral_subsystem_i/power_manager_i/power_manager_reg_top_i/u_cpu_iso_on_counter/q_reg[8]/D (clocked by sys_clk_pin). Large setup violations at the end of those stages might be difficult to fix during the post-placement implementation flow and could be the result of non-optimal XDC constraints or non-optimal design architecture
Related violations: <none>

TIMING-16#556 Warning
Large setup violation  
There is a large setup violation of -5.533 ns between x_heep_system_i/core_v_mini_mcu_i/ao_peripheral_subsystem_i/obi_fifo_i/obi_req_fifo_i/mem_q_reg[0][addr][29]/C (clocked by sys_clk_pin) and x_heep_system_i/core_v_mini_mcu_i/ao_peripheral_subsystem_i/power_manager_i/power_manager_reg_top_i/u_cpu_switch_off_counter/q_reg[3]/CE (clocked by sys_clk_pin). Large setup violations at the end of those stages might be difficult to fix during the post-placement implementation flow and could be the result of non-optimal XDC constraints or non-optimal design architecture
Related violations: <none>

TIMING-16#557 Warning
Large setup violation  
There is a large setup violation of -5.533 ns between x_heep_system_i/core_v_mini_mcu_i/ao_peripheral_subsystem_i/obi_fifo_i/obi_req_fifo_i/mem_q_reg[0][addr][29]/C (clocked by sys_clk_pin) and x_heep_system_i/core_v_mini_mcu_i/ao_peripheral_subsystem_i/power_manager_i/power_manager_reg_top_i/u_cpu_switch_off_counter/q_reg[4]/CE (clocked by sys_clk_pin). Large setup violations at the end of those stages might be difficult to fix during the post-placement implementation flow and could be the result of non-optimal XDC constraints or non-optimal design architecture
Related violations: <none>

TIMING-16#558 Warning
Large setup violation  
There is a large setup violation of -5.535 ns between x_heep_system_i/core_v_mini_mcu_i/ao_peripheral_subsystem_i/obi_fifo_i/obi_req_fifo_i/mem_q_reg[0][addr][29]/C (clocked by sys_clk_pin) and x_heep_system_i/core_v_mini_mcu_i/ao_peripheral_subsystem_i/power_manager_i/power_manager_reg_top_i/u_cpu_iso_on_counter/q_reg[7]/D (clocked by sys_clk_pin). Large setup violations at the end of those stages might be difficult to fix during the post-placement implementation flow and could be the result of non-optimal XDC constraints or non-optimal design architecture
Related violations: <none>

TIMING-16#559 Warning
Large setup violation  
There is a large setup violation of -5.538 ns between x_heep_system_i/core_v_mini_mcu_i/ao_peripheral_subsystem_i/obi_fifo_i/obi_req_fifo_i/mem_q_reg[0][addr][29]/C (clocked by sys_clk_pin) and x_heep_system_i/core_v_mini_mcu_i/ao_peripheral_subsystem_i/power_manager_i/power_manager_reg_top_i/u_cpu_iso_on_counter/q_reg[14]/D (clocked by sys_clk_pin). Large setup violations at the end of those stages might be difficult to fix during the post-placement implementation flow and could be the result of non-optimal XDC constraints or non-optimal design architecture
Related violations: <none>

TIMING-16#560 Warning
Large setup violation  
There is a large setup violation of -5.543 ns between x_heep_system_i/core_v_mini_mcu_i/ao_peripheral_subsystem_i/obi_fifo_i/obi_req_fifo_i/mem_q_reg[0][addr][29]/C (clocked by sys_clk_pin) and x_heep_system_i/core_v_mini_mcu_i/ao_peripheral_subsystem_i/power_manager_i/power_manager_reg_top_i/u_cpu_iso_off_counter/q_reg[14]/D (clocked by sys_clk_pin). Large setup violations at the end of those stages might be difficult to fix during the post-placement implementation flow and could be the result of non-optimal XDC constraints or non-optimal design architecture
Related violations: <none>

TIMING-16#561 Warning
Large setup violation  
There is a large setup violation of -5.546 ns between x_heep_system_i/core_v_mini_mcu_i/ao_peripheral_subsystem_i/obi_fifo_i/obi_req_fifo_i/mem_q_reg[0][addr][29]/C (clocked by sys_clk_pin) and x_heep_system_i/core_v_mini_mcu_i/ao_peripheral_subsystem_i/power_manager_i/power_manager_reg_top_i/u_cpu_counters_stop_cpu_iso_off_stop_bit_counter/q_reg[0]/CE (clocked by sys_clk_pin). Large setup violations at the end of those stages might be difficult to fix during the post-placement implementation flow and could be the result of non-optimal XDC constraints or non-optimal design architecture
Related violations: <none>

TIMING-16#562 Warning
Large setup violation  
There is a large setup violation of -5.546 ns between x_heep_system_i/core_v_mini_mcu_i/ao_peripheral_subsystem_i/obi_fifo_i/obi_req_fifo_i/mem_q_reg[0][addr][29]/C (clocked by sys_clk_pin) and x_heep_system_i/core_v_mini_mcu_i/ao_peripheral_subsystem_i/power_manager_i/power_manager_reg_top_i/u_cpu_counters_stop_cpu_iso_on_stop_bit_counter/q_reg[0]/CE (clocked by sys_clk_pin). Large setup violations at the end of those stages might be difficult to fix during the post-placement implementation flow and could be the result of non-optimal XDC constraints or non-optimal design architecture
Related violations: <none>

TIMING-16#563 Warning
Large setup violation  
There is a large setup violation of -5.546 ns between x_heep_system_i/core_v_mini_mcu_i/ao_peripheral_subsystem_i/obi_fifo_i/obi_req_fifo_i/mem_q_reg[0][addr][29]/C (clocked by sys_clk_pin) and x_heep_system_i/core_v_mini_mcu_i/ao_peripheral_subsystem_i/power_manager_i/power_manager_reg_top_i/u_cpu_counters_stop_cpu_reset_assert_stop_bit_counter/q_reg[0]/CE (clocked by sys_clk_pin). Large setup violations at the end of those stages might be difficult to fix during the post-placement implementation flow and could be the result of non-optimal XDC constraints or non-optimal design architecture
Related violations: <none>

TIMING-16#564 Warning
Large setup violation  
There is a large setup violation of -5.546 ns between x_heep_system_i/core_v_mini_mcu_i/ao_peripheral_subsystem_i/obi_fifo_i/obi_req_fifo_i/mem_q_reg[0][addr][29]/C (clocked by sys_clk_pin) and x_heep_system_i/core_v_mini_mcu_i/ao_peripheral_subsystem_i/power_manager_i/power_manager_reg_top_i/u_cpu_counters_stop_cpu_reset_deassert_stop_bit_counter/q_reg[0]/CE (clocked by sys_clk_pin). Large setup violations at the end of those stages might be difficult to fix during the post-placement implementation flow and could be the result of non-optimal XDC constraints or non-optimal design architecture
Related violations: <none>

TIMING-16#565 Warning
Large setup violation  
There is a large setup violation of -5.554 ns between x_heep_system_i/core_v_mini_mcu_i/ao_peripheral_subsystem_i/obi_fifo_i/obi_req_fifo_i/mem_q_reg[0][addr][29]/C (clocked by sys_clk_pin) and x_heep_system_i/core_v_mini_mcu_i/ao_peripheral_subsystem_i/power_manager_i/power_manager_reg_top_i/u_cpu_iso_on_counter/q_reg[26]/D (clocked by sys_clk_pin). Large setup violations at the end of those stages might be difficult to fix during the post-placement implementation flow and could be the result of non-optimal XDC constraints or non-optimal design architecture
Related violations: <none>

TIMING-16#566 Warning
Large setup violation  
There is a large setup violation of -5.556 ns between x_heep_system_i/core_v_mini_mcu_i/ao_peripheral_subsystem_i/obi_fifo_i/obi_req_fifo_i/mem_q_reg[0][addr][29]/C (clocked by sys_clk_pin) and x_heep_system_i/core_v_mini_mcu_i/ao_peripheral_subsystem_i/gpio_ao_i/i_reg_file/u_intrpt_fall_en_intrpt_fall_en_5/q_reg[0]/CE (clocked by sys_clk_pin). Large setup violations at the end of those stages might be difficult to fix during the post-placement implementation flow and could be the result of non-optimal XDC constraints or non-optimal design architecture
Related violations: <none>

TIMING-16#567 Warning
Large setup violation  
There is a large setup violation of -5.556 ns between x_heep_system_i/core_v_mini_mcu_i/ao_peripheral_subsystem_i/obi_fifo_i/obi_req_fifo_i/mem_q_reg[0][addr][29]/C (clocked by sys_clk_pin) and x_heep_system_i/core_v_mini_mcu_i/ao_peripheral_subsystem_i/power_manager_i/power_manager_reg_top_i/u_en_wait_for_intr/q_reg[20]/CE (clocked by sys_clk_pin). Large setup violations at the end of those stages might be difficult to fix during the post-placement implementation flow and could be the result of non-optimal XDC constraints or non-optimal design architecture
Related violations: <none>

TIMING-16#568 Warning
Large setup violation  
There is a large setup violation of -5.556 ns between x_heep_system_i/core_v_mini_mcu_i/ao_peripheral_subsystem_i/obi_fifo_i/obi_req_fifo_i/mem_q_reg[0][addr][29]/C (clocked by sys_clk_pin) and x_heep_system_i/core_v_mini_mcu_i/ao_peripheral_subsystem_i/power_manager_i/power_manager_reg_top_i/u_en_wait_for_intr/q_reg[21]/CE (clocked by sys_clk_pin). Large setup violations at the end of those stages might be difficult to fix during the post-placement implementation flow and could be the result of non-optimal XDC constraints or non-optimal design architecture
Related violations: <none>

TIMING-16#569 Warning
Large setup violation  
There is a large setup violation of -5.560 ns between x_heep_system_i/core_v_mini_mcu_i/ao_peripheral_subsystem_i/obi_fifo_i/obi_req_fifo_i/mem_q_reg[0][addr][29]/C (clocked by sys_clk_pin) and x_heep_system_i/core_v_mini_mcu_i/ao_peripheral_subsystem_i/gpio_ao_i/i_reg_file/u_intrpt_lvl_low_status_intrpt_lvl_low_status_26/q_reg[0]/D (clocked by sys_clk_pin). Large setup violations at the end of those stages might be difficult to fix during the post-placement implementation flow and could be the result of non-optimal XDC constraints or non-optimal design architecture
Related violations: <none>

TIMING-16#570 Warning
Large setup violation  
There is a large setup violation of -5.567 ns between x_heep_system_i/core_v_mini_mcu_i/ao_peripheral_subsystem_i/obi_fifo_i/obi_req_fifo_i/mem_q_reg[0][addr][29]/C (clocked by sys_clk_pin) and x_heep_system_i/core_v_mini_mcu_i/ao_peripheral_subsystem_i/power_manager_i/power_manager_reg_top_i/u_cpu_reset_assert_counter/q_reg[10]/D (clocked by sys_clk_pin). Large setup violations at the end of those stages might be difficult to fix during the post-placement implementation flow and could be the result of non-optimal XDC constraints or non-optimal design architecture
Related violations: <none>

TIMING-16#571 Warning
Large setup violation  
There is a large setup violation of -5.567 ns between x_heep_system_i/core_v_mini_mcu_i/ao_peripheral_subsystem_i/obi_fifo_i/obi_req_fifo_i/mem_q_reg[0][addr][29]/C (clocked by sys_clk_pin) and x_heep_system_i/core_v_mini_mcu_i/ao_peripheral_subsystem_i/power_manager_i/power_manager_reg_top_i/u_cpu_switch_on_counter/q_reg[17]/D (clocked by sys_clk_pin). Large setup violations at the end of those stages might be difficult to fix during the post-placement implementation flow and could be the result of non-optimal XDC constraints or non-optimal design architecture
Related violations: <none>

TIMING-16#572 Warning
Large setup violation  
There is a large setup violation of -5.575 ns between x_heep_system_i/core_v_mini_mcu_i/ao_peripheral_subsystem_i/obi_fifo_i/obi_req_fifo_i/mem_q_reg[0][addr][29]/C (clocked by sys_clk_pin) and x_heep_system_i/core_v_mini_mcu_i/ao_peripheral_subsystem_i/power_manager_i/power_manager_reg_top_i/u_en_wait_for_intr/q_reg[14]/CE (clocked by sys_clk_pin). Large setup violations at the end of those stages might be difficult to fix during the post-placement implementation flow and could be the result of non-optimal XDC constraints or non-optimal design architecture
Related violations: <none>

TIMING-16#573 Warning
Large setup violation  
There is a large setup violation of -5.575 ns between x_heep_system_i/core_v_mini_mcu_i/ao_peripheral_subsystem_i/obi_fifo_i/obi_req_fifo_i/mem_q_reg[0][addr][29]/C (clocked by sys_clk_pin) and x_heep_system_i/core_v_mini_mcu_i/ao_peripheral_subsystem_i/power_manager_i/power_manager_reg_top_i/u_en_wait_for_intr/q_reg[15]/CE (clocked by sys_clk_pin). Large setup violations at the end of those stages might be difficult to fix during the post-placement implementation flow and could be the result of non-optimal XDC constraints or non-optimal design architecture
Related violations: <none>

TIMING-16#574 Warning
Large setup violation  
There is a large setup violation of -5.575 ns between x_heep_system_i/core_v_mini_mcu_i/ao_peripheral_subsystem_i/obi_fifo_i/obi_req_fifo_i/mem_q_reg[0][addr][29]/C (clocked by sys_clk_pin) and x_heep_system_i/core_v_mini_mcu_i/ao_peripheral_subsystem_i/power_manager_i/power_manager_reg_top_i/u_en_wait_for_intr/q_reg[16]/CE (clocked by sys_clk_pin). Large setup violations at the end of those stages might be difficult to fix during the post-placement implementation flow and could be the result of non-optimal XDC constraints or non-optimal design architecture
Related violations: <none>

TIMING-16#575 Warning
Large setup violation  
There is a large setup violation of -5.576 ns between x_heep_system_i/core_v_mini_mcu_i/ao_peripheral_subsystem_i/obi_fifo_i/obi_req_fifo_i/mem_q_reg[0][addr][29]/C (clocked by sys_clk_pin) and x_heep_system_i/core_v_mini_mcu_i/ao_peripheral_subsystem_i/power_manager_i/power_manager_reg_top_i/u_cpu_iso_off_counter/q_reg[26]/D (clocked by sys_clk_pin). Large setup violations at the end of those stages might be difficult to fix during the post-placement implementation flow and could be the result of non-optimal XDC constraints or non-optimal design architecture
Related violations: <none>

TIMING-16#576 Warning
Large setup violation  
There is a large setup violation of -5.576 ns between x_heep_system_i/core_v_mini_mcu_i/ao_peripheral_subsystem_i/obi_fifo_i/obi_req_fifo_i/mem_q_reg[0][addr][29]/C (clocked by sys_clk_pin) and x_heep_system_i/core_v_mini_mcu_i/ao_peripheral_subsystem_i/power_manager_i/power_manager_reg_top_i/u_cpu_reset_assert_counter/q_reg[7]/D (clocked by sys_clk_pin). Large setup violations at the end of those stages might be difficult to fix during the post-placement implementation flow and could be the result of non-optimal XDC constraints or non-optimal design architecture
Related violations: <none>

TIMING-16#577 Warning
Large setup violation  
There is a large setup violation of -5.583 ns between x_heep_system_i/core_v_mini_mcu_i/ao_peripheral_subsystem_i/obi_fifo_i/obi_req_fifo_i/mem_q_reg[0][addr][29]/C (clocked by sys_clk_pin) and x_heep_system_i/core_v_mini_mcu_i/ao_peripheral_subsystem_i/power_manager_i/power_manager_reg_top_i/u_cpu_iso_off_counter/q_reg[15]/D (clocked by sys_clk_pin). Large setup violations at the end of those stages might be difficult to fix during the post-placement implementation flow and could be the result of non-optimal XDC constraints or non-optimal design architecture
Related violations: <none>

TIMING-16#578 Warning
Large setup violation  
There is a large setup violation of -5.585 ns between x_heep_system_i/core_v_mini_mcu_i/ao_peripheral_subsystem_i/obi_fifo_i/obi_req_fifo_i/mem_q_reg[0][addr][29]/C (clocked by sys_clk_pin) and x_heep_system_i/core_v_mini_mcu_i/ao_peripheral_subsystem_i/power_manager_i/power_manager_reg_top_i/u_cpu_counters_stop_cpu_switch_off_stop_bit_counter/q_reg[0]/D (clocked by sys_clk_pin). Large setup violations at the end of those stages might be difficult to fix during the post-placement implementation flow and could be the result of non-optimal XDC constraints or non-optimal design architecture
Related violations: <none>

TIMING-16#579 Warning
Large setup violation  
There is a large setup violation of -5.585 ns between x_heep_system_i/core_v_mini_mcu_i/ao_peripheral_subsystem_i/obi_fifo_i/obi_req_fifo_i/mem_q_reg[0][addr][29]/C (clocked by sys_clk_pin) and x_heep_system_i/core_v_mini_mcu_i/ao_peripheral_subsystem_i/power_manager_i/power_manager_reg_top_i/u_cpu_iso_off_counter/q_reg[12]/D (clocked by sys_clk_pin). Large setup violations at the end of those stages might be difficult to fix during the post-placement implementation flow and could be the result of non-optimal XDC constraints or non-optimal design architecture
Related violations: <none>

TIMING-16#580 Warning
Large setup violation  
There is a large setup violation of -5.586 ns between x_heep_system_i/core_v_mini_mcu_i/ao_peripheral_subsystem_i/obi_fifo_i/obi_req_fifo_i/mem_q_reg[0][addr][29]/C (clocked by sys_clk_pin) and x_heep_system_i/core_v_mini_mcu_i/ao_peripheral_subsystem_i/power_manager_i/power_manager_reg_top_i/u_cpu_reset_assert_counter/q_reg[5]/D (clocked by sys_clk_pin). Large setup violations at the end of those stages might be difficult to fix during the post-placement implementation flow and could be the result of non-optimal XDC constraints or non-optimal design architecture
Related violations: <none>

TIMING-16#581 Warning
Large setup violation  
There is a large setup violation of -5.588 ns between x_heep_system_i/core_v_mini_mcu_i/ao_peripheral_subsystem_i/obi_fifo_i/obi_req_fifo_i/mem_q_reg[0][addr][29]/C (clocked by sys_clk_pin) and x_heep_system_i/core_v_mini_mcu_i/ao_peripheral_subsystem_i/power_manager_i/power_manager_reg_top_i/u_cpu_switch_on_counter/q_reg[16]/D (clocked by sys_clk_pin). Large setup violations at the end of those stages might be difficult to fix during the post-placement implementation flow and could be the result of non-optimal XDC constraints or non-optimal design architecture
Related violations: <none>

TIMING-16#582 Warning
Large setup violation  
There is a large setup violation of -5.595 ns between x_heep_system_i/core_v_mini_mcu_i/ao_peripheral_subsystem_i/obi_fifo_i/obi_req_fifo_i/mem_q_reg[0][addr][29]/C (clocked by sys_clk_pin) and x_heep_system_i/core_v_mini_mcu_i/ao_peripheral_subsystem_i/power_manager_i/power_manager_reg_top_i/u_cpu_reset_deassert_counter/q_reg[2]/D (clocked by sys_clk_pin). Large setup violations at the end of those stages might be difficult to fix during the post-placement implementation flow and could be the result of non-optimal XDC constraints or non-optimal design architecture
Related violations: <none>

TIMING-16#583 Warning
Large setup violation  
There is a large setup violation of -5.595 ns between x_heep_system_i/core_v_mini_mcu_i/ao_peripheral_subsystem_i/obi_fifo_i/obi_req_fifo_i/mem_q_reg[0][addr][29]/C (clocked by sys_clk_pin) and x_heep_system_i/core_v_mini_mcu_i/ao_peripheral_subsystem_i/power_manager_i/power_manager_reg_top_i/u_cpu_reset_deassert_counter/q_reg[4]/D (clocked by sys_clk_pin). Large setup violations at the end of those stages might be difficult to fix during the post-placement implementation flow and could be the result of non-optimal XDC constraints or non-optimal design architecture
Related violations: <none>

TIMING-16#584 Warning
Large setup violation  
There is a large setup violation of -5.595 ns between x_heep_system_i/core_v_mini_mcu_i/ao_peripheral_subsystem_i/obi_fifo_i/obi_req_fifo_i/mem_q_reg[0][addr][29]/C (clocked by sys_clk_pin) and x_heep_system_i/core_v_mini_mcu_i/ao_peripheral_subsystem_i/power_manager_i/power_manager_reg_top_i/u_cpu_switch_off_counter/q_reg[29]/D (clocked by sys_clk_pin). Large setup violations at the end of those stages might be difficult to fix during the post-placement implementation flow and could be the result of non-optimal XDC constraints or non-optimal design architecture
Related violations: <none>

TIMING-16#585 Warning
Large setup violation  
There is a large setup violation of -5.597 ns between x_heep_system_i/core_v_mini_mcu_i/ao_peripheral_subsystem_i/obi_fifo_i/obi_req_fifo_i/mem_q_reg[0][addr][29]/C (clocked by sys_clk_pin) and x_heep_system_i/core_v_mini_mcu_i/ao_peripheral_subsystem_i/power_manager_i/power_manager_reg_top_i/u_cpu_reset_deassert_counter/q_reg[1]/D (clocked by sys_clk_pin). Large setup violations at the end of those stages might be difficult to fix during the post-placement implementation flow and could be the result of non-optimal XDC constraints or non-optimal design architecture
Related violations: <none>

TIMING-16#586 Warning
Large setup violation  
There is a large setup violation of -5.599 ns between x_heep_system_i/core_v_mini_mcu_i/ao_peripheral_subsystem_i/obi_fifo_i/obi_req_fifo_i/mem_q_reg[0][addr][29]/C (clocked by sys_clk_pin) and x_heep_system_i/core_v_mini_mcu_i/ao_peripheral_subsystem_i/power_manager_i/power_manager_reg_top_i/u_cpu_iso_on_counter/q_reg[18]/D (clocked by sys_clk_pin). Large setup violations at the end of those stages might be difficult to fix during the post-placement implementation flow and could be the result of non-optimal XDC constraints or non-optimal design architecture
Related violations: <none>

TIMING-16#587 Warning
Large setup violation  
There is a large setup violation of -5.601 ns between x_heep_system_i/core_v_mini_mcu_i/ao_peripheral_subsystem_i/obi_fifo_i/obi_req_fifo_i/mem_q_reg[0][addr][29]/C (clocked by sys_clk_pin) and x_heep_system_i/core_v_mini_mcu_i/ao_peripheral_subsystem_i/power_manager_i/power_manager_reg_top_i/u_cpu_iso_on_counter/q_reg[1]/CE (clocked by sys_clk_pin). Large setup violations at the end of those stages might be difficult to fix during the post-placement implementation flow and could be the result of non-optimal XDC constraints or non-optimal design architecture
Related violations: <none>

TIMING-16#588 Warning
Large setup violation  
There is a large setup violation of -5.601 ns between x_heep_system_i/core_v_mini_mcu_i/ao_peripheral_subsystem_i/obi_fifo_i/obi_req_fifo_i/mem_q_reg[0][addr][29]/C (clocked by sys_clk_pin) and x_heep_system_i/core_v_mini_mcu_i/ao_peripheral_subsystem_i/power_manager_i/power_manager_reg_top_i/u_cpu_iso_on_counter/q_reg[2]/CE (clocked by sys_clk_pin). Large setup violations at the end of those stages might be difficult to fix during the post-placement implementation flow and could be the result of non-optimal XDC constraints or non-optimal design architecture
Related violations: <none>

TIMING-16#589 Warning
Large setup violation  
There is a large setup violation of -5.605 ns between x_heep_system_i/core_v_mini_mcu_i/ao_peripheral_subsystem_i/obi_fifo_i/obi_req_fifo_i/mem_q_reg[0][addr][29]/C (clocked by sys_clk_pin) and x_heep_system_i/core_v_mini_mcu_i/ao_peripheral_subsystem_i/power_manager_i/power_manager_reg_top_i/u_cpu_reset_deassert_counter/q_reg[3]/D (clocked by sys_clk_pin). Large setup violations at the end of those stages might be difficult to fix during the post-placement implementation flow and could be the result of non-optimal XDC constraints or non-optimal design architecture
Related violations: <none>

TIMING-16#590 Warning
Large setup violation  
There is a large setup violation of -5.607 ns between x_heep_system_i/core_v_mini_mcu_i/ao_peripheral_subsystem_i/obi_fifo_i/obi_req_fifo_i/mem_q_reg[0][addr][29]/C (clocked by sys_clk_pin) and x_heep_system_i/core_v_mini_mcu_i/ao_peripheral_subsystem_i/gpio_ao_i/i_reg_file/u_intrpt_fall_status_intrpt_fall_status_5/q_reg[0]/D (clocked by sys_clk_pin). Large setup violations at the end of those stages might be difficult to fix during the post-placement implementation flow and could be the result of non-optimal XDC constraints or non-optimal design architecture
Related violations: <none>

TIMING-16#591 Warning
Large setup violation  
There is a large setup violation of -5.618 ns between x_heep_system_i/core_v_mini_mcu_i/ao_peripheral_subsystem_i/obi_fifo_i/obi_req_fifo_i/mem_q_reg[0][addr][29]/C (clocked by sys_clk_pin) and x_heep_system_i/core_v_mini_mcu_i/ao_peripheral_subsystem_i/power_manager_i/power_manager_reg_top_i/u_cpu_reset_assert_counter/q_reg[9]/D (clocked by sys_clk_pin). Large setup violations at the end of those stages might be difficult to fix during the post-placement implementation flow and could be the result of non-optimal XDC constraints or non-optimal design architecture
Related violations: <none>

TIMING-16#592 Warning
Large setup violation  
There is a large setup violation of -5.618 ns between x_heep_system_i/core_v_mini_mcu_i/ao_peripheral_subsystem_i/obi_fifo_i/obi_req_fifo_i/mem_q_reg[0][addr][29]/C (clocked by sys_clk_pin) and x_heep_system_i/core_v_mini_mcu_i/ao_peripheral_subsystem_i/power_manager_i/power_manager_reg_top_i/u_cpu_switch_off_counter/q_reg[0]/CE (clocked by sys_clk_pin). Large setup violations at the end of those stages might be difficult to fix during the post-placement implementation flow and could be the result of non-optimal XDC constraints or non-optimal design architecture
Related violations: <none>

TIMING-16#593 Warning
Large setup violation  
There is a large setup violation of -5.618 ns between x_heep_system_i/core_v_mini_mcu_i/ao_peripheral_subsystem_i/obi_fifo_i/obi_req_fifo_i/mem_q_reg[0][addr][29]/C (clocked by sys_clk_pin) and x_heep_system_i/core_v_mini_mcu_i/ao_peripheral_subsystem_i/power_manager_i/power_manager_reg_top_i/u_cpu_switch_off_counter/q_reg[1]/CE (clocked by sys_clk_pin). Large setup violations at the end of those stages might be difficult to fix during the post-placement implementation flow and could be the result of non-optimal XDC constraints or non-optimal design architecture
Related violations: <none>

TIMING-16#594 Warning
Large setup violation  
There is a large setup violation of -5.620 ns between x_heep_system_i/core_v_mini_mcu_i/ao_peripheral_subsystem_i/obi_fifo_i/obi_req_fifo_i/mem_q_reg[0][addr][29]/C (clocked by sys_clk_pin) and x_heep_system_i/core_v_mini_mcu_i/ao_peripheral_subsystem_i/power_manager_i/power_manager_reg_top_i/u_cpu_iso_off_counter/q_reg[29]/D (clocked by sys_clk_pin). Large setup violations at the end of those stages might be difficult to fix during the post-placement implementation flow and could be the result of non-optimal XDC constraints or non-optimal design architecture
Related violations: <none>

TIMING-16#595 Warning
Large setup violation  
There is a large setup violation of -5.620 ns between x_heep_system_i/core_v_mini_mcu_i/ao_peripheral_subsystem_i/obi_fifo_i/obi_req_fifo_i/mem_q_reg[0][addr][29]/C (clocked by sys_clk_pin) and x_heep_system_i/core_v_mini_mcu_i/ao_peripheral_subsystem_i/power_manager_i/power_manager_reg_top_i/u_cpu_reset_assert_counter/q_reg[8]/D (clocked by sys_clk_pin). Large setup violations at the end of those stages might be difficult to fix during the post-placement implementation flow and could be the result of non-optimal XDC constraints or non-optimal design architecture
Related violations: <none>

TIMING-16#596 Warning
Large setup violation  
There is a large setup violation of -5.621 ns between x_heep_system_i/core_v_mini_mcu_i/ao_peripheral_subsystem_i/obi_fifo_i/obi_req_fifo_i/mem_q_reg[0][addr][29]/C (clocked by sys_clk_pin) and x_heep_system_i/core_v_mini_mcu_i/ao_peripheral_subsystem_i/power_manager_i/power_manager_reg_top_i/u_cpu_switch_off_counter/q_reg[25]/D (clocked by sys_clk_pin). Large setup violations at the end of those stages might be difficult to fix during the post-placement implementation flow and could be the result of non-optimal XDC constraints or non-optimal design architecture
Related violations: <none>

TIMING-16#597 Warning
Large setup violation  
There is a large setup violation of -5.621 ns between x_heep_system_i/core_v_mini_mcu_i/ao_peripheral_subsystem_i/obi_fifo_i/obi_req_fifo_i/mem_q_reg[0][addr][29]/C (clocked by sys_clk_pin) and x_heep_system_i/core_v_mini_mcu_i/ao_peripheral_subsystem_i/power_manager_i/power_manager_reg_top_i/u_cpu_switch_on_counter/q_reg[2]/CE (clocked by sys_clk_pin). Large setup violations at the end of those stages might be difficult to fix during the post-placement implementation flow and could be the result of non-optimal XDC constraints or non-optimal design architecture
Related violations: <none>

TIMING-16#598 Warning
Large setup violation  
There is a large setup violation of -5.622 ns between x_heep_system_i/core_v_mini_mcu_i/ao_peripheral_subsystem_i/obi_fifo_i/obi_req_fifo_i/mem_q_reg[0][addr][29]/C (clocked by sys_clk_pin) and x_heep_system_i/core_v_mini_mcu_i/ao_peripheral_subsystem_i/power_manager_i/power_manager_reg_top_i/u_en_wait_for_intr/q_reg[10]/CE (clocked by sys_clk_pin). Large setup violations at the end of those stages might be difficult to fix during the post-placement implementation flow and could be the result of non-optimal XDC constraints or non-optimal design architecture
Related violations: <none>

TIMING-16#599 Warning
Large setup violation  
There is a large setup violation of -5.622 ns between x_heep_system_i/core_v_mini_mcu_i/ao_peripheral_subsystem_i/obi_fifo_i/obi_req_fifo_i/mem_q_reg[0][addr][29]/C (clocked by sys_clk_pin) and x_heep_system_i/core_v_mini_mcu_i/ao_peripheral_subsystem_i/power_manager_i/power_manager_reg_top_i/u_en_wait_for_intr/q_reg[11]/CE (clocked by sys_clk_pin). Large setup violations at the end of those stages might be difficult to fix during the post-placement implementation flow and could be the result of non-optimal XDC constraints or non-optimal design architecture
Related violations: <none>

TIMING-16#600 Warning
Large setup violation  
There is a large setup violation of -5.623 ns between x_heep_system_i/core_v_mini_mcu_i/ao_peripheral_subsystem_i/obi_fifo_i/obi_req_fifo_i/mem_q_reg[0][addr][29]/C (clocked by sys_clk_pin) and x_heep_system_i/core_v_mini_mcu_i/ao_peripheral_subsystem_i/power_manager_i/power_manager_reg_top_i/u_cpu_iso_on_counter/q_reg[20]/D (clocked by sys_clk_pin). Large setup violations at the end of those stages might be difficult to fix during the post-placement implementation flow and could be the result of non-optimal XDC constraints or non-optimal design architecture
Related violations: <none>

TIMING-16#601 Warning
Large setup violation  
There is a large setup violation of -5.626 ns between x_heep_system_i/core_v_mini_mcu_i/ao_peripheral_subsystem_i/obi_fifo_i/obi_req_fifo_i/mem_q_reg[0][addr][29]/C (clocked by sys_clk_pin) and x_heep_system_i/core_v_mini_mcu_i/ao_peripheral_subsystem_i/gpio_ao_i/i_reg_file/u_intrpt_lvl_high_status_intrpt_lvl_high_status_2/q_reg[0]/D (clocked by sys_clk_pin). Large setup violations at the end of those stages might be difficult to fix during the post-placement implementation flow and could be the result of non-optimal XDC constraints or non-optimal design architecture
Related violations: <none>

TIMING-16#602 Warning
Large setup violation  
There is a large setup violation of -5.629 ns between x_heep_system_i/core_v_mini_mcu_i/ao_peripheral_subsystem_i/obi_fifo_i/obi_req_fifo_i/mem_q_reg[0][addr][29]/C (clocked by sys_clk_pin) and x_heep_system_i/core_v_mini_mcu_i/ao_peripheral_subsystem_i/power_manager_i/power_manager_reg_top_i/u_cpu_iso_on_counter/q_reg[0]/CE (clocked by sys_clk_pin). Large setup violations at the end of those stages might be difficult to fix during the post-placement implementation flow and could be the result of non-optimal XDC constraints or non-optimal design architecture
Related violations: <none>

TIMING-16#603 Warning
Large setup violation  
There is a large setup violation of -5.629 ns between x_heep_system_i/core_v_mini_mcu_i/ao_peripheral_subsystem_i/obi_fifo_i/obi_req_fifo_i/mem_q_reg[0][addr][29]/C (clocked by sys_clk_pin) and x_heep_system_i/core_v_mini_mcu_i/ao_peripheral_subsystem_i/power_manager_i/power_manager_reg_top_i/u_cpu_reset_assert_counter/q_reg[19]/D (clocked by sys_clk_pin). Large setup violations at the end of those stages might be difficult to fix during the post-placement implementation flow and could be the result of non-optimal XDC constraints or non-optimal design architecture
Related violations: <none>

TIMING-16#604 Warning
Large setup violation  
There is a large setup violation of -5.636 ns between x_heep_system_i/core_v_mini_mcu_i/ao_peripheral_subsystem_i/obi_fifo_i/obi_req_fifo_i/mem_q_reg[0][addr][29]/C (clocked by sys_clk_pin) and x_heep_system_i/core_v_mini_mcu_i/ao_peripheral_subsystem_i/power_manager_i/power_manager_reg_top_i/u_cpu_iso_off_counter/q_reg[31]/D (clocked by sys_clk_pin). Large setup violations at the end of those stages might be difficult to fix during the post-placement implementation flow and could be the result of non-optimal XDC constraints or non-optimal design architecture
Related violations: <none>

TIMING-16#605 Warning
Large setup violation  
There is a large setup violation of -5.636 ns between x_heep_system_i/core_v_mini_mcu_i/ao_peripheral_subsystem_i/obi_fifo_i/obi_req_fifo_i/mem_q_reg[0][addr][29]/C (clocked by sys_clk_pin) and x_heep_system_i/core_v_mini_mcu_i/ao_peripheral_subsystem_i/power_manager_i/power_manager_reg_top_i/u_cpu_switch_on_counter/q_reg[23]/D (clocked by sys_clk_pin). Large setup violations at the end of those stages might be difficult to fix during the post-placement implementation flow and could be the result of non-optimal XDC constraints or non-optimal design architecture
Related violations: <none>

TIMING-16#606 Warning
Large setup violation  
There is a large setup violation of -5.641 ns between x_heep_system_i/core_v_mini_mcu_i/ao_peripheral_subsystem_i/obi_fifo_i/obi_req_fifo_i/mem_q_reg[0][addr][29]/C (clocked by sys_clk_pin) and x_heep_system_i/core_v_mini_mcu_i/ao_peripheral_subsystem_i/gpio_ao_i/i_reg_file/u_gpio_out_gpio_out_0/q_reg[0]/D (clocked by sys_clk_pin). Large setup violations at the end of those stages might be difficult to fix during the post-placement implementation flow and could be the result of non-optimal XDC constraints or non-optimal design architecture
Related violations: <none>

TIMING-16#607 Warning
Large setup violation  
There is a large setup violation of -5.641 ns between x_heep_system_i/core_v_mini_mcu_i/ao_peripheral_subsystem_i/obi_fifo_i/obi_req_fifo_i/mem_q_reg[0][addr][29]/C (clocked by sys_clk_pin) and x_heep_system_i/core_v_mini_mcu_i/ao_peripheral_subsystem_i/power_manager_i/power_manager_reg_top_i/u_cpu_iso_on_counter/q_reg[15]/D (clocked by sys_clk_pin). Large setup violations at the end of those stages might be difficult to fix during the post-placement implementation flow and could be the result of non-optimal XDC constraints or non-optimal design architecture
Related violations: <none>

TIMING-16#608 Warning
Large setup violation  
There is a large setup violation of -5.643 ns between x_heep_system_i/core_v_mini_mcu_i/ao_peripheral_subsystem_i/obi_fifo_i/obi_req_fifo_i/mem_q_reg[0][addr][29]/C (clocked by sys_clk_pin) and x_heep_system_i/core_v_mini_mcu_i/ao_peripheral_subsystem_i/power_manager_i/power_manager_reg_top_i/u_cpu_reset_assert_counter/q_reg[12]/D (clocked by sys_clk_pin). Large setup violations at the end of those stages might be difficult to fix during the post-placement implementation flow and could be the result of non-optimal XDC constraints or non-optimal design architecture
Related violations: <none>

TIMING-16#609 Warning
Large setup violation  
There is a large setup violation of -5.643 ns between x_heep_system_i/core_v_mini_mcu_i/ao_peripheral_subsystem_i/obi_fifo_i/obi_req_fifo_i/mem_q_reg[0][addr][29]/C (clocked by sys_clk_pin) and x_heep_system_i/core_v_mini_mcu_i/ao_peripheral_subsystem_i/power_manager_i/power_manager_reg_top_i/u_cpu_reset_assert_counter/q_reg[30]/D (clocked by sys_clk_pin). Large setup violations at the end of those stages might be difficult to fix during the post-placement implementation flow and could be the result of non-optimal XDC constraints or non-optimal design architecture
Related violations: <none>

TIMING-16#610 Warning
Large setup violation  
There is a large setup violation of -5.644 ns between x_heep_system_i/core_v_mini_mcu_i/ao_peripheral_subsystem_i/obi_fifo_i/obi_req_fifo_i/mem_q_reg[0][addr][29]/C (clocked by sys_clk_pin) and x_heep_system_i/core_v_mini_mcu_i/ao_peripheral_subsystem_i/power_manager_i/power_manager_reg_top_i/u_cpu_reset_deassert_counter/q_reg[6]/D (clocked by sys_clk_pin). Large setup violations at the end of those stages might be difficult to fix during the post-placement implementation flow and could be the result of non-optimal XDC constraints or non-optimal design architecture
Related violations: <none>

TIMING-16#611 Warning
Large setup violation  
There is a large setup violation of -5.645 ns between x_heep_system_i/core_v_mini_mcu_i/ao_peripheral_subsystem_i/obi_fifo_i/obi_req_fifo_i/mem_q_reg[0][addr][29]/C (clocked by sys_clk_pin) and x_heep_system_i/core_v_mini_mcu_i/ao_peripheral_subsystem_i/power_manager_i/power_manager_reg_top_i/u_cpu_switch_off_counter/q_reg[31]/D (clocked by sys_clk_pin). Large setup violations at the end of those stages might be difficult to fix during the post-placement implementation flow and could be the result of non-optimal XDC constraints or non-optimal design architecture
Related violations: <none>

TIMING-16#612 Warning
Large setup violation  
There is a large setup violation of -5.648 ns between x_heep_system_i/core_v_mini_mcu_i/ao_peripheral_subsystem_i/obi_fifo_i/obi_req_fifo_i/mem_q_reg[0][addr][29]/C (clocked by sys_clk_pin) and x_heep_system_i/core_v_mini_mcu_i/ao_peripheral_subsystem_i/power_manager_i/power_manager_reg_top_i/u_en_wait_for_intr/q_reg[12]/CE (clocked by sys_clk_pin). Large setup violations at the end of those stages might be difficult to fix during the post-placement implementation flow and could be the result of non-optimal XDC constraints or non-optimal design architecture
Related violations: <none>

TIMING-16#613 Warning
Large setup violation  
There is a large setup violation of -5.648 ns between x_heep_system_i/core_v_mini_mcu_i/ao_peripheral_subsystem_i/obi_fifo_i/obi_req_fifo_i/mem_q_reg[0][addr][29]/C (clocked by sys_clk_pin) and x_heep_system_i/core_v_mini_mcu_i/ao_peripheral_subsystem_i/power_manager_i/power_manager_reg_top_i/u_en_wait_for_intr/q_reg[13]/CE (clocked by sys_clk_pin). Large setup violations at the end of those stages might be difficult to fix during the post-placement implementation flow and could be the result of non-optimal XDC constraints or non-optimal design architecture
Related violations: <none>

TIMING-16#614 Warning
Large setup violation  
There is a large setup violation of -5.652 ns between x_heep_system_i/core_v_mini_mcu_i/ao_peripheral_subsystem_i/obi_fifo_i/obi_req_fifo_i/mem_q_reg[0][addr][29]/C (clocked by sys_clk_pin) and x_heep_system_i/core_v_mini_mcu_i/ao_peripheral_subsystem_i/power_manager_i/power_manager_reg_top_i/u_cpu_iso_on_counter/q_reg[22]/D (clocked by sys_clk_pin). Large setup violations at the end of those stages might be difficult to fix during the post-placement implementation flow and could be the result of non-optimal XDC constraints or non-optimal design architecture
Related violations: <none>

TIMING-16#615 Warning
Large setup violation  
There is a large setup violation of -5.653 ns between x_heep_system_i/core_v_mini_mcu_i/ao_peripheral_subsystem_i/obi_fifo_i/obi_req_fifo_i/mem_q_reg[0][addr][29]/C (clocked by sys_clk_pin) and x_heep_system_i/core_v_mini_mcu_i/ao_peripheral_subsystem_i/power_manager_i/power_manager_reg_top_i/u_cpu_switch_off_counter/q_reg[22]/D (clocked by sys_clk_pin). Large setup violations at the end of those stages might be difficult to fix during the post-placement implementation flow and could be the result of non-optimal XDC constraints or non-optimal design architecture
Related violations: <none>

TIMING-16#616 Warning
Large setup violation  
There is a large setup violation of -5.653 ns between x_heep_system_i/core_v_mini_mcu_i/ao_peripheral_subsystem_i/obi_fifo_i/obi_req_fifo_i/mem_q_reg[0][addr][29]/C (clocked by sys_clk_pin) and x_heep_system_i/core_v_mini_mcu_i/ao_peripheral_subsystem_i/power_manager_i/power_manager_reg_top_i/u_cpu_switch_on_counter/q_reg[1]/CE (clocked by sys_clk_pin). Large setup violations at the end of those stages might be difficult to fix during the post-placement implementation flow and could be the result of non-optimal XDC constraints or non-optimal design architecture
Related violations: <none>

TIMING-16#617 Warning
Large setup violation  
There is a large setup violation of -5.653 ns between x_heep_system_i/core_v_mini_mcu_i/ao_peripheral_subsystem_i/obi_fifo_i/obi_req_fifo_i/mem_q_reg[0][addr][29]/C (clocked by sys_clk_pin) and x_heep_system_i/core_v_mini_mcu_i/ao_peripheral_subsystem_i/power_manager_i/power_manager_reg_top_i/u_cpu_switch_on_counter/q_reg[3]/CE (clocked by sys_clk_pin). Large setup violations at the end of those stages might be difficult to fix during the post-placement implementation flow and could be the result of non-optimal XDC constraints or non-optimal design architecture
Related violations: <none>

TIMING-16#618 Warning
Large setup violation  
There is a large setup violation of -5.654 ns between x_heep_system_i/core_v_mini_mcu_i/ao_peripheral_subsystem_i/obi_fifo_i/obi_req_fifo_i/mem_q_reg[0][addr][29]/C (clocked by sys_clk_pin) and x_heep_system_i/core_v_mini_mcu_i/ao_peripheral_subsystem_i/power_manager_i/power_manager_reg_top_i/u_cpu_iso_on_counter/q_reg[5]/CE (clocked by sys_clk_pin). Large setup violations at the end of those stages might be difficult to fix during the post-placement implementation flow and could be the result of non-optimal XDC constraints or non-optimal design architecture
Related violations: <none>

TIMING-16#619 Warning
Large setup violation  
There is a large setup violation of -5.654 ns between x_heep_system_i/core_v_mini_mcu_i/ao_peripheral_subsystem_i/obi_fifo_i/obi_req_fifo_i/mem_q_reg[0][addr][29]/C (clocked by sys_clk_pin) and x_heep_system_i/core_v_mini_mcu_i/ao_peripheral_subsystem_i/power_manager_i/power_manager_reg_top_i/u_cpu_iso_on_counter/q_reg[6]/CE (clocked by sys_clk_pin). Large setup violations at the end of those stages might be difficult to fix during the post-placement implementation flow and could be the result of non-optimal XDC constraints or non-optimal design architecture
Related violations: <none>

TIMING-16#620 Warning
Large setup violation  
There is a large setup violation of -5.654 ns between x_heep_system_i/core_v_mini_mcu_i/ao_peripheral_subsystem_i/obi_fifo_i/obi_req_fifo_i/mem_q_reg[0][addr][29]/C (clocked by sys_clk_pin) and x_heep_system_i/core_v_mini_mcu_i/ao_peripheral_subsystem_i/power_manager_i/power_manager_reg_top_i/u_cpu_iso_on_counter/q_reg[7]/CE (clocked by sys_clk_pin). Large setup violations at the end of those stages might be difficult to fix during the post-placement implementation flow and could be the result of non-optimal XDC constraints or non-optimal design architecture
Related violations: <none>

TIMING-16#621 Warning
Large setup violation  
There is a large setup violation of -5.654 ns between x_heep_system_i/core_v_mini_mcu_i/ao_peripheral_subsystem_i/obi_fifo_i/obi_req_fifo_i/mem_q_reg[0][addr][29]/C (clocked by sys_clk_pin) and x_heep_system_i/core_v_mini_mcu_i/ao_peripheral_subsystem_i/power_manager_i/power_manager_reg_top_i/u_cpu_iso_on_counter/q_reg[8]/CE (clocked by sys_clk_pin). Large setup violations at the end of those stages might be difficult to fix during the post-placement implementation flow and could be the result of non-optimal XDC constraints or non-optimal design architecture
Related violations: <none>

TIMING-16#622 Warning
Large setup violation  
There is a large setup violation of -5.655 ns between x_heep_system_i/core_v_mini_mcu_i/ao_peripheral_subsystem_i/obi_fifo_i/obi_req_fifo_i/mem_q_reg[0][addr][29]/C (clocked by sys_clk_pin) and x_heep_system_i/core_v_mini_mcu_i/ao_peripheral_subsystem_i/power_manager_i/power_manager_reg_top_i/u_cpu_iso_on_counter/q_reg[23]/D (clocked by sys_clk_pin). Large setup violations at the end of those stages might be difficult to fix during the post-placement implementation flow and could be the result of non-optimal XDC constraints or non-optimal design architecture
Related violations: <none>

TIMING-16#623 Warning
Large setup violation  
There is a large setup violation of -5.656 ns between x_heep_system_i/core_v_mini_mcu_i/ao_peripheral_subsystem_i/obi_fifo_i/obi_req_fifo_i/mem_q_reg[0][addr][29]/C (clocked by sys_clk_pin) and x_heep_system_i/core_v_mini_mcu_i/ao_peripheral_subsystem_i/gpio_ao_i/i_reg_file/u_intrpt_lvl_high_status_intrpt_lvl_high_status_28/q_reg[0]/D (clocked by sys_clk_pin). Large setup violations at the end of those stages might be difficult to fix during the post-placement implementation flow and could be the result of non-optimal XDC constraints or non-optimal design architecture
Related violations: <none>

TIMING-16#624 Warning
Large setup violation  
There is a large setup violation of -5.656 ns between x_heep_system_i/core_v_mini_mcu_i/ao_peripheral_subsystem_i/obi_fifo_i/obi_req_fifo_i/mem_q_reg[0][addr][29]/C (clocked by sys_clk_pin) and x_heep_system_i/core_v_mini_mcu_i/ao_peripheral_subsystem_i/power_manager_i/power_manager_reg_top_i/u_cpu_iso_off_counter/q_reg[24]/D (clocked by sys_clk_pin). Large setup violations at the end of those stages might be difficult to fix during the post-placement implementation flow and could be the result of non-optimal XDC constraints or non-optimal design architecture
Related violations: <none>

TIMING-16#625 Warning
Large setup violation  
There is a large setup violation of -5.656 ns between x_heep_system_i/core_v_mini_mcu_i/ao_peripheral_subsystem_i/obi_fifo_i/obi_req_fifo_i/mem_q_reg[0][addr][29]/C (clocked by sys_clk_pin) and x_heep_system_i/core_v_mini_mcu_i/ao_peripheral_subsystem_i/power_manager_i/power_manager_reg_top_i/u_cpu_reset_deassert_counter/q_reg[5]/D (clocked by sys_clk_pin). Large setup violations at the end of those stages might be difficult to fix during the post-placement implementation flow and could be the result of non-optimal XDC constraints or non-optimal design architecture
Related violations: <none>

TIMING-16#626 Warning
Large setup violation  
There is a large setup violation of -5.658 ns between x_heep_system_i/core_v_mini_mcu_i/ao_peripheral_subsystem_i/obi_fifo_i/obi_req_fifo_i/mem_q_reg[0][addr][29]/C (clocked by sys_clk_pin) and x_heep_system_i/core_v_mini_mcu_i/ao_peripheral_subsystem_i/gpio_ao_i/i_reg_file/u_intrpt_rise_status_intrpt_rise_status_17/q_reg[0]/D (clocked by sys_clk_pin). Large setup violations at the end of those stages might be difficult to fix during the post-placement implementation flow and could be the result of non-optimal XDC constraints or non-optimal design architecture
Related violations: <none>

TIMING-16#627 Warning
Large setup violation  
There is a large setup violation of -5.658 ns between x_heep_system_i/core_v_mini_mcu_i/ao_peripheral_subsystem_i/obi_fifo_i/obi_req_fifo_i/mem_q_reg[0][addr][29]/C (clocked by sys_clk_pin) and x_heep_system_i/core_v_mini_mcu_i/ao_peripheral_subsystem_i/power_manager_i/power_manager_reg_top_i/u_cpu_iso_on_counter/q_reg[29]/D (clocked by sys_clk_pin). Large setup violations at the end of those stages might be difficult to fix during the post-placement implementation flow and could be the result of non-optimal XDC constraints or non-optimal design architecture
Related violations: <none>

TIMING-16#628 Warning
Large setup violation  
There is a large setup violation of -5.661 ns between x_heep_system_i/core_v_mini_mcu_i/ao_peripheral_subsystem_i/obi_fifo_i/obi_req_fifo_i/mem_q_reg[0][addr][29]/C (clocked by sys_clk_pin) and x_heep_system_i/core_v_mini_mcu_i/ao_peripheral_subsystem_i/power_manager_i/power_manager_reg_top_i/u_cpu_iso_off_counter/q_reg[23]/D (clocked by sys_clk_pin). Large setup violations at the end of those stages might be difficult to fix during the post-placement implementation flow and could be the result of non-optimal XDC constraints or non-optimal design architecture
Related violations: <none>

TIMING-16#629 Warning
Large setup violation  
There is a large setup violation of -5.662 ns between x_heep_system_i/core_v_mini_mcu_i/ao_peripheral_subsystem_i/obi_fifo_i/obi_req_fifo_i/mem_q_reg[0][addr][29]/C (clocked by sys_clk_pin) and x_heep_system_i/core_v_mini_mcu_i/ao_peripheral_subsystem_i/power_manager_i/power_manager_reg_top_i/u_cpu_reset_deassert_counter/q_reg[7]/D (clocked by sys_clk_pin). Large setup violations at the end of those stages might be difficult to fix during the post-placement implementation flow and could be the result of non-optimal XDC constraints or non-optimal design architecture
Related violations: <none>

TIMING-16#630 Warning
Large setup violation  
There is a large setup violation of -5.663 ns between x_heep_system_i/core_v_mini_mcu_i/ao_peripheral_subsystem_i/obi_fifo_i/obi_req_fifo_i/mem_q_reg[0][addr][29]/C (clocked by sys_clk_pin) and x_heep_system_i/core_v_mini_mcu_i/ao_peripheral_subsystem_i/gpio_ao_i/i_reg_file/u_intrpt_rise_status_intrpt_rise_status_0/q_reg[0]/D (clocked by sys_clk_pin). Large setup violations at the end of those stages might be difficult to fix during the post-placement implementation flow and could be the result of non-optimal XDC constraints or non-optimal design architecture
Related violations: <none>

TIMING-16#631 Warning
Large setup violation  
There is a large setup violation of -5.663 ns between x_heep_system_i/core_v_mini_mcu_i/ao_peripheral_subsystem_i/obi_fifo_i/obi_req_fifo_i/mem_q_reg[0][addr][29]/C (clocked by sys_clk_pin) and x_heep_system_i/core_v_mini_mcu_i/ao_peripheral_subsystem_i/power_manager_i/power_manager_reg_top_i/u_cpu_switch_on_counter/q_reg[8]/CE (clocked by sys_clk_pin). Large setup violations at the end of those stages might be difficult to fix during the post-placement implementation flow and could be the result of non-optimal XDC constraints or non-optimal design architecture
Related violations: <none>

TIMING-16#632 Warning
Large setup violation  
There is a large setup violation of -5.664 ns between x_heep_system_i/core_v_mini_mcu_i/ao_peripheral_subsystem_i/obi_fifo_i/obi_req_fifo_i/mem_q_reg[0][addr][29]/C (clocked by sys_clk_pin) and x_heep_system_i/core_v_mini_mcu_i/ao_peripheral_subsystem_i/power_manager_i/power_manager_reg_top_i/u_cpu_counters_stop_cpu_switch_off_stop_bit_counter/q_reg[0]/CE (clocked by sys_clk_pin). Large setup violations at the end of those stages might be difficult to fix during the post-placement implementation flow and could be the result of non-optimal XDC constraints or non-optimal design architecture
Related violations: <none>

TIMING-16#633 Warning
Large setup violation  
There is a large setup violation of -5.664 ns between x_heep_system_i/core_v_mini_mcu_i/ao_peripheral_subsystem_i/obi_fifo_i/obi_req_fifo_i/mem_q_reg[0][addr][29]/C (clocked by sys_clk_pin) and x_heep_system_i/core_v_mini_mcu_i/ao_peripheral_subsystem_i/power_manager_i/power_manager_reg_top_i/u_cpu_counters_stop_cpu_switch_on_stop_bit_counter/q_reg[0]/CE (clocked by sys_clk_pin). Large setup violations at the end of those stages might be difficult to fix during the post-placement implementation flow and could be the result of non-optimal XDC constraints or non-optimal design architecture
Related violations: <none>

TIMING-16#634 Warning
Large setup violation  
There is a large setup violation of -5.665 ns between x_heep_system_i/core_v_mini_mcu_i/ao_peripheral_subsystem_i/obi_fifo_i/obi_req_fifo_i/mem_q_reg[0][addr][29]/C (clocked by sys_clk_pin) and x_heep_system_i/core_v_mini_mcu_i/ao_peripheral_subsystem_i/gpio_ao_i/i_reg_file/u_gpio_en_gpio_en_10/q_reg[0]/CE (clocked by sys_clk_pin). Large setup violations at the end of those stages might be difficult to fix during the post-placement implementation flow and could be the result of non-optimal XDC constraints or non-optimal design architecture
Related violations: <none>

TIMING-16#635 Warning
Large setup violation  
There is a large setup violation of -5.665 ns between x_heep_system_i/core_v_mini_mcu_i/ao_peripheral_subsystem_i/obi_fifo_i/obi_req_fifo_i/mem_q_reg[0][addr][29]/C (clocked by sys_clk_pin) and x_heep_system_i/core_v_mini_mcu_i/ao_peripheral_subsystem_i/gpio_ao_i/i_reg_file/u_gpio_en_gpio_en_25/q_reg[0]/CE (clocked by sys_clk_pin). Large setup violations at the end of those stages might be difficult to fix during the post-placement implementation flow and could be the result of non-optimal XDC constraints or non-optimal design architecture
Related violations: <none>

TIMING-16#636 Warning
Large setup violation  
There is a large setup violation of -5.668 ns between x_heep_system_i/core_v_mini_mcu_i/ao_peripheral_subsystem_i/obi_fifo_i/obi_req_fifo_i/mem_q_reg[0][addr][29]/C (clocked by sys_clk_pin) and x_heep_system_i/core_v_mini_mcu_i/ao_peripheral_subsystem_i/power_manager_i/power_manager_reg_top_i/u_cpu_iso_on_counter/q_reg[10]/D (clocked by sys_clk_pin). Large setup violations at the end of those stages might be difficult to fix during the post-placement implementation flow and could be the result of non-optimal XDC constraints or non-optimal design architecture
Related violations: <none>

TIMING-16#637 Warning
Large setup violation  
There is a large setup violation of -5.670 ns between x_heep_system_i/core_v_mini_mcu_i/ao_peripheral_subsystem_i/obi_fifo_i/obi_req_fifo_i/mem_q_reg[0][addr][29]/C (clocked by sys_clk_pin) and x_heep_system_i/core_v_mini_mcu_i/ao_peripheral_subsystem_i/gpio_ao_i/i_reg_file/u_intrpt_lvl_low_status_intrpt_lvl_low_status_21/q_reg[0]/D (clocked by sys_clk_pin). Large setup violations at the end of those stages might be difficult to fix during the post-placement implementation flow and could be the result of non-optimal XDC constraints or non-optimal design architecture
Related violations: <none>

TIMING-16#638 Warning
Large setup violation  
There is a large setup violation of -5.671 ns between x_heep_system_i/core_v_mini_mcu_i/ao_peripheral_subsystem_i/obi_fifo_i/obi_req_fifo_i/mem_q_reg[0][addr][29]/C (clocked by sys_clk_pin) and x_heep_system_i/core_v_mini_mcu_i/ao_peripheral_subsystem_i/power_manager_i/power_manager_reg_top_i/u_cpu_switch_off_counter/q_reg[6]/CE (clocked by sys_clk_pin). Large setup violations at the end of those stages might be difficult to fix during the post-placement implementation flow and could be the result of non-optimal XDC constraints or non-optimal design architecture
Related violations: <none>

TIMING-16#639 Warning
Large setup violation  
There is a large setup violation of -5.671 ns between x_heep_system_i/core_v_mini_mcu_i/ao_peripheral_subsystem_i/obi_fifo_i/obi_req_fifo_i/mem_q_reg[0][addr][29]/C (clocked by sys_clk_pin) and x_heep_system_i/core_v_mini_mcu_i/ao_peripheral_subsystem_i/power_manager_i/power_manager_reg_top_i/u_cpu_switch_off_counter/q_reg[8]/CE (clocked by sys_clk_pin). Large setup violations at the end of those stages might be difficult to fix during the post-placement implementation flow and could be the result of non-optimal XDC constraints or non-optimal design architecture
Related violations: <none>

TIMING-16#640 Warning
Large setup violation  
There is a large setup violation of -5.672 ns between x_heep_system_i/core_v_mini_mcu_i/ao_peripheral_subsystem_i/obi_fifo_i/obi_req_fifo_i/mem_q_reg[0][addr][29]/C (clocked by sys_clk_pin) and x_heep_system_i/core_v_mini_mcu_i/ao_peripheral_subsystem_i/power_manager_i/power_manager_reg_top_i/u_cpu_switch_on_counter/q_reg[22]/D (clocked by sys_clk_pin). Large setup violations at the end of those stages might be difficult to fix during the post-placement implementation flow and could be the result of non-optimal XDC constraints or non-optimal design architecture
Related violations: <none>

TIMING-16#641 Warning
Large setup violation  
There is a large setup violation of -5.673 ns between x_heep_system_i/core_v_mini_mcu_i/ao_peripheral_subsystem_i/obi_fifo_i/obi_req_fifo_i/mem_q_reg[0][addr][29]/C (clocked by sys_clk_pin) and x_heep_system_i/core_v_mini_mcu_i/ao_peripheral_subsystem_i/gpio_ao_i/i_reg_file/u_gpio_en_gpio_en_27/q_reg[0]/CE (clocked by sys_clk_pin). Large setup violations at the end of those stages might be difficult to fix during the post-placement implementation flow and could be the result of non-optimal XDC constraints or non-optimal design architecture
Related violations: <none>

TIMING-16#642 Warning
Large setup violation  
There is a large setup violation of -5.673 ns between x_heep_system_i/core_v_mini_mcu_i/ao_peripheral_subsystem_i/obi_fifo_i/obi_req_fifo_i/mem_q_reg[0][addr][29]/C (clocked by sys_clk_pin) and x_heep_system_i/core_v_mini_mcu_i/ao_peripheral_subsystem_i/gpio_ao_i/i_reg_file/u_gpio_en_gpio_en_29/q_reg[0]/CE (clocked by sys_clk_pin). Large setup violations at the end of those stages might be difficult to fix during the post-placement implementation flow and could be the result of non-optimal XDC constraints or non-optimal design architecture
Related violations: <none>

TIMING-16#643 Warning
Large setup violation  
There is a large setup violation of -5.673 ns between x_heep_system_i/core_v_mini_mcu_i/ao_peripheral_subsystem_i/obi_fifo_i/obi_req_fifo_i/mem_q_reg[0][addr][29]/C (clocked by sys_clk_pin) and x_heep_system_i/core_v_mini_mcu_i/ao_peripheral_subsystem_i/gpio_ao_i/i_reg_file/u_gpio_en_gpio_en_30/q_reg[0]/CE (clocked by sys_clk_pin). Large setup violations at the end of those stages might be difficult to fix during the post-placement implementation flow and could be the result of non-optimal XDC constraints or non-optimal design architecture
Related violations: <none>

TIMING-16#644 Warning
Large setup violation  
There is a large setup violation of -5.673 ns between x_heep_system_i/core_v_mini_mcu_i/ao_peripheral_subsystem_i/obi_fifo_i/obi_req_fifo_i/mem_q_reg[0][addr][29]/C (clocked by sys_clk_pin) and x_heep_system_i/core_v_mini_mcu_i/ao_peripheral_subsystem_i/gpio_ao_i/i_reg_file/u_gpio_en_gpio_en_31/q_reg[0]/CE (clocked by sys_clk_pin). Large setup violations at the end of those stages might be difficult to fix during the post-placement implementation flow and could be the result of non-optimal XDC constraints or non-optimal design architecture
Related violations: <none>

TIMING-16#645 Warning
Large setup violation  
There is a large setup violation of -5.679 ns between x_heep_system_i/core_v_mini_mcu_i/ao_peripheral_subsystem_i/obi_fifo_i/obi_req_fifo_i/mem_q_reg[0][addr][29]/C (clocked by sys_clk_pin) and x_heep_system_i/core_v_mini_mcu_i/ao_peripheral_subsystem_i/power_manager_i/power_manager_reg_top_i/u_en_wait_for_intr/q_reg[18]/CE (clocked by sys_clk_pin). Large setup violations at the end of those stages might be difficult to fix during the post-placement implementation flow and could be the result of non-optimal XDC constraints or non-optimal design architecture
Related violations: <none>

TIMING-16#646 Warning
Large setup violation  
There is a large setup violation of -5.680 ns between x_heep_system_i/core_v_mini_mcu_i/ao_peripheral_subsystem_i/obi_fifo_i/obi_req_fifo_i/mem_q_reg[0][addr][29]/C (clocked by sys_clk_pin) and x_heep_system_i/core_v_mini_mcu_i/ao_peripheral_subsystem_i/gpio_ao_i/i_reg_file/u_intrpt_lvl_low_status_intrpt_lvl_low_status_19/q_reg[0]/D (clocked by sys_clk_pin). Large setup violations at the end of those stages might be difficult to fix during the post-placement implementation flow and could be the result of non-optimal XDC constraints or non-optimal design architecture
Related violations: <none>

TIMING-16#647 Warning
Large setup violation  
There is a large setup violation of -5.681 ns between x_heep_system_i/core_v_mini_mcu_i/ao_peripheral_subsystem_i/obi_fifo_i/obi_req_fifo_i/mem_q_reg[0][addr][29]/C (clocked by sys_clk_pin) and x_heep_system_i/core_v_mini_mcu_i/ao_peripheral_subsystem_i/power_manager_i/power_manager_reg_top_i/u_cpu_reset_deassert_counter/q_reg[21]/D (clocked by sys_clk_pin). Large setup violations at the end of those stages might be difficult to fix during the post-placement implementation flow and could be the result of non-optimal XDC constraints or non-optimal design architecture
Related violations: <none>

TIMING-16#648 Warning
Large setup violation  
There is a large setup violation of -5.686 ns between x_heep_system_i/core_v_mini_mcu_i/ao_peripheral_subsystem_i/obi_fifo_i/obi_req_fifo_i/mem_q_reg[0][addr][29]/C (clocked by sys_clk_pin) and x_heep_system_i/core_v_mini_mcu_i/ao_peripheral_subsystem_i/gpio_ao_i/i_reg_file/u_intrpt_lvl_low_status_intrpt_lvl_low_status_17/q_reg[0]/D (clocked by sys_clk_pin). Large setup violations at the end of those stages might be difficult to fix during the post-placement implementation flow and could be the result of non-optimal XDC constraints or non-optimal design architecture
Related violations: <none>

TIMING-16#649 Warning
Large setup violation  
There is a large setup violation of -5.699 ns between x_heep_system_i/core_v_mini_mcu_i/ao_peripheral_subsystem_i/obi_fifo_i/obi_req_fifo_i/mem_q_reg[0][addr][29]/C (clocked by sys_clk_pin) and x_heep_system_i/core_v_mini_mcu_i/ao_peripheral_subsystem_i/power_manager_i/power_manager_reg_top_i/u_cpu_iso_on_counter/q_reg[4]/CE (clocked by sys_clk_pin). Large setup violations at the end of those stages might be difficult to fix during the post-placement implementation flow and could be the result of non-optimal XDC constraints or non-optimal design architecture
Related violations: <none>

TIMING-16#650 Warning
Large setup violation  
There is a large setup violation of -5.701 ns between x_heep_system_i/core_v_mini_mcu_i/ao_peripheral_subsystem_i/obi_fifo_i/obi_req_fifo_i/mem_q_reg[0][addr][29]/C (clocked by sys_clk_pin) and x_heep_system_i/core_v_mini_mcu_i/ao_peripheral_subsystem_i/power_manager_i/power_manager_reg_top_i/u_cpu_switch_off_counter/q_reg[21]/CE (clocked by sys_clk_pin). Large setup violations at the end of those stages might be difficult to fix during the post-placement implementation flow and could be the result of non-optimal XDC constraints or non-optimal design architecture
Related violations: <none>

TIMING-16#651 Warning
Large setup violation  
There is a large setup violation of -5.701 ns between x_heep_system_i/core_v_mini_mcu_i/ao_peripheral_subsystem_i/obi_fifo_i/obi_req_fifo_i/mem_q_reg[0][addr][29]/C (clocked by sys_clk_pin) and x_heep_system_i/core_v_mini_mcu_i/ao_peripheral_subsystem_i/power_manager_i/power_manager_reg_top_i/u_cpu_switch_off_counter/q_reg[23]/CE (clocked by sys_clk_pin). Large setup violations at the end of those stages might be difficult to fix during the post-placement implementation flow and could be the result of non-optimal XDC constraints or non-optimal design architecture
Related violations: <none>

TIMING-16#652 Warning
Large setup violation  
There is a large setup violation of -5.703 ns between x_heep_system_i/core_v_mini_mcu_i/ao_peripheral_subsystem_i/obi_fifo_i/obi_req_fifo_i/mem_q_reg[0][addr][29]/C (clocked by sys_clk_pin) and x_heep_system_i/core_v_mini_mcu_i/ao_peripheral_subsystem_i/power_manager_i/power_manager_reg_top_i/u_cpu_iso_on_counter/q_reg[28]/D (clocked by sys_clk_pin). Large setup violations at the end of those stages might be difficult to fix during the post-placement implementation flow and could be the result of non-optimal XDC constraints or non-optimal design architecture
Related violations: <none>

TIMING-16#653 Warning
Large setup violation  
There is a large setup violation of -5.705 ns between x_heep_system_i/core_v_mini_mcu_i/ao_peripheral_subsystem_i/obi_fifo_i/obi_req_fifo_i/mem_q_reg[0][addr][29]/C (clocked by sys_clk_pin) and x_heep_system_i/core_v_mini_mcu_i/ao_peripheral_subsystem_i/power_manager_i/power_manager_reg_top_i/u_cpu_reset_assert_counter/q_reg[3]/CE (clocked by sys_clk_pin). Large setup violations at the end of those stages might be difficult to fix during the post-placement implementation flow and could be the result of non-optimal XDC constraints or non-optimal design architecture
Related violations: <none>

TIMING-16#654 Warning
Large setup violation  
There is a large setup violation of -5.705 ns between x_heep_system_i/core_v_mini_mcu_i/ao_peripheral_subsystem_i/obi_fifo_i/obi_req_fifo_i/mem_q_reg[0][addr][29]/C (clocked by sys_clk_pin) and x_heep_system_i/core_v_mini_mcu_i/ao_peripheral_subsystem_i/power_manager_i/power_manager_reg_top_i/u_cpu_reset_assert_counter/q_reg[4]/CE (clocked by sys_clk_pin). Large setup violations at the end of those stages might be difficult to fix during the post-placement implementation flow and could be the result of non-optimal XDC constraints or non-optimal design architecture
Related violations: <none>

TIMING-16#655 Warning
Large setup violation  
There is a large setup violation of -5.706 ns between x_heep_system_i/core_v_mini_mcu_i/ao_peripheral_subsystem_i/obi_fifo_i/obi_req_fifo_i/mem_q_reg[0][addr][29]/C (clocked by sys_clk_pin) and x_heep_system_i/core_v_mini_mcu_i/ao_peripheral_subsystem_i/power_manager_i/power_manager_reg_top_i/u_en_wait_for_intr/q_reg[15]/D (clocked by sys_clk_pin). Large setup violations at the end of those stages might be difficult to fix during the post-placement implementation flow and could be the result of non-optimal XDC constraints or non-optimal design architecture
Related violations: <none>

TIMING-16#656 Warning
Large setup violation  
There is a large setup violation of -5.711 ns between x_heep_system_i/core_v_mini_mcu_i/ao_peripheral_subsystem_i/obi_fifo_i/obi_req_fifo_i/mem_q_reg[0][addr][29]/C (clocked by sys_clk_pin) and x_heep_system_i/core_v_mini_mcu_i/ao_peripheral_subsystem_i/power_manager_i/power_manager_reg_top_i/u_cpu_iso_on_counter/q_reg[27]/D (clocked by sys_clk_pin). Large setup violations at the end of those stages might be difficult to fix during the post-placement implementation flow and could be the result of non-optimal XDC constraints or non-optimal design architecture
Related violations: <none>

TIMING-16#657 Warning
Large setup violation  
There is a large setup violation of -5.711 ns between x_heep_system_i/core_v_mini_mcu_i/ao_peripheral_subsystem_i/obi_fifo_i/obi_req_fifo_i/mem_q_reg[0][addr][29]/C (clocked by sys_clk_pin) and x_heep_system_i/core_v_mini_mcu_i/ao_peripheral_subsystem_i/power_manager_i/power_manager_reg_top_i/u_cpu_reset_deassert_counter/q_reg[11]/D (clocked by sys_clk_pin). Large setup violations at the end of those stages might be difficult to fix during the post-placement implementation flow and could be the result of non-optimal XDC constraints or non-optimal design architecture
Related violations: <none>

TIMING-16#658 Warning
Large setup violation  
There is a large setup violation of -5.712 ns between x_heep_system_i/core_v_mini_mcu_i/ao_peripheral_subsystem_i/obi_fifo_i/obi_req_fifo_i/mem_q_reg[0][addr][29]/C (clocked by sys_clk_pin) and x_heep_system_i/core_v_mini_mcu_i/ao_peripheral_subsystem_i/gpio_ao_i/i_reg_file/u_intrpt_lvl_high_status_intrpt_lvl_high_status_7/q_reg[0]/D (clocked by sys_clk_pin). Large setup violations at the end of those stages might be difficult to fix during the post-placement implementation flow and could be the result of non-optimal XDC constraints or non-optimal design architecture
Related violations: <none>

TIMING-16#659 Warning
Large setup violation  
There is a large setup violation of -5.719 ns between x_heep_system_i/core_v_mini_mcu_i/ao_peripheral_subsystem_i/obi_fifo_i/obi_req_fifo_i/mem_q_reg[0][addr][29]/C (clocked by sys_clk_pin) and x_heep_system_i/core_v_mini_mcu_i/ao_peripheral_subsystem_i/power_manager_i/power_manager_reg_top_i/u_cpu_iso_off_counter/q_reg[19]/D (clocked by sys_clk_pin). Large setup violations at the end of those stages might be difficult to fix during the post-placement implementation flow and could be the result of non-optimal XDC constraints or non-optimal design architecture
Related violations: <none>

TIMING-16#660 Warning
Large setup violation  
There is a large setup violation of -5.721 ns between x_heep_system_i/core_v_mini_mcu_i/ao_peripheral_subsystem_i/obi_fifo_i/obi_req_fifo_i/mem_q_reg[0][addr][29]/C (clocked by sys_clk_pin) and x_heep_system_i/core_v_mini_mcu_i/ao_peripheral_subsystem_i/gpio_ao_i/i_reg_file/u_gpio_en_gpio_en_8/q_reg[0]/CE (clocked by sys_clk_pin). Large setup violations at the end of those stages might be difficult to fix during the post-placement implementation flow and could be the result of non-optimal XDC constraints or non-optimal design architecture
Related violations: <none>

TIMING-16#661 Warning
Large setup violation  
There is a large setup violation of -5.721 ns between x_heep_system_i/core_v_mini_mcu_i/ao_peripheral_subsystem_i/obi_fifo_i/obi_req_fifo_i/mem_q_reg[0][addr][29]/C (clocked by sys_clk_pin) and x_heep_system_i/core_v_mini_mcu_i/ao_peripheral_subsystem_i/power_manager_i/power_manager_reg_top_i/u_cpu_iso_off_counter/q_reg[18]/D (clocked by sys_clk_pin). Large setup violations at the end of those stages might be difficult to fix during the post-placement implementation flow and could be the result of non-optimal XDC constraints or non-optimal design architecture
Related violations: <none>

TIMING-16#662 Warning
Large setup violation  
There is a large setup violation of -5.721 ns between x_heep_system_i/core_v_mini_mcu_i/ao_peripheral_subsystem_i/obi_fifo_i/obi_req_fifo_i/mem_q_reg[0][addr][29]/C (clocked by sys_clk_pin) and x_heep_system_i/core_v_mini_mcu_i/ao_peripheral_subsystem_i/power_manager_i/power_manager_reg_top_i/u_cpu_iso_on_counter/q_reg[3]/CE (clocked by sys_clk_pin). Large setup violations at the end of those stages might be difficult to fix during the post-placement implementation flow and could be the result of non-optimal XDC constraints or non-optimal design architecture
Related violations: <none>

TIMING-16#663 Warning
Large setup violation  
There is a large setup violation of -5.722 ns between x_heep_system_i/core_v_mini_mcu_i/ao_peripheral_subsystem_i/obi_fifo_i/obi_req_fifo_i/mem_q_reg[0][addr][29]/C (clocked by sys_clk_pin) and x_heep_system_i/core_v_mini_mcu_i/ao_peripheral_subsystem_i/power_manager_i/power_manager_reg_top_i/u_cpu_iso_on_counter/q_reg[11]/D (clocked by sys_clk_pin). Large setup violations at the end of those stages might be difficult to fix during the post-placement implementation flow and could be the result of non-optimal XDC constraints or non-optimal design architecture
Related violations: <none>

TIMING-16#664 Warning
Large setup violation  
There is a large setup violation of -5.729 ns between x_heep_system_i/core_v_mini_mcu_i/ao_peripheral_subsystem_i/obi_fifo_i/obi_req_fifo_i/mem_q_reg[0][addr][29]/C (clocked by sys_clk_pin) and x_heep_system_i/core_v_mini_mcu_i/ao_peripheral_subsystem_i/power_manager_i/power_manager_reg_top_i/u_cpu_switch_on_counter/q_reg[19]/D (clocked by sys_clk_pin). Large setup violations at the end of those stages might be difficult to fix during the post-placement implementation flow and could be the result of non-optimal XDC constraints or non-optimal design architecture
Related violations: <none>

TIMING-16#665 Warning
Large setup violation  
There is a large setup violation of -5.731 ns between x_heep_system_i/core_v_mini_mcu_i/ao_peripheral_subsystem_i/obi_fifo_i/obi_req_fifo_i/mem_q_reg[0][addr][29]/C (clocked by sys_clk_pin) and x_heep_system_i/core_v_mini_mcu_i/ao_peripheral_subsystem_i/power_manager_i/power_manager_reg_top_i/u_cpu_switch_on_counter/q_reg[18]/D (clocked by sys_clk_pin). Large setup violations at the end of those stages might be difficult to fix during the post-placement implementation flow and could be the result of non-optimal XDC constraints or non-optimal design architecture
Related violations: <none>

TIMING-16#666 Warning
Large setup violation  
There is a large setup violation of -5.732 ns between x_heep_system_i/core_v_mini_mcu_i/ao_peripheral_subsystem_i/obi_fifo_i/obi_req_fifo_i/mem_q_reg[0][addr][29]/C (clocked by sys_clk_pin) and x_heep_system_i/core_v_mini_mcu_i/ao_peripheral_subsystem_i/power_manager_i/power_manager_reg_top_i/u_cpu_switch_off_counter/q_reg[10]/CE (clocked by sys_clk_pin). Large setup violations at the end of those stages might be difficult to fix during the post-placement implementation flow and could be the result of non-optimal XDC constraints or non-optimal design architecture
Related violations: <none>

TIMING-16#667 Warning
Large setup violation  
There is a large setup violation of -5.732 ns between x_heep_system_i/core_v_mini_mcu_i/ao_peripheral_subsystem_i/obi_fifo_i/obi_req_fifo_i/mem_q_reg[0][addr][29]/C (clocked by sys_clk_pin) and x_heep_system_i/core_v_mini_mcu_i/ao_peripheral_subsystem_i/power_manager_i/power_manager_reg_top_i/u_cpu_switch_off_counter/q_reg[11]/CE (clocked by sys_clk_pin). Large setup violations at the end of those stages might be difficult to fix during the post-placement implementation flow and could be the result of non-optimal XDC constraints or non-optimal design architecture
Related violations: <none>

TIMING-16#668 Warning
Large setup violation  
There is a large setup violation of -5.732 ns between x_heep_system_i/core_v_mini_mcu_i/ao_peripheral_subsystem_i/obi_fifo_i/obi_req_fifo_i/mem_q_reg[0][addr][29]/C (clocked by sys_clk_pin) and x_heep_system_i/core_v_mini_mcu_i/ao_peripheral_subsystem_i/power_manager_i/power_manager_reg_top_i/u_cpu_switch_off_counter/q_reg[12]/CE (clocked by sys_clk_pin). Large setup violations at the end of those stages might be difficult to fix during the post-placement implementation flow and could be the result of non-optimal XDC constraints or non-optimal design architecture
Related violations: <none>

TIMING-16#669 Warning
Large setup violation  
There is a large setup violation of -5.732 ns between x_heep_system_i/core_v_mini_mcu_i/ao_peripheral_subsystem_i/obi_fifo_i/obi_req_fifo_i/mem_q_reg[0][addr][29]/C (clocked by sys_clk_pin) and x_heep_system_i/core_v_mini_mcu_i/ao_peripheral_subsystem_i/power_manager_i/power_manager_reg_top_i/u_cpu_switch_on_counter/q_reg[21]/D (clocked by sys_clk_pin). Large setup violations at the end of those stages might be difficult to fix during the post-placement implementation flow and could be the result of non-optimal XDC constraints or non-optimal design architecture
Related violations: <none>

TIMING-16#670 Warning
Large setup violation  
There is a large setup violation of -5.737 ns between x_heep_system_i/core_v_mini_mcu_i/ao_peripheral_subsystem_i/obi_fifo_i/obi_req_fifo_i/mem_q_reg[0][addr][29]/C (clocked by sys_clk_pin) and x_heep_system_i/core_v_mini_mcu_i/ao_peripheral_subsystem_i/gpio_ao_i/i_reg_file/u_gpio_out_gpio_out_4/q_reg[0]/D (clocked by sys_clk_pin). Large setup violations at the end of those stages might be difficult to fix during the post-placement implementation flow and could be the result of non-optimal XDC constraints or non-optimal design architecture
Related violations: <none>

TIMING-16#671 Warning
Large setup violation  
There is a large setup violation of -5.737 ns between x_heep_system_i/core_v_mini_mcu_i/ao_peripheral_subsystem_i/obi_fifo_i/obi_req_fifo_i/mem_q_reg[0][addr][29]/C (clocked by sys_clk_pin) and x_heep_system_i/core_v_mini_mcu_i/ao_peripheral_subsystem_i/power_manager_i/power_manager_reg_top_i/u_cpu_reset_assert_counter/q_reg[15]/D (clocked by sys_clk_pin). Large setup violations at the end of those stages might be difficult to fix during the post-placement implementation flow and could be the result of non-optimal XDC constraints or non-optimal design architecture
Related violations: <none>

TIMING-16#672 Warning
Large setup violation  
There is a large setup violation of -5.738 ns between x_heep_system_i/core_v_mini_mcu_i/ao_peripheral_subsystem_i/obi_fifo_i/obi_req_fifo_i/mem_q_reg[0][addr][29]/C (clocked by sys_clk_pin) and x_heep_system_i/core_v_mini_mcu_i/ao_peripheral_subsystem_i/gpio_ao_i/i_reg_file/u_gpio_en_gpio_en_11/q_reg[0]/CE (clocked by sys_clk_pin). Large setup violations at the end of those stages might be difficult to fix during the post-placement implementation flow and could be the result of non-optimal XDC constraints or non-optimal design architecture
Related violations: <none>

TIMING-16#673 Warning
Large setup violation  
There is a large setup violation of -5.740 ns between x_heep_system_i/core_v_mini_mcu_i/ao_peripheral_subsystem_i/obi_fifo_i/obi_req_fifo_i/mem_q_reg[0][addr][29]/C (clocked by sys_clk_pin) and x_heep_system_i/core_v_mini_mcu_i/ao_peripheral_subsystem_i/gpio_ao_i/i_reg_file/u_gpio_en_gpio_en_17/q_reg[0]/CE (clocked by sys_clk_pin). Large setup violations at the end of those stages might be difficult to fix during the post-placement implementation flow and could be the result of non-optimal XDC constraints or non-optimal design architecture
Related violations: <none>

TIMING-16#674 Warning
Large setup violation  
There is a large setup violation of -5.740 ns between x_heep_system_i/core_v_mini_mcu_i/ao_peripheral_subsystem_i/obi_fifo_i/obi_req_fifo_i/mem_q_reg[0][addr][29]/C (clocked by sys_clk_pin) and x_heep_system_i/core_v_mini_mcu_i/ao_peripheral_subsystem_i/gpio_ao_i/i_reg_file/u_gpio_en_gpio_en_3/q_reg[0]/CE (clocked by sys_clk_pin). Large setup violations at the end of those stages might be difficult to fix during the post-placement implementation flow and could be the result of non-optimal XDC constraints or non-optimal design architecture
Related violations: <none>

TIMING-16#675 Warning
Large setup violation  
There is a large setup violation of -5.740 ns between x_heep_system_i/core_v_mini_mcu_i/ao_peripheral_subsystem_i/obi_fifo_i/obi_req_fifo_i/mem_q_reg[0][addr][29]/C (clocked by sys_clk_pin) and x_heep_system_i/core_v_mini_mcu_i/ao_peripheral_subsystem_i/gpio_ao_i/i_reg_file/u_gpio_en_gpio_en_4/q_reg[0]/CE (clocked by sys_clk_pin). Large setup violations at the end of those stages might be difficult to fix during the post-placement implementation flow and could be the result of non-optimal XDC constraints or non-optimal design architecture
Related violations: <none>

TIMING-16#676 Warning
Large setup violation  
There is a large setup violation of -5.740 ns between x_heep_system_i/core_v_mini_mcu_i/ao_peripheral_subsystem_i/obi_fifo_i/obi_req_fifo_i/mem_q_reg[0][addr][29]/C (clocked by sys_clk_pin) and x_heep_system_i/core_v_mini_mcu_i/ao_peripheral_subsystem_i/gpio_ao_i/i_reg_file/u_intrpt_lvl_high_status_intrpt_lvl_high_status_4/q_reg[0]/D (clocked by sys_clk_pin). Large setup violations at the end of those stages might be difficult to fix during the post-placement implementation flow and could be the result of non-optimal XDC constraints or non-optimal design architecture
Related violations: <none>

TIMING-16#677 Warning
Large setup violation  
There is a large setup violation of -5.740 ns between x_heep_system_i/core_v_mini_mcu_i/ao_peripheral_subsystem_i/obi_fifo_i/obi_req_fifo_i/mem_q_reg[0][addr][29]/C (clocked by sys_clk_pin) and x_heep_system_i/core_v_mini_mcu_i/ao_peripheral_subsystem_i/power_manager_i/power_manager_reg_top_i/u_cpu_switch_off_counter/q_reg[16]/D (clocked by sys_clk_pin). Large setup violations at the end of those stages might be difficult to fix during the post-placement implementation flow and could be the result of non-optimal XDC constraints or non-optimal design architecture
Related violations: <none>

TIMING-16#678 Warning
Large setup violation  
There is a large setup violation of -5.741 ns between x_heep_system_i/core_v_mini_mcu_i/ao_peripheral_subsystem_i/obi_fifo_i/obi_req_fifo_i/mem_q_reg[0][addr][29]/C (clocked by sys_clk_pin) and x_heep_system_i/core_v_mini_mcu_i/ao_peripheral_subsystem_i/power_manager_i/power_manager_reg_top_i/u_cpu_reset_assert_counter/q_reg[14]/D (clocked by sys_clk_pin). Large setup violations at the end of those stages might be difficult to fix during the post-placement implementation flow and could be the result of non-optimal XDC constraints or non-optimal design architecture
Related violations: <none>

TIMING-16#679 Warning
Large setup violation  
There is a large setup violation of -5.741 ns between x_heep_system_i/core_v_mini_mcu_i/ao_peripheral_subsystem_i/obi_fifo_i/obi_req_fifo_i/mem_q_reg[0][addr][29]/C (clocked by sys_clk_pin) and x_heep_system_i/core_v_mini_mcu_i/ao_peripheral_subsystem_i/power_manager_i/power_manager_reg_top_i/u_cpu_reset_assert_counter/q_reg[28]/D (clocked by sys_clk_pin). Large setup violations at the end of those stages might be difficult to fix during the post-placement implementation flow and could be the result of non-optimal XDC constraints or non-optimal design architecture
Related violations: <none>

TIMING-16#680 Warning
Large setup violation  
There is a large setup violation of -5.742 ns between x_heep_system_i/core_v_mini_mcu_i/ao_peripheral_subsystem_i/obi_fifo_i/obi_req_fifo_i/mem_q_reg[0][addr][29]/C (clocked by sys_clk_pin) and x_heep_system_i/core_v_mini_mcu_i/ao_peripheral_subsystem_i/power_manager_i/power_manager_reg_top_i/u_cpu_reset_assert_counter/q_reg[11]/D (clocked by sys_clk_pin). Large setup violations at the end of those stages might be difficult to fix during the post-placement implementation flow and could be the result of non-optimal XDC constraints or non-optimal design architecture
Related violations: <none>

TIMING-16#681 Warning
Large setup violation  
There is a large setup violation of -5.743 ns between x_heep_system_i/core_v_mini_mcu_i/ao_peripheral_subsystem_i/obi_fifo_i/obi_req_fifo_i/mem_q_reg[0][addr][29]/C (clocked by sys_clk_pin) and x_heep_system_i/core_v_mini_mcu_i/ao_peripheral_subsystem_i/power_manager_i/power_manager_reg_top_i/u_cpu_reset_assert_counter/q_reg[13]/D (clocked by sys_clk_pin). Large setup violations at the end of those stages might be difficult to fix during the post-placement implementation flow and could be the result of non-optimal XDC constraints or non-optimal design architecture
Related violations: <none>

TIMING-16#682 Warning
Large setup violation  
There is a large setup violation of -5.743 ns between x_heep_system_i/core_v_mini_mcu_i/ao_peripheral_subsystem_i/obi_fifo_i/obi_req_fifo_i/mem_q_reg[0][addr][29]/C (clocked by sys_clk_pin) and x_heep_system_i/core_v_mini_mcu_i/ao_peripheral_subsystem_i/power_manager_i/power_manager_reg_top_i/u_cpu_switch_off_counter/q_reg[13]/CE (clocked by sys_clk_pin). Large setup violations at the end of those stages might be difficult to fix during the post-placement implementation flow and could be the result of non-optimal XDC constraints or non-optimal design architecture
Related violations: <none>

TIMING-16#683 Warning
Large setup violation  
There is a large setup violation of -5.743 ns between x_heep_system_i/core_v_mini_mcu_i/ao_peripheral_subsystem_i/obi_fifo_i/obi_req_fifo_i/mem_q_reg[0][addr][29]/C (clocked by sys_clk_pin) and x_heep_system_i/core_v_mini_mcu_i/ao_peripheral_subsystem_i/power_manager_i/power_manager_reg_top_i/u_cpu_switch_off_counter/q_reg[17]/CE (clocked by sys_clk_pin). Large setup violations at the end of those stages might be difficult to fix during the post-placement implementation flow and could be the result of non-optimal XDC constraints or non-optimal design architecture
Related violations: <none>

TIMING-16#684 Warning
Large setup violation  
There is a large setup violation of -5.743 ns between x_heep_system_i/core_v_mini_mcu_i/ao_peripheral_subsystem_i/obi_fifo_i/obi_req_fifo_i/mem_q_reg[0][addr][29]/C (clocked by sys_clk_pin) and x_heep_system_i/core_v_mini_mcu_i/ao_peripheral_subsystem_i/power_manager_i/power_manager_reg_top_i/u_cpu_switch_off_counter/q_reg[20]/CE (clocked by sys_clk_pin). Large setup violations at the end of those stages might be difficult to fix during the post-placement implementation flow and could be the result of non-optimal XDC constraints or non-optimal design architecture
Related violations: <none>

TIMING-16#685 Warning
Large setup violation  
There is a large setup violation of -5.743 ns between x_heep_system_i/core_v_mini_mcu_i/ao_peripheral_subsystem_i/obi_fifo_i/obi_req_fifo_i/mem_q_reg[0][addr][29]/C (clocked by sys_clk_pin) and x_heep_system_i/core_v_mini_mcu_i/ao_peripheral_subsystem_i/power_manager_i/power_manager_reg_top_i/u_cpu_switch_off_counter/q_reg[9]/CE (clocked by sys_clk_pin). Large setup violations at the end of those stages might be difficult to fix during the post-placement implementation flow and could be the result of non-optimal XDC constraints or non-optimal design architecture
Related violations: <none>

TIMING-16#686 Warning
Large setup violation  
There is a large setup violation of -5.744 ns between x_heep_system_i/core_v_mini_mcu_i/ao_peripheral_subsystem_i/obi_fifo_i/obi_req_fifo_i/mem_q_reg[0][addr][29]/C (clocked by sys_clk_pin) and x_heep_system_i/core_v_mini_mcu_i/ao_peripheral_subsystem_i/gpio_ao_i/i_reg_file/u_intrpt_lvl_low_status_intrpt_lvl_low_status_24/q_reg[0]/D (clocked by sys_clk_pin). Large setup violations at the end of those stages might be difficult to fix during the post-placement implementation flow and could be the result of non-optimal XDC constraints or non-optimal design architecture
Related violations: <none>

TIMING-16#687 Warning
Large setup violation  
There is a large setup violation of -5.744 ns between x_heep_system_i/core_v_mini_mcu_i/ao_peripheral_subsystem_i/obi_fifo_i/obi_req_fifo_i/mem_q_reg[0][addr][29]/C (clocked by sys_clk_pin) and x_heep_system_i/core_v_mini_mcu_i/ao_peripheral_subsystem_i/power_manager_i/power_manager_reg_top_i/u_cpu_switch_on_counter/q_reg[13]/CE (clocked by sys_clk_pin). Large setup violations at the end of those stages might be difficult to fix during the post-placement implementation flow and could be the result of non-optimal XDC constraints or non-optimal design architecture
Related violations: <none>

TIMING-16#688 Warning
Large setup violation  
There is a large setup violation of -5.744 ns between x_heep_system_i/core_v_mini_mcu_i/ao_peripheral_subsystem_i/obi_fifo_i/obi_req_fifo_i/mem_q_reg[0][addr][29]/C (clocked by sys_clk_pin) and x_heep_system_i/core_v_mini_mcu_i/ao_peripheral_subsystem_i/power_manager_i/power_manager_reg_top_i/u_cpu_switch_on_counter/q_reg[15]/CE (clocked by sys_clk_pin). Large setup violations at the end of those stages might be difficult to fix during the post-placement implementation flow and could be the result of non-optimal XDC constraints or non-optimal design architecture
Related violations: <none>

TIMING-16#689 Warning
Large setup violation  
There is a large setup violation of -5.744 ns between x_heep_system_i/core_v_mini_mcu_i/ao_peripheral_subsystem_i/obi_fifo_i/obi_req_fifo_i/mem_q_reg[0][addr][29]/C (clocked by sys_clk_pin) and x_heep_system_i/core_v_mini_mcu_i/ao_peripheral_subsystem_i/power_manager_i/power_manager_reg_top_i/u_cpu_switch_on_counter/q_reg[16]/CE (clocked by sys_clk_pin). Large setup violations at the end of those stages might be difficult to fix during the post-placement implementation flow and could be the result of non-optimal XDC constraints or non-optimal design architecture
Related violations: <none>

TIMING-16#690 Warning
Large setup violation  
There is a large setup violation of -5.746 ns between x_heep_system_i/core_v_mini_mcu_i/ao_peripheral_subsystem_i/obi_fifo_i/obi_req_fifo_i/mem_q_reg[0][addr][29]/C (clocked by sys_clk_pin) and x_heep_system_i/core_v_mini_mcu_i/ao_peripheral_subsystem_i/gpio_ao_i/i_reg_file/u_gpio_out_gpio_out_3/q_reg[0]/D (clocked by sys_clk_pin). Large setup violations at the end of those stages might be difficult to fix during the post-placement implementation flow and could be the result of non-optimal XDC constraints or non-optimal design architecture
Related violations: <none>

TIMING-16#691 Warning
Large setup violation  
There is a large setup violation of -5.746 ns between x_heep_system_i/core_v_mini_mcu_i/ao_peripheral_subsystem_i/obi_fifo_i/obi_req_fifo_i/mem_q_reg[0][addr][29]/C (clocked by sys_clk_pin) and x_heep_system_i/core_v_mini_mcu_i/ao_peripheral_subsystem_i/power_manager_i/power_manager_reg_top_i/u_cpu_iso_on_counter/q_reg[21]/D (clocked by sys_clk_pin). Large setup violations at the end of those stages might be difficult to fix during the post-placement implementation flow and could be the result of non-optimal XDC constraints or non-optimal design architecture
Related violations: <none>

TIMING-16#692 Warning
Large setup violation  
There is a large setup violation of -5.747 ns between x_heep_system_i/core_v_mini_mcu_i/ao_peripheral_subsystem_i/obi_fifo_i/obi_req_fifo_i/mem_q_reg[0][addr][29]/C (clocked by sys_clk_pin) and x_heep_system_i/core_v_mini_mcu_i/ao_peripheral_subsystem_i/gpio_ao_i/i_reg_file/u_gpio_en_gpio_en_21/q_reg[0]/CE (clocked by sys_clk_pin). Large setup violations at the end of those stages might be difficult to fix during the post-placement implementation flow and could be the result of non-optimal XDC constraints or non-optimal design architecture
Related violations: <none>

TIMING-16#693 Warning
Large setup violation  
There is a large setup violation of -5.747 ns between x_heep_system_i/core_v_mini_mcu_i/ao_peripheral_subsystem_i/obi_fifo_i/obi_req_fifo_i/mem_q_reg[0][addr][29]/C (clocked by sys_clk_pin) and x_heep_system_i/core_v_mini_mcu_i/ao_peripheral_subsystem_i/gpio_ao_i/i_reg_file/u_gpio_en_gpio_en_24/q_reg[0]/CE (clocked by sys_clk_pin). Large setup violations at the end of those stages might be difficult to fix during the post-placement implementation flow and could be the result of non-optimal XDC constraints or non-optimal design architecture
Related violations: <none>

TIMING-16#694 Warning
Large setup violation  
There is a large setup violation of -5.751 ns between x_heep_system_i/core_v_mini_mcu_i/ao_peripheral_subsystem_i/obi_fifo_i/obi_req_fifo_i/mem_q_reg[0][addr][29]/C (clocked by sys_clk_pin) and x_heep_system_i/core_v_mini_mcu_i/ao_peripheral_subsystem_i/gpio_ao_i/i_reg_file/u_intrpt_lvl_low_status_intrpt_lvl_low_status_18/q_reg[0]/D (clocked by sys_clk_pin). Large setup violations at the end of those stages might be difficult to fix during the post-placement implementation flow and could be the result of non-optimal XDC constraints or non-optimal design architecture
Related violations: <none>

TIMING-16#695 Warning
Large setup violation  
There is a large setup violation of -5.751 ns between x_heep_system_i/core_v_mini_mcu_i/ao_peripheral_subsystem_i/obi_fifo_i/obi_req_fifo_i/mem_q_reg[0][addr][29]/C (clocked by sys_clk_pin) and x_heep_system_i/core_v_mini_mcu_i/ao_peripheral_subsystem_i/gpio_ao_i/i_reg_file/u_intrpt_lvl_low_status_intrpt_lvl_low_status_2/q_reg[0]/D (clocked by sys_clk_pin). Large setup violations at the end of those stages might be difficult to fix during the post-placement implementation flow and could be the result of non-optimal XDC constraints or non-optimal design architecture
Related violations: <none>

TIMING-16#696 Warning
Large setup violation  
There is a large setup violation of -5.759 ns between x_heep_system_i/core_v_mini_mcu_i/ao_peripheral_subsystem_i/obi_fifo_i/obi_req_fifo_i/mem_q_reg[0][addr][29]/C (clocked by sys_clk_pin) and x_heep_system_i/core_v_mini_mcu_i/ao_peripheral_subsystem_i/gpio_ao_i/i_reg_file/u_intrpt_lvl_high_status_intrpt_lvl_high_status_3/q_reg[0]/D (clocked by sys_clk_pin). Large setup violations at the end of those stages might be difficult to fix during the post-placement implementation flow and could be the result of non-optimal XDC constraints or non-optimal design architecture
Related violations: <none>

TIMING-16#697 Warning
Large setup violation  
There is a large setup violation of -5.761 ns between x_heep_system_i/core_v_mini_mcu_i/ao_peripheral_subsystem_i/obi_fifo_i/obi_req_fifo_i/mem_q_reg[0][addr][29]/C (clocked by sys_clk_pin) and x_heep_system_i/core_v_mini_mcu_i/ao_peripheral_subsystem_i/power_manager_i/power_manager_reg_top_i/u_cpu_iso_on_counter/q_reg[17]/D (clocked by sys_clk_pin). Large setup violations at the end of those stages might be difficult to fix during the post-placement implementation flow and could be the result of non-optimal XDC constraints or non-optimal design architecture
Related violations: <none>

TIMING-16#698 Warning
Large setup violation  
There is a large setup violation of -5.762 ns between x_heep_system_i/core_v_mini_mcu_i/ao_peripheral_subsystem_i/obi_fifo_i/obi_req_fifo_i/mem_q_reg[0][addr][29]/C (clocked by sys_clk_pin) and x_heep_system_i/core_v_mini_mcu_i/ao_peripheral_subsystem_i/gpio_ao_i/i_reg_file/u_gpio_en_gpio_en_12/q_reg[0]/CE (clocked by sys_clk_pin). Large setup violations at the end of those stages might be difficult to fix during the post-placement implementation flow and could be the result of non-optimal XDC constraints or non-optimal design architecture
Related violations: <none>

TIMING-16#699 Warning
Large setup violation  
There is a large setup violation of -5.762 ns between x_heep_system_i/core_v_mini_mcu_i/ao_peripheral_subsystem_i/obi_fifo_i/obi_req_fifo_i/mem_q_reg[0][addr][29]/C (clocked by sys_clk_pin) and x_heep_system_i/core_v_mini_mcu_i/ao_peripheral_subsystem_i/gpio_ao_i/i_reg_file/u_gpio_en_gpio_en_15/q_reg[0]/CE (clocked by sys_clk_pin). Large setup violations at the end of those stages might be difficult to fix during the post-placement implementation flow and could be the result of non-optimal XDC constraints or non-optimal design architecture
Related violations: <none>

TIMING-16#700 Warning
Large setup violation  
There is a large setup violation of -5.762 ns between x_heep_system_i/core_v_mini_mcu_i/ao_peripheral_subsystem_i/obi_fifo_i/obi_req_fifo_i/mem_q_reg[0][addr][29]/C (clocked by sys_clk_pin) and x_heep_system_i/core_v_mini_mcu_i/ao_peripheral_subsystem_i/gpio_ao_i/i_reg_file/u_gpio_en_gpio_en_26/q_reg[0]/CE (clocked by sys_clk_pin). Large setup violations at the end of those stages might be difficult to fix during the post-placement implementation flow and could be the result of non-optimal XDC constraints or non-optimal design architecture
Related violations: <none>

TIMING-16#701 Warning
Large setup violation  
There is a large setup violation of -5.772 ns between x_heep_system_i/core_v_mini_mcu_i/ao_peripheral_subsystem_i/obi_fifo_i/obi_req_fifo_i/mem_q_reg[0][addr][29]/C (clocked by sys_clk_pin) and x_heep_system_i/core_v_mini_mcu_i/ao_peripheral_subsystem_i/gpio_ao_i/i_reg_file/u_gpio_en_gpio_en_16/q_reg[0]/CE (clocked by sys_clk_pin). Large setup violations at the end of those stages might be difficult to fix during the post-placement implementation flow and could be the result of non-optimal XDC constraints or non-optimal design architecture
Related violations: <none>

TIMING-16#702 Warning
Large setup violation  
There is a large setup violation of -5.772 ns between x_heep_system_i/core_v_mini_mcu_i/ao_peripheral_subsystem_i/obi_fifo_i/obi_req_fifo_i/mem_q_reg[0][addr][29]/C (clocked by sys_clk_pin) and x_heep_system_i/core_v_mini_mcu_i/ao_peripheral_subsystem_i/gpio_ao_i/i_reg_file/u_gpio_en_gpio_en_18/q_reg[0]/CE (clocked by sys_clk_pin). Large setup violations at the end of those stages might be difficult to fix during the post-placement implementation flow and could be the result of non-optimal XDC constraints or non-optimal design architecture
Related violations: <none>

TIMING-16#703 Warning
Large setup violation  
There is a large setup violation of -5.772 ns between x_heep_system_i/core_v_mini_mcu_i/ao_peripheral_subsystem_i/obi_fifo_i/obi_req_fifo_i/mem_q_reg[0][addr][29]/C (clocked by sys_clk_pin) and x_heep_system_i/core_v_mini_mcu_i/ao_peripheral_subsystem_i/gpio_ao_i/i_reg_file/u_gpio_en_gpio_en_19/q_reg[0]/CE (clocked by sys_clk_pin). Large setup violations at the end of those stages might be difficult to fix during the post-placement implementation flow and could be the result of non-optimal XDC constraints or non-optimal design architecture
Related violations: <none>

TIMING-16#704 Warning
Large setup violation  
There is a large setup violation of -5.772 ns between x_heep_system_i/core_v_mini_mcu_i/ao_peripheral_subsystem_i/obi_fifo_i/obi_req_fifo_i/mem_q_reg[0][addr][29]/C (clocked by sys_clk_pin) and x_heep_system_i/core_v_mini_mcu_i/ao_peripheral_subsystem_i/gpio_ao_i/i_reg_file/u_gpio_en_gpio_en_9/q_reg[0]/CE (clocked by sys_clk_pin). Large setup violations at the end of those stages might be difficult to fix during the post-placement implementation flow and could be the result of non-optimal XDC constraints or non-optimal design architecture
Related violations: <none>

TIMING-16#705 Warning
Large setup violation  
There is a large setup violation of -5.772 ns between x_heep_system_i/core_v_mini_mcu_i/ao_peripheral_subsystem_i/obi_fifo_i/obi_req_fifo_i/mem_q_reg[0][addr][29]/C (clocked by sys_clk_pin) and x_heep_system_i/core_v_mini_mcu_i/ao_peripheral_subsystem_i/power_manager_i/power_manager_reg_top_i/u_cpu_switch_on_counter/q_reg[11]/CE (clocked by sys_clk_pin). Large setup violations at the end of those stages might be difficult to fix during the post-placement implementation flow and could be the result of non-optimal XDC constraints or non-optimal design architecture
Related violations: <none>

TIMING-16#706 Warning
Large setup violation  
There is a large setup violation of -5.772 ns between x_heep_system_i/core_v_mini_mcu_i/ao_peripheral_subsystem_i/obi_fifo_i/obi_req_fifo_i/mem_q_reg[0][addr][29]/C (clocked by sys_clk_pin) and x_heep_system_i/core_v_mini_mcu_i/ao_peripheral_subsystem_i/power_manager_i/power_manager_reg_top_i/u_cpu_switch_on_counter/q_reg[9]/CE (clocked by sys_clk_pin). Large setup violations at the end of those stages might be difficult to fix during the post-placement implementation flow and could be the result of non-optimal XDC constraints or non-optimal design architecture
Related violations: <none>

TIMING-16#707 Warning
Large setup violation  
There is a large setup violation of -5.775 ns between x_heep_system_i/core_v_mini_mcu_i/ao_peripheral_subsystem_i/obi_fifo_i/obi_req_fifo_i/mem_q_reg[0][addr][29]/C (clocked by sys_clk_pin) and x_heep_system_i/core_v_mini_mcu_i/ao_peripheral_subsystem_i/power_manager_i/power_manager_reg_top_i/u_cpu_switch_on_counter/q_reg[7]/CE (clocked by sys_clk_pin). Large setup violations at the end of those stages might be difficult to fix during the post-placement implementation flow and could be the result of non-optimal XDC constraints or non-optimal design architecture
Related violations: <none>

TIMING-16#708 Warning
Large setup violation  
There is a large setup violation of -5.783 ns between x_heep_system_i/core_v_mini_mcu_i/ao_peripheral_subsystem_i/obi_fifo_i/obi_req_fifo_i/mem_q_reg[0][addr][29]/C (clocked by sys_clk_pin) and x_heep_system_i/core_v_mini_mcu_i/ao_peripheral_subsystem_i/power_manager_i/power_manager_reg_top_i/u_cpu_iso_on_counter/q_reg[15]/CE (clocked by sys_clk_pin). Large setup violations at the end of those stages might be difficult to fix during the post-placement implementation flow and could be the result of non-optimal XDC constraints or non-optimal design architecture
Related violations: <none>

TIMING-16#709 Warning
Large setup violation  
There is a large setup violation of -5.783 ns between x_heep_system_i/core_v_mini_mcu_i/ao_peripheral_subsystem_i/obi_fifo_i/obi_req_fifo_i/mem_q_reg[0][addr][29]/C (clocked by sys_clk_pin) and x_heep_system_i/core_v_mini_mcu_i/ao_peripheral_subsystem_i/power_manager_i/power_manager_reg_top_i/u_cpu_iso_on_counter/q_reg[17]/CE (clocked by sys_clk_pin). Large setup violations at the end of those stages might be difficult to fix during the post-placement implementation flow and could be the result of non-optimal XDC constraints or non-optimal design architecture
Related violations: <none>

TIMING-16#710 Warning
Large setup violation  
There is a large setup violation of -5.783 ns between x_heep_system_i/core_v_mini_mcu_i/ao_peripheral_subsystem_i/obi_fifo_i/obi_req_fifo_i/mem_q_reg[0][addr][29]/C (clocked by sys_clk_pin) and x_heep_system_i/core_v_mini_mcu_i/ao_peripheral_subsystem_i/power_manager_i/power_manager_reg_top_i/u_cpu_iso_on_counter/q_reg[19]/CE (clocked by sys_clk_pin). Large setup violations at the end of those stages might be difficult to fix during the post-placement implementation flow and could be the result of non-optimal XDC constraints or non-optimal design architecture
Related violations: <none>

TIMING-16#711 Warning
Large setup violation  
There is a large setup violation of -5.784 ns between x_heep_system_i/core_v_mini_mcu_i/ao_peripheral_subsystem_i/obi_fifo_i/obi_req_fifo_i/mem_q_reg[0][addr][29]/C (clocked by sys_clk_pin) and x_heep_system_i/core_v_mini_mcu_i/ao_peripheral_subsystem_i/gpio_ao_i/i_reg_file/u_gpio_en_gpio_en_22/q_reg[0]/CE (clocked by sys_clk_pin). Large setup violations at the end of those stages might be difficult to fix during the post-placement implementation flow and could be the result of non-optimal XDC constraints or non-optimal design architecture
Related violations: <none>

TIMING-16#712 Warning
Large setup violation  
There is a large setup violation of -5.786 ns between x_heep_system_i/core_v_mini_mcu_i/ao_peripheral_subsystem_i/obi_fifo_i/obi_req_fifo_i/mem_q_reg[0][addr][29]/C (clocked by sys_clk_pin) and x_heep_system_i/core_v_mini_mcu_i/ao_peripheral_subsystem_i/power_manager_i/power_manager_reg_top_i/u_cpu_iso_off_counter/q_reg[30]/D (clocked by sys_clk_pin). Large setup violations at the end of those stages might be difficult to fix during the post-placement implementation flow and could be the result of non-optimal XDC constraints or non-optimal design architecture
Related violations: <none>

TIMING-16#713 Warning
Large setup violation  
There is a large setup violation of -5.787 ns between x_heep_system_i/core_v_mini_mcu_i/ao_peripheral_subsystem_i/obi_fifo_i/obi_req_fifo_i/mem_q_reg[0][addr][29]/C (clocked by sys_clk_pin) and x_heep_system_i/core_v_mini_mcu_i/ao_peripheral_subsystem_i/gpio_ao_i/i_reg_file/u_gpio_out_gpio_out_1/q_reg[0]/D (clocked by sys_clk_pin). Large setup violations at the end of those stages might be difficult to fix during the post-placement implementation flow and could be the result of non-optimal XDC constraints or non-optimal design architecture
Related violations: <none>

TIMING-16#714 Warning
Large setup violation  
There is a large setup violation of -5.787 ns between x_heep_system_i/core_v_mini_mcu_i/ao_peripheral_subsystem_i/obi_fifo_i/obi_req_fifo_i/mem_q_reg[0][addr][29]/C (clocked by sys_clk_pin) and x_heep_system_i/core_v_mini_mcu_i/ao_peripheral_subsystem_i/power_manager_i/power_manager_reg_top_i/u_cpu_counters_stop_cpu_reset_assert_stop_bit_counter/q_reg[0]/D (clocked by sys_clk_pin). Large setup violations at the end of those stages might be difficult to fix during the post-placement implementation flow and could be the result of non-optimal XDC constraints or non-optimal design architecture
Related violations: <none>

TIMING-16#715 Warning
Large setup violation  
There is a large setup violation of -5.790 ns between x_heep_system_i/core_v_mini_mcu_i/ao_peripheral_subsystem_i/obi_fifo_i/obi_req_fifo_i/mem_q_reg[0][addr][29]/C (clocked by sys_clk_pin) and x_heep_system_i/core_v_mini_mcu_i/ao_peripheral_subsystem_i/power_manager_i/power_manager_reg_top_i/u_cpu_switch_off_counter/q_reg[14]/CE (clocked by sys_clk_pin). Large setup violations at the end of those stages might be difficult to fix during the post-placement implementation flow and could be the result of non-optimal XDC constraints or non-optimal design architecture
Related violations: <none>

TIMING-16#716 Warning
Large setup violation  
There is a large setup violation of -5.790 ns between x_heep_system_i/core_v_mini_mcu_i/ao_peripheral_subsystem_i/obi_fifo_i/obi_req_fifo_i/mem_q_reg[0][addr][29]/C (clocked by sys_clk_pin) and x_heep_system_i/core_v_mini_mcu_i/ao_peripheral_subsystem_i/power_manager_i/power_manager_reg_top_i/u_cpu_switch_off_counter/q_reg[15]/CE (clocked by sys_clk_pin). Large setup violations at the end of those stages might be difficult to fix during the post-placement implementation flow and could be the result of non-optimal XDC constraints or non-optimal design architecture
Related violations: <none>

TIMING-16#717 Warning
Large setup violation  
There is a large setup violation of -5.791 ns between x_heep_system_i/core_v_mini_mcu_i/ao_peripheral_subsystem_i/obi_fifo_i/obi_req_fifo_i/mem_q_reg[0][addr][29]/C (clocked by sys_clk_pin) and x_heep_system_i/core_v_mini_mcu_i/ao_peripheral_subsystem_i/power_manager_i/power_manager_reg_top_i/u_cpu_reset_assert_counter/q_reg[22]/D (clocked by sys_clk_pin). Large setup violations at the end of those stages might be difficult to fix during the post-placement implementation flow and could be the result of non-optimal XDC constraints or non-optimal design architecture
Related violations: <none>

TIMING-16#718 Warning
Large setup violation  
There is a large setup violation of -5.792 ns between x_heep_system_i/core_v_mini_mcu_i/ao_peripheral_subsystem_i/obi_fifo_i/obi_req_fifo_i/mem_q_reg[0][addr][29]/C (clocked by sys_clk_pin) and x_heep_system_i/core_v_mini_mcu_i/ao_peripheral_subsystem_i/power_manager_i/power_manager_reg_top_i/u_cpu_switch_off_counter/q_reg[25]/CE (clocked by sys_clk_pin). Large setup violations at the end of those stages might be difficult to fix during the post-placement implementation flow and could be the result of non-optimal XDC constraints or non-optimal design architecture
Related violations: <none>

TIMING-16#719 Warning
Large setup violation  
There is a large setup violation of -5.792 ns between x_heep_system_i/core_v_mini_mcu_i/ao_peripheral_subsystem_i/obi_fifo_i/obi_req_fifo_i/mem_q_reg[0][addr][29]/C (clocked by sys_clk_pin) and x_heep_system_i/core_v_mini_mcu_i/ao_peripheral_subsystem_i/power_manager_i/power_manager_reg_top_i/u_cpu_switch_off_counter/q_reg[30]/CE (clocked by sys_clk_pin). Large setup violations at the end of those stages might be difficult to fix during the post-placement implementation flow and could be the result of non-optimal XDC constraints or non-optimal design architecture
Related violations: <none>

TIMING-16#720 Warning
Large setup violation  
There is a large setup violation of -5.794 ns between x_heep_system_i/core_v_mini_mcu_i/ao_peripheral_subsystem_i/obi_fifo_i/obi_req_fifo_i/mem_q_reg[0][addr][29]/C (clocked by sys_clk_pin) and x_heep_system_i/core_v_mini_mcu_i/ao_peripheral_subsystem_i/gpio_ao_i/i_reg_file/u_intrpt_fall_status_intrpt_fall_status_17/q_reg[0]/D (clocked by sys_clk_pin). Large setup violations at the end of those stages might be difficult to fix during the post-placement implementation flow and could be the result of non-optimal XDC constraints or non-optimal design architecture
Related violations: <none>

TIMING-16#721 Warning
Large setup violation  
There is a large setup violation of -5.795 ns between x_heep_system_i/core_v_mini_mcu_i/ao_peripheral_subsystem_i/obi_fifo_i/obi_req_fifo_i/mem_q_reg[0][addr][29]/C (clocked by sys_clk_pin) and x_heep_system_i/core_v_mini_mcu_i/ao_peripheral_subsystem_i/power_manager_i/power_manager_reg_top_i/u_cpu_reset_assert_counter/q_reg[23]/D (clocked by sys_clk_pin). Large setup violations at the end of those stages might be difficult to fix during the post-placement implementation flow and could be the result of non-optimal XDC constraints or non-optimal design architecture
Related violations: <none>

TIMING-16#722 Warning
Large setup violation  
There is a large setup violation of -5.796 ns between x_heep_system_i/core_v_mini_mcu_i/ao_peripheral_subsystem_i/obi_fifo_i/obi_req_fifo_i/mem_q_reg[0][addr][29]/C (clocked by sys_clk_pin) and x_heep_system_i/core_v_mini_mcu_i/ao_peripheral_subsystem_i/power_manager_i/power_manager_reg_top_i/u_cpu_iso_on_counter/q_reg[13]/CE (clocked by sys_clk_pin). Large setup violations at the end of those stages might be difficult to fix during the post-placement implementation flow and could be the result of non-optimal XDC constraints or non-optimal design architecture
Related violations: <none>

TIMING-16#723 Warning
Large setup violation  
There is a large setup violation of -5.796 ns between x_heep_system_i/core_v_mini_mcu_i/ao_peripheral_subsystem_i/obi_fifo_i/obi_req_fifo_i/mem_q_reg[0][addr][29]/C (clocked by sys_clk_pin) and x_heep_system_i/core_v_mini_mcu_i/ao_peripheral_subsystem_i/power_manager_i/power_manager_reg_top_i/u_cpu_iso_on_counter/q_reg[14]/CE (clocked by sys_clk_pin). Large setup violations at the end of those stages might be difficult to fix during the post-placement implementation flow and could be the result of non-optimal XDC constraints or non-optimal design architecture
Related violations: <none>

TIMING-16#724 Warning
Large setup violation  
There is a large setup violation of -5.796 ns between x_heep_system_i/core_v_mini_mcu_i/ao_peripheral_subsystem_i/obi_fifo_i/obi_req_fifo_i/mem_q_reg[0][addr][29]/C (clocked by sys_clk_pin) and x_heep_system_i/core_v_mini_mcu_i/ao_peripheral_subsystem_i/power_manager_i/power_manager_reg_top_i/u_cpu_iso_on_counter/q_reg[16]/CE (clocked by sys_clk_pin). Large setup violations at the end of those stages might be difficult to fix during the post-placement implementation flow and could be the result of non-optimal XDC constraints or non-optimal design architecture
Related violations: <none>

TIMING-16#725 Warning
Large setup violation  
There is a large setup violation of -5.796 ns between x_heep_system_i/core_v_mini_mcu_i/ao_peripheral_subsystem_i/obi_fifo_i/obi_req_fifo_i/mem_q_reg[0][addr][29]/C (clocked by sys_clk_pin) and x_heep_system_i/core_v_mini_mcu_i/ao_peripheral_subsystem_i/power_manager_i/power_manager_reg_top_i/u_cpu_iso_on_counter/q_reg[9]/CE (clocked by sys_clk_pin). Large setup violations at the end of those stages might be difficult to fix during the post-placement implementation flow and could be the result of non-optimal XDC constraints or non-optimal design architecture
Related violations: <none>

TIMING-16#726 Warning
Large setup violation  
There is a large setup violation of -5.798 ns between x_heep_system_i/core_v_mini_mcu_i/ao_peripheral_subsystem_i/obi_fifo_i/obi_req_fifo_i/mem_q_reg[0][addr][29]/C (clocked by sys_clk_pin) and x_heep_system_i/core_v_mini_mcu_i/ao_peripheral_subsystem_i/power_manager_i/power_manager_reg_top_i/u_cpu_switch_on_counter/q_reg[25]/CE (clocked by sys_clk_pin). Large setup violations at the end of those stages might be difficult to fix during the post-placement implementation flow and could be the result of non-optimal XDC constraints or non-optimal design architecture
Related violations: <none>

TIMING-16#727 Warning
Large setup violation  
There is a large setup violation of -5.801 ns between x_heep_system_i/core_v_mini_mcu_i/ao_peripheral_subsystem_i/obi_fifo_i/obi_req_fifo_i/mem_q_reg[0][addr][29]/C (clocked by sys_clk_pin) and x_heep_system_i/core_v_mini_mcu_i/ao_peripheral_subsystem_i/power_manager_i/power_manager_reg_top_i/u_cpu_reset_deassert_counter/q_reg[23]/D (clocked by sys_clk_pin). Large setup violations at the end of those stages might be difficult to fix during the post-placement implementation flow and could be the result of non-optimal XDC constraints or non-optimal design architecture
Related violations: <none>

TIMING-16#728 Warning
Large setup violation  
There is a large setup violation of -5.803 ns between x_heep_system_i/core_v_mini_mcu_i/ao_peripheral_subsystem_i/obi_fifo_i/obi_req_fifo_i/mem_q_reg[0][addr][29]/C (clocked by sys_clk_pin) and x_heep_system_i/core_v_mini_mcu_i/ao_peripheral_subsystem_i/power_manager_i/power_manager_reg_top_i/u_cpu_iso_on_counter/q_reg[24]/CE (clocked by sys_clk_pin). Large setup violations at the end of those stages might be difficult to fix during the post-placement implementation flow and could be the result of non-optimal XDC constraints or non-optimal design architecture
Related violations: <none>

TIMING-16#729 Warning
Large setup violation  
There is a large setup violation of -5.803 ns between x_heep_system_i/core_v_mini_mcu_i/ao_peripheral_subsystem_i/obi_fifo_i/obi_req_fifo_i/mem_q_reg[0][addr][29]/C (clocked by sys_clk_pin) and x_heep_system_i/core_v_mini_mcu_i/ao_peripheral_subsystem_i/power_manager_i/power_manager_reg_top_i/u_cpu_iso_on_counter/q_reg[26]/CE (clocked by sys_clk_pin). Large setup violations at the end of those stages might be difficult to fix during the post-placement implementation flow and could be the result of non-optimal XDC constraints or non-optimal design architecture
Related violations: <none>

TIMING-16#730 Warning
Large setup violation  
There is a large setup violation of -5.803 ns between x_heep_system_i/core_v_mini_mcu_i/ao_peripheral_subsystem_i/obi_fifo_i/obi_req_fifo_i/mem_q_reg[0][addr][29]/C (clocked by sys_clk_pin) and x_heep_system_i/core_v_mini_mcu_i/ao_peripheral_subsystem_i/power_manager_i/power_manager_reg_top_i/u_cpu_iso_on_counter/q_reg[28]/CE (clocked by sys_clk_pin). Large setup violations at the end of those stages might be difficult to fix during the post-placement implementation flow and could be the result of non-optimal XDC constraints or non-optimal design architecture
Related violations: <none>

TIMING-16#731 Warning
Large setup violation  
There is a large setup violation of -5.806 ns between x_heep_system_i/core_v_mini_mcu_i/ao_peripheral_subsystem_i/obi_fifo_i/obi_req_fifo_i/mem_q_reg[0][addr][29]/C (clocked by sys_clk_pin) and x_heep_system_i/core_v_mini_mcu_i/ao_peripheral_subsystem_i/gpio_ao_i/i_reg_file/u_intrpt_lvl_high_status_intrpt_lvl_high_status_19/q_reg[0]/D (clocked by sys_clk_pin). Large setup violations at the end of those stages might be difficult to fix during the post-placement implementation flow and could be the result of non-optimal XDC constraints or non-optimal design architecture
Related violations: <none>

TIMING-16#732 Warning
Large setup violation  
There is a large setup violation of -5.806 ns between x_heep_system_i/core_v_mini_mcu_i/ao_peripheral_subsystem_i/obi_fifo_i/obi_req_fifo_i/mem_q_reg[0][addr][29]/C (clocked by sys_clk_pin) and x_heep_system_i/core_v_mini_mcu_i/ao_peripheral_subsystem_i/power_manager_i/power_manager_reg_top_i/u_cpu_switch_on_counter/q_reg[25]/D (clocked by sys_clk_pin). Large setup violations at the end of those stages might be difficult to fix during the post-placement implementation flow and could be the result of non-optimal XDC constraints or non-optimal design architecture
Related violations: <none>

TIMING-16#733 Warning
Large setup violation  
There is a large setup violation of -5.809 ns between x_heep_system_i/core_v_mini_mcu_i/ao_peripheral_subsystem_i/obi_fifo_i/obi_req_fifo_i/mem_q_reg[0][addr][29]/C (clocked by sys_clk_pin) and x_heep_system_i/core_v_mini_mcu_i/ao_peripheral_subsystem_i/gpio_ao_i/i_reg_file/u_gpio_out_gpio_out_19/q_reg[0]/D (clocked by sys_clk_pin). Large setup violations at the end of those stages might be difficult to fix during the post-placement implementation flow and could be the result of non-optimal XDC constraints or non-optimal design architecture
Related violations: <none>

TIMING-16#734 Warning
Large setup violation  
There is a large setup violation of -5.809 ns between x_heep_system_i/core_v_mini_mcu_i/ao_peripheral_subsystem_i/obi_fifo_i/obi_req_fifo_i/mem_q_reg[0][addr][29]/C (clocked by sys_clk_pin) and x_heep_system_i/core_v_mini_mcu_i/ao_peripheral_subsystem_i/power_manager_i/power_manager_reg_top_i/u_cpu_reset_deassert_counter/q_reg[3]/CE (clocked by sys_clk_pin). Large setup violations at the end of those stages might be difficult to fix during the post-placement implementation flow and could be the result of non-optimal XDC constraints or non-optimal design architecture
Related violations: <none>

TIMING-16#735 Warning
Large setup violation  
There is a large setup violation of -5.809 ns between x_heep_system_i/core_v_mini_mcu_i/ao_peripheral_subsystem_i/obi_fifo_i/obi_req_fifo_i/mem_q_reg[0][addr][29]/C (clocked by sys_clk_pin) and x_heep_system_i/core_v_mini_mcu_i/ao_peripheral_subsystem_i/power_manager_i/power_manager_reg_top_i/u_cpu_reset_deassert_counter/q_reg[4]/CE (clocked by sys_clk_pin). Large setup violations at the end of those stages might be difficult to fix during the post-placement implementation flow and could be the result of non-optimal XDC constraints or non-optimal design architecture
Related violations: <none>

TIMING-16#736 Warning
Large setup violation  
There is a large setup violation of -5.811 ns between x_heep_system_i/core_v_mini_mcu_i/ao_peripheral_subsystem_i/obi_fifo_i/obi_req_fifo_i/mem_q_reg[0][addr][29]/C (clocked by sys_clk_pin) and x_heep_system_i/core_v_mini_mcu_i/ao_peripheral_subsystem_i/power_manager_i/power_manager_reg_top_i/u_cpu_reset_deassert_counter/q_reg[10]/D (clocked by sys_clk_pin). Large setup violations at the end of those stages might be difficult to fix during the post-placement implementation flow and could be the result of non-optimal XDC constraints or non-optimal design architecture
Related violations: <none>

TIMING-16#737 Warning
Large setup violation  
There is a large setup violation of -5.811 ns between x_heep_system_i/core_v_mini_mcu_i/ao_peripheral_subsystem_i/obi_fifo_i/obi_req_fifo_i/mem_q_reg[0][addr][29]/C (clocked by sys_clk_pin) and x_heep_system_i/core_v_mini_mcu_i/ao_peripheral_subsystem_i/power_manager_i/power_manager_reg_top_i/u_cpu_switch_off_counter/q_reg[24]/CE (clocked by sys_clk_pin). Large setup violations at the end of those stages might be difficult to fix during the post-placement implementation flow and could be the result of non-optimal XDC constraints or non-optimal design architecture
Related violations: <none>

TIMING-16#738 Warning
Large setup violation  
There is a large setup violation of -5.818 ns between x_heep_system_i/core_v_mini_mcu_i/ao_peripheral_subsystem_i/obi_fifo_i/obi_req_fifo_i/mem_q_reg[0][addr][29]/C (clocked by sys_clk_pin) and x_heep_system_i/core_v_mini_mcu_i/ao_peripheral_subsystem_i/power_manager_i/power_manager_reg_top_i/u_cpu_switch_off_counter/q_reg[30]/D (clocked by sys_clk_pin). Large setup violations at the end of those stages might be difficult to fix during the post-placement implementation flow and could be the result of non-optimal XDC constraints or non-optimal design architecture
Related violations: <none>

TIMING-16#739 Warning
Large setup violation  
There is a large setup violation of -5.819 ns between x_heep_system_i/core_v_mini_mcu_i/ao_peripheral_subsystem_i/obi_fifo_i/obi_req_fifo_i/mem_q_reg[0][addr][29]/C (clocked by sys_clk_pin) and x_heep_system_i/core_v_mini_mcu_i/ao_peripheral_subsystem_i/power_manager_i/power_manager_reg_top_i/u_en_wait_for_intr/q_reg[0]/D (clocked by sys_clk_pin). Large setup violations at the end of those stages might be difficult to fix during the post-placement implementation flow and could be the result of non-optimal XDC constraints or non-optimal design architecture
Related violations: <none>

TIMING-16#740 Warning
Large setup violation  
There is a large setup violation of -5.820 ns between x_heep_system_i/core_v_mini_mcu_i/ao_peripheral_subsystem_i/obi_fifo_i/obi_req_fifo_i/mem_q_reg[0][addr][29]/C (clocked by sys_clk_pin) and x_heep_system_i/core_v_mini_mcu_i/ao_peripheral_subsystem_i/power_manager_i/power_manager_reg_top_i/u_cpu_reset_assert_counter/q_reg[1]/CE (clocked by sys_clk_pin). Large setup violations at the end of those stages might be difficult to fix during the post-placement implementation flow and could be the result of non-optimal XDC constraints or non-optimal design architecture
Related violations: <none>

TIMING-16#741 Warning
Large setup violation  
There is a large setup violation of -5.821 ns between x_heep_system_i/core_v_mini_mcu_i/ao_peripheral_subsystem_i/obi_fifo_i/obi_req_fifo_i/mem_q_reg[0][addr][29]/C (clocked by sys_clk_pin) and x_heep_system_i/core_v_mini_mcu_i/ao_peripheral_subsystem_i/power_manager_i/power_manager_reg_top_i/u_cpu_switch_off_counter/q_reg[16]/CE (clocked by sys_clk_pin). Large setup violations at the end of those stages might be difficult to fix during the post-placement implementation flow and could be the result of non-optimal XDC constraints or non-optimal design architecture
Related violations: <none>

TIMING-16#742 Warning
Large setup violation  
There is a large setup violation of -5.821 ns between x_heep_system_i/core_v_mini_mcu_i/ao_peripheral_subsystem_i/obi_fifo_i/obi_req_fifo_i/mem_q_reg[0][addr][29]/C (clocked by sys_clk_pin) and x_heep_system_i/core_v_mini_mcu_i/ao_peripheral_subsystem_i/power_manager_i/power_manager_reg_top_i/u_cpu_switch_off_counter/q_reg[18]/CE (clocked by sys_clk_pin). Large setup violations at the end of those stages might be difficult to fix during the post-placement implementation flow and could be the result of non-optimal XDC constraints or non-optimal design architecture
Related violations: <none>

TIMING-16#743 Warning
Large setup violation  
There is a large setup violation of -5.821 ns between x_heep_system_i/core_v_mini_mcu_i/ao_peripheral_subsystem_i/obi_fifo_i/obi_req_fifo_i/mem_q_reg[0][addr][29]/C (clocked by sys_clk_pin) and x_heep_system_i/core_v_mini_mcu_i/ao_peripheral_subsystem_i/power_manager_i/power_manager_reg_top_i/u_cpu_switch_off_counter/q_reg[19]/CE (clocked by sys_clk_pin). Large setup violations at the end of those stages might be difficult to fix during the post-placement implementation flow and could be the result of non-optimal XDC constraints or non-optimal design architecture
Related violations: <none>

TIMING-16#744 Warning
Large setup violation  
There is a large setup violation of -5.823 ns between x_heep_system_i/core_v_mini_mcu_i/ao_peripheral_subsystem_i/obi_fifo_i/obi_req_fifo_i/mem_q_reg[0][addr][29]/C (clocked by sys_clk_pin) and x_heep_system_i/core_v_mini_mcu_i/ao_peripheral_subsystem_i/power_manager_i/power_manager_reg_top_i/u_cpu_iso_on_counter/q_reg[10]/CE (clocked by sys_clk_pin). Large setup violations at the end of those stages might be difficult to fix during the post-placement implementation flow and could be the result of non-optimal XDC constraints or non-optimal design architecture
Related violations: <none>

TIMING-16#745 Warning
Large setup violation  
There is a large setup violation of -5.823 ns between x_heep_system_i/core_v_mini_mcu_i/ao_peripheral_subsystem_i/obi_fifo_i/obi_req_fifo_i/mem_q_reg[0][addr][29]/C (clocked by sys_clk_pin) and x_heep_system_i/core_v_mini_mcu_i/ao_peripheral_subsystem_i/power_manager_i/power_manager_reg_top_i/u_cpu_iso_on_counter/q_reg[11]/CE (clocked by sys_clk_pin). Large setup violations at the end of those stages might be difficult to fix during the post-placement implementation flow and could be the result of non-optimal XDC constraints or non-optimal design architecture
Related violations: <none>

TIMING-16#746 Warning
Large setup violation  
There is a large setup violation of -5.823 ns between x_heep_system_i/core_v_mini_mcu_i/ao_peripheral_subsystem_i/obi_fifo_i/obi_req_fifo_i/mem_q_reg[0][addr][29]/C (clocked by sys_clk_pin) and x_heep_system_i/core_v_mini_mcu_i/ao_peripheral_subsystem_i/power_manager_i/power_manager_reg_top_i/u_cpu_iso_on_counter/q_reg[12]/CE (clocked by sys_clk_pin). Large setup violations at the end of those stages might be difficult to fix during the post-placement implementation flow and could be the result of non-optimal XDC constraints or non-optimal design architecture
Related violations: <none>

TIMING-16#747 Warning
Large setup violation  
There is a large setup violation of -5.825 ns between x_heep_system_i/core_v_mini_mcu_i/ao_peripheral_subsystem_i/obi_fifo_i/obi_req_fifo_i/mem_q_reg[0][addr][29]/C (clocked by sys_clk_pin) and x_heep_system_i/core_v_mini_mcu_i/ao_peripheral_subsystem_i/power_manager_i/power_manager_reg_top_i/u_cpu_reset_deassert_counter/q_reg[17]/D (clocked by sys_clk_pin). Large setup violations at the end of those stages might be difficult to fix during the post-placement implementation flow and could be the result of non-optimal XDC constraints or non-optimal design architecture
Related violations: <none>

TIMING-16#748 Warning
Large setup violation  
There is a large setup violation of -5.827 ns between x_heep_system_i/core_v_mini_mcu_i/ao_peripheral_subsystem_i/obi_fifo_i/obi_req_fifo_i/mem_q_reg[0][addr][29]/C (clocked by sys_clk_pin) and x_heep_system_i/core_v_mini_mcu_i/ao_peripheral_subsystem_i/power_manager_i/power_manager_reg_top_i/u_cpu_reset_deassert_counter/q_reg[14]/D (clocked by sys_clk_pin). Large setup violations at the end of those stages might be difficult to fix during the post-placement implementation flow and could be the result of non-optimal XDC constraints or non-optimal design architecture
Related violations: <none>

TIMING-16#749 Warning
Large setup violation  
There is a large setup violation of -5.830 ns between x_heep_system_i/core_v_mini_mcu_i/ao_peripheral_subsystem_i/obi_fifo_i/obi_req_fifo_i/mem_q_reg[0][addr][29]/C (clocked by sys_clk_pin) and x_heep_system_i/core_v_mini_mcu_i/ao_peripheral_subsystem_i/gpio_ao_i/i_reg_file/u_intrpt_rise_status_intrpt_rise_status_6/q_reg[0]/D (clocked by sys_clk_pin). Large setup violations at the end of those stages might be difficult to fix during the post-placement implementation flow and could be the result of non-optimal XDC constraints or non-optimal design architecture
Related violations: <none>

TIMING-16#750 Warning
Large setup violation  
There is a large setup violation of -5.830 ns between x_heep_system_i/core_v_mini_mcu_i/ao_peripheral_subsystem_i/obi_fifo_i/obi_req_fifo_i/mem_q_reg[0][addr][29]/C (clocked by sys_clk_pin) and x_heep_system_i/core_v_mini_mcu_i/ao_peripheral_subsystem_i/power_manager_i/power_manager_reg_top_i/u_cpu_switch_on_counter/q_reg[26]/CE (clocked by sys_clk_pin). Large setup violations at the end of those stages might be difficult to fix during the post-placement implementation flow and could be the result of non-optimal XDC constraints or non-optimal design architecture
Related violations: <none>

TIMING-16#751 Warning
Large setup violation  
There is a large setup violation of -5.830 ns between x_heep_system_i/core_v_mini_mcu_i/ao_peripheral_subsystem_i/obi_fifo_i/obi_req_fifo_i/mem_q_reg[0][addr][29]/C (clocked by sys_clk_pin) and x_heep_system_i/core_v_mini_mcu_i/ao_peripheral_subsystem_i/power_manager_i/power_manager_reg_top_i/u_cpu_switch_on_counter/q_reg[27]/CE (clocked by sys_clk_pin). Large setup violations at the end of those stages might be difficult to fix during the post-placement implementation flow and could be the result of non-optimal XDC constraints or non-optimal design architecture
Related violations: <none>

TIMING-16#752 Warning
Large setup violation  
There is a large setup violation of -5.831 ns between x_heep_system_i/core_v_mini_mcu_i/ao_peripheral_subsystem_i/obi_fifo_i/obi_req_fifo_i/mem_q_reg[0][addr][29]/C (clocked by sys_clk_pin) and x_heep_system_i/core_v_mini_mcu_i/ao_peripheral_subsystem_i/power_manager_i/power_manager_reg_top_i/u_en_wait_for_intr/q_reg[16]/D (clocked by sys_clk_pin). Large setup violations at the end of those stages might be difficult to fix during the post-placement implementation flow and could be the result of non-optimal XDC constraints or non-optimal design architecture
Related violations: <none>

TIMING-16#753 Warning
Large setup violation  
There is a large setup violation of -5.832 ns between x_heep_system_i/core_v_mini_mcu_i/ao_peripheral_subsystem_i/obi_fifo_i/obi_req_fifo_i/mem_q_reg[0][addr][29]/C (clocked by sys_clk_pin) and x_heep_system_i/core_v_mini_mcu_i/ao_peripheral_subsystem_i/gpio_ao_i/i_reg_file/u_intrpt_lvl_low_status_intrpt_lvl_low_status_23/q_reg[0]/D (clocked by sys_clk_pin). Large setup violations at the end of those stages might be difficult to fix during the post-placement implementation flow and could be the result of non-optimal XDC constraints or non-optimal design architecture
Related violations: <none>

TIMING-16#754 Warning
Large setup violation  
There is a large setup violation of -5.838 ns between x_heep_system_i/core_v_mini_mcu_i/ao_peripheral_subsystem_i/obi_fifo_i/obi_req_fifo_i/mem_q_reg[0][addr][29]/C (clocked by sys_clk_pin) and x_heep_system_i/core_v_mini_mcu_i/ao_peripheral_subsystem_i/power_manager_i/power_manager_reg_top_i/u_cpu_switch_off_counter/q_reg[10]/D (clocked by sys_clk_pin). Large setup violations at the end of those stages might be difficult to fix during the post-placement implementation flow and could be the result of non-optimal XDC constraints or non-optimal design architecture
Related violations: <none>

TIMING-16#755 Warning
Large setup violation  
There is a large setup violation of -5.838 ns between x_heep_system_i/core_v_mini_mcu_i/ao_peripheral_subsystem_i/obi_fifo_i/obi_req_fifo_i/mem_q_reg[0][addr][29]/C (clocked by sys_clk_pin) and x_heep_system_i/core_v_mini_mcu_i/ao_peripheral_subsystem_i/power_manager_i/power_manager_reg_top_i/u_cpu_switch_on_counter/q_reg[21]/CE (clocked by sys_clk_pin). Large setup violations at the end of those stages might be difficult to fix during the post-placement implementation flow and could be the result of non-optimal XDC constraints or non-optimal design architecture
Related violations: <none>

TIMING-16#756 Warning
Large setup violation  
There is a large setup violation of -5.838 ns between x_heep_system_i/core_v_mini_mcu_i/ao_peripheral_subsystem_i/obi_fifo_i/obi_req_fifo_i/mem_q_reg[0][addr][29]/C (clocked by sys_clk_pin) and x_heep_system_i/core_v_mini_mcu_i/ao_peripheral_subsystem_i/power_manager_i/power_manager_reg_top_i/u_cpu_switch_on_counter/q_reg[23]/CE (clocked by sys_clk_pin). Large setup violations at the end of those stages might be difficult to fix during the post-placement implementation flow and could be the result of non-optimal XDC constraints or non-optimal design architecture
Related violations: <none>

TIMING-16#757 Warning
Large setup violation  
There is a large setup violation of -5.838 ns between x_heep_system_i/core_v_mini_mcu_i/ao_peripheral_subsystem_i/obi_fifo_i/obi_req_fifo_i/mem_q_reg[0][addr][29]/C (clocked by sys_clk_pin) and x_heep_system_i/core_v_mini_mcu_i/ao_peripheral_subsystem_i/power_manager_i/power_manager_reg_top_i/u_cpu_switch_on_counter/q_reg[24]/CE (clocked by sys_clk_pin). Large setup violations at the end of those stages might be difficult to fix during the post-placement implementation flow and could be the result of non-optimal XDC constraints or non-optimal design architecture
Related violations: <none>

TIMING-16#758 Warning
Large setup violation  
There is a large setup violation of -5.839 ns between x_heep_system_i/core_v_mini_mcu_i/ao_peripheral_subsystem_i/obi_fifo_i/obi_req_fifo_i/mem_q_reg[0][addr][29]/C (clocked by sys_clk_pin) and x_heep_system_i/core_v_mini_mcu_i/ao_peripheral_subsystem_i/gpio_ao_i/i_reg_file/u_intrpt_rise_status_intrpt_rise_status_7/q_reg[0]/D (clocked by sys_clk_pin). Large setup violations at the end of those stages might be difficult to fix during the post-placement implementation flow and could be the result of non-optimal XDC constraints or non-optimal design architecture
Related violations: <none>

TIMING-16#759 Warning
Large setup violation  
There is a large setup violation of -5.840 ns between x_heep_system_i/core_v_mini_mcu_i/ao_peripheral_subsystem_i/obi_fifo_i/obi_req_fifo_i/mem_q_reg[0][addr][29]/C (clocked by sys_clk_pin) and x_heep_system_i/core_v_mini_mcu_i/ao_peripheral_subsystem_i/power_manager_i/power_manager_reg_top_i/u_cpu_switch_off_counter/q_reg[11]/D (clocked by sys_clk_pin). Large setup violations at the end of those stages might be difficult to fix during the post-placement implementation flow and could be the result of non-optimal XDC constraints or non-optimal design architecture
Related violations: <none>

TIMING-16#760 Warning
Large setup violation  
There is a large setup violation of -5.841 ns between x_heep_system_i/core_v_mini_mcu_i/ao_peripheral_subsystem_i/obi_fifo_i/obi_req_fifo_i/mem_q_reg[0][addr][29]/C (clocked by sys_clk_pin) and x_heep_system_i/core_v_mini_mcu_i/ao_peripheral_subsystem_i/gpio_ao_i/i_reg_file/u_intrpt_fall_status_intrpt_fall_status_7/q_reg[0]/D (clocked by sys_clk_pin). Large setup violations at the end of those stages might be difficult to fix during the post-placement implementation flow and could be the result of non-optimal XDC constraints or non-optimal design architecture
Related violations: <none>

TIMING-16#761 Warning
Large setup violation  
There is a large setup violation of -5.842 ns between x_heep_system_i/core_v_mini_mcu_i/ao_peripheral_subsystem_i/obi_fifo_i/obi_req_fifo_i/mem_q_reg[0][addr][29]/C (clocked by sys_clk_pin) and x_heep_system_i/core_v_mini_mcu_i/ao_peripheral_subsystem_i/gpio_ao_i/i_reg_file/u_intrpt_fall_status_intrpt_fall_status_18/q_reg[0]/D (clocked by sys_clk_pin). Large setup violations at the end of those stages might be difficult to fix during the post-placement implementation flow and could be the result of non-optimal XDC constraints or non-optimal design architecture
Related violations: <none>

TIMING-16#762 Warning
Large setup violation  
There is a large setup violation of -5.843 ns between x_heep_system_i/core_v_mini_mcu_i/ao_peripheral_subsystem_i/obi_fifo_i/obi_req_fifo_i/mem_q_reg[0][addr][29]/C (clocked by sys_clk_pin) and x_heep_system_i/core_v_mini_mcu_i/ao_peripheral_subsystem_i/power_manager_i/power_manager_reg_top_i/u_cpu_switch_off_counter/q_reg[22]/CE (clocked by sys_clk_pin). Large setup violations at the end of those stages might be difficult to fix during the post-placement implementation flow and could be the result of non-optimal XDC constraints or non-optimal design architecture
Related violations: <none>

TIMING-16#763 Warning
Large setup violation  
There is a large setup violation of -5.843 ns between x_heep_system_i/core_v_mini_mcu_i/ao_peripheral_subsystem_i/obi_fifo_i/obi_req_fifo_i/mem_q_reg[0][addr][29]/C (clocked by sys_clk_pin) and x_heep_system_i/core_v_mini_mcu_i/ao_peripheral_subsystem_i/power_manager_i/power_manager_reg_top_i/u_cpu_switch_off_counter/q_reg[26]/CE (clocked by sys_clk_pin). Large setup violations at the end of those stages might be difficult to fix during the post-placement implementation flow and could be the result of non-optimal XDC constraints or non-optimal design architecture
Related violations: <none>

TIMING-16#764 Warning
Large setup violation  
There is a large setup violation of -5.844 ns between x_heep_system_i/core_v_mini_mcu_i/ao_peripheral_subsystem_i/obi_fifo_i/obi_req_fifo_i/mem_q_reg[0][addr][29]/C (clocked by sys_clk_pin) and x_heep_system_i/core_v_mini_mcu_i/ao_peripheral_subsystem_i/power_manager_i/power_manager_reg_top_i/u_cpu_switch_off_counter/q_reg[28]/D (clocked by sys_clk_pin). Large setup violations at the end of those stages might be difficult to fix during the post-placement implementation flow and could be the result of non-optimal XDC constraints or non-optimal design architecture
Related violations: <none>

TIMING-16#765 Warning
Large setup violation  
There is a large setup violation of -5.846 ns between x_heep_system_i/core_v_mini_mcu_i/ao_peripheral_subsystem_i/obi_fifo_i/obi_req_fifo_i/mem_q_reg[0][addr][29]/C (clocked by sys_clk_pin) and x_heep_system_i/core_v_mini_mcu_i/ao_peripheral_subsystem_i/power_manager_i/power_manager_reg_top_i/u_cpu_reset_assert_counter/q_reg[0]/CE (clocked by sys_clk_pin). Large setup violations at the end of those stages might be difficult to fix during the post-placement implementation flow and could be the result of non-optimal XDC constraints or non-optimal design architecture
Related violations: <none>

TIMING-16#766 Warning
Large setup violation  
There is a large setup violation of -5.849 ns between x_heep_system_i/core_v_mini_mcu_i/ao_peripheral_subsystem_i/obi_fifo_i/obi_req_fifo_i/mem_q_reg[0][addr][29]/C (clocked by sys_clk_pin) and x_heep_system_i/core_v_mini_mcu_i/ao_peripheral_subsystem_i/gpio_ao_i/i_reg_file/u_gpio_out_gpio_out_18/q_reg[0]/D (clocked by sys_clk_pin). Large setup violations at the end of those stages might be difficult to fix during the post-placement implementation flow and could be the result of non-optimal XDC constraints or non-optimal design architecture
Related violations: <none>

TIMING-16#767 Warning
Large setup violation  
There is a large setup violation of -5.849 ns between x_heep_system_i/core_v_mini_mcu_i/ao_peripheral_subsystem_i/obi_fifo_i/obi_req_fifo_i/mem_q_reg[0][addr][29]/C (clocked by sys_clk_pin) and x_heep_system_i/core_v_mini_mcu_i/ao_peripheral_subsystem_i/gpio_ao_i/i_reg_file/u_intrpt_rise_status_intrpt_rise_status_2/q_reg[0]/D (clocked by sys_clk_pin). Large setup violations at the end of those stages might be difficult to fix during the post-placement implementation flow and could be the result of non-optimal XDC constraints or non-optimal design architecture
Related violations: <none>

TIMING-16#768 Warning
Large setup violation  
There is a large setup violation of -5.849 ns between x_heep_system_i/core_v_mini_mcu_i/ao_peripheral_subsystem_i/obi_fifo_i/obi_req_fifo_i/mem_q_reg[0][addr][29]/C (clocked by sys_clk_pin) and x_heep_system_i/core_v_mini_mcu_i/ao_peripheral_subsystem_i/power_manager_i/power_manager_reg_top_i/u_cpu_iso_on_counter/q_reg[31]/D (clocked by sys_clk_pin). Large setup violations at the end of those stages might be difficult to fix during the post-placement implementation flow and could be the result of non-optimal XDC constraints or non-optimal design architecture
Related violations: <none>

TIMING-16#769 Warning
Large setup violation  
There is a large setup violation of -5.852 ns between x_heep_system_i/core_v_mini_mcu_i/ao_peripheral_subsystem_i/obi_fifo_i/obi_req_fifo_i/mem_q_reg[0][addr][29]/C (clocked by sys_clk_pin) and x_heep_system_i/core_v_mini_mcu_i/ao_peripheral_subsystem_i/gpio_ao_i/i_reg_file/u_intrpt_lvl_high_status_intrpt_lvl_high_status_17/q_reg[0]/D (clocked by sys_clk_pin). Large setup violations at the end of those stages might be difficult to fix during the post-placement implementation flow and could be the result of non-optimal XDC constraints or non-optimal design architecture
Related violations: <none>

TIMING-16#770 Warning
Large setup violation  
There is a large setup violation of -5.859 ns between x_heep_system_i/core_v_mini_mcu_i/ao_peripheral_subsystem_i/obi_fifo_i/obi_req_fifo_i/mem_q_reg[0][addr][29]/C (clocked by sys_clk_pin) and x_heep_system_i/core_v_mini_mcu_i/ao_peripheral_subsystem_i/gpio_ao_i/i_reg_file/u_gpio_out_gpio_out_6/q_reg[0]/D (clocked by sys_clk_pin). Large setup violations at the end of those stages might be difficult to fix during the post-placement implementation flow and could be the result of non-optimal XDC constraints or non-optimal design architecture
Related violations: <none>

TIMING-16#771 Warning
Large setup violation  
There is a large setup violation of -5.862 ns between x_heep_system_i/core_v_mini_mcu_i/ao_peripheral_subsystem_i/obi_fifo_i/obi_req_fifo_i/mem_q_reg[0][addr][29]/C (clocked by sys_clk_pin) and x_heep_system_i/core_v_mini_mcu_i/ao_peripheral_subsystem_i/gpio_ao_i/i_reg_file/u_gpio_out_gpio_out_5/q_reg[0]/D (clocked by sys_clk_pin). Large setup violations at the end of those stages might be difficult to fix during the post-placement implementation flow and could be the result of non-optimal XDC constraints or non-optimal design architecture
Related violations: <none>

TIMING-16#772 Warning
Large setup violation  
There is a large setup violation of -5.862 ns between x_heep_system_i/core_v_mini_mcu_i/ao_peripheral_subsystem_i/obi_fifo_i/obi_req_fifo_i/mem_q_reg[0][addr][29]/C (clocked by sys_clk_pin) and x_heep_system_i/core_v_mini_mcu_i/ao_peripheral_subsystem_i/power_manager_i/power_manager_reg_top_i/u_cpu_iso_off_counter/q_reg[28]/D (clocked by sys_clk_pin). Large setup violations at the end of those stages might be difficult to fix during the post-placement implementation flow and could be the result of non-optimal XDC constraints or non-optimal design architecture
Related violations: <none>

TIMING-16#773 Warning
Large setup violation  
There is a large setup violation of -5.865 ns between x_heep_system_i/core_v_mini_mcu_i/ao_peripheral_subsystem_i/obi_fifo_i/obi_req_fifo_i/mem_q_reg[0][addr][29]/C (clocked by sys_clk_pin) and x_heep_system_i/core_v_mini_mcu_i/ao_peripheral_subsystem_i/power_manager_i/power_manager_reg_top_i/u_cpu_switch_on_counter/q_reg[18]/CE (clocked by sys_clk_pin). Large setup violations at the end of those stages might be difficult to fix during the post-placement implementation flow and could be the result of non-optimal XDC constraints or non-optimal design architecture
Related violations: <none>

TIMING-16#774 Warning
Large setup violation  
There is a large setup violation of -5.865 ns between x_heep_system_i/core_v_mini_mcu_i/ao_peripheral_subsystem_i/obi_fifo_i/obi_req_fifo_i/mem_q_reg[0][addr][29]/C (clocked by sys_clk_pin) and x_heep_system_i/core_v_mini_mcu_i/ao_peripheral_subsystem_i/power_manager_i/power_manager_reg_top_i/u_cpu_switch_on_counter/q_reg[19]/CE (clocked by sys_clk_pin). Large setup violations at the end of those stages might be difficult to fix during the post-placement implementation flow and could be the result of non-optimal XDC constraints or non-optimal design architecture
Related violations: <none>

TIMING-16#775 Warning
Large setup violation  
There is a large setup violation of -5.867 ns between x_heep_system_i/core_v_mini_mcu_i/ao_peripheral_subsystem_i/obi_fifo_i/obi_req_fifo_i/mem_q_reg[0][addr][29]/C (clocked by sys_clk_pin) and x_heep_system_i/core_v_mini_mcu_i/ao_peripheral_subsystem_i/power_manager_i/power_manager_reg_top_i/u_cpu_reset_deassert_counter/q_reg[5]/CE (clocked by sys_clk_pin). Large setup violations at the end of those stages might be difficult to fix during the post-placement implementation flow and could be the result of non-optimal XDC constraints or non-optimal design architecture
Related violations: <none>

TIMING-16#776 Warning
Large setup violation  
There is a large setup violation of -5.867 ns between x_heep_system_i/core_v_mini_mcu_i/ao_peripheral_subsystem_i/obi_fifo_i/obi_req_fifo_i/mem_q_reg[0][addr][29]/C (clocked by sys_clk_pin) and x_heep_system_i/core_v_mini_mcu_i/ao_peripheral_subsystem_i/power_manager_i/power_manager_reg_top_i/u_cpu_reset_deassert_counter/q_reg[7]/CE (clocked by sys_clk_pin). Large setup violations at the end of those stages might be difficult to fix during the post-placement implementation flow and could be the result of non-optimal XDC constraints or non-optimal design architecture
Related violations: <none>

TIMING-16#777 Warning
Large setup violation  
There is a large setup violation of -5.873 ns between x_heep_system_i/core_v_mini_mcu_i/ao_peripheral_subsystem_i/obi_fifo_i/obi_req_fifo_i/mem_q_reg[0][addr][29]/C (clocked by sys_clk_pin) and x_heep_system_i/core_v_mini_mcu_i/ao_peripheral_subsystem_i/gpio_ao_i/i_reg_file/u_gpio_out_gpio_out_7/q_reg[0]/D (clocked by sys_clk_pin). Large setup violations at the end of those stages might be difficult to fix during the post-placement implementation flow and could be the result of non-optimal XDC constraints or non-optimal design architecture
Related violations: <none>

TIMING-16#778 Warning
Large setup violation  
There is a large setup violation of -5.873 ns between x_heep_system_i/core_v_mini_mcu_i/ao_peripheral_subsystem_i/obi_fifo_i/obi_req_fifo_i/mem_q_reg[0][addr][29]/C (clocked by sys_clk_pin) and x_heep_system_i/core_v_mini_mcu_i/ao_peripheral_subsystem_i/power_manager_i/power_manager_reg_top_i/u_cpu_switch_off_counter/q_reg[28]/CE (clocked by sys_clk_pin). Large setup violations at the end of those stages might be difficult to fix during the post-placement implementation flow and could be the result of non-optimal XDC constraints or non-optimal design architecture
Related violations: <none>

TIMING-16#779 Warning
Large setup violation  
There is a large setup violation of -5.873 ns between x_heep_system_i/core_v_mini_mcu_i/ao_peripheral_subsystem_i/obi_fifo_i/obi_req_fifo_i/mem_q_reg[0][addr][29]/C (clocked by sys_clk_pin) and x_heep_system_i/core_v_mini_mcu_i/ao_peripheral_subsystem_i/power_manager_i/power_manager_reg_top_i/u_cpu_switch_off_counter/q_reg[31]/CE (clocked by sys_clk_pin). Large setup violations at the end of those stages might be difficult to fix during the post-placement implementation flow and could be the result of non-optimal XDC constraints or non-optimal design architecture
Related violations: <none>

TIMING-16#780 Warning
Large setup violation  
There is a large setup violation of -5.877 ns between x_heep_system_i/core_v_mini_mcu_i/ao_peripheral_subsystem_i/obi_fifo_i/obi_req_fifo_i/mem_q_reg[0][addr][29]/C (clocked by sys_clk_pin) and x_heep_system_i/core_v_mini_mcu_i/ao_peripheral_subsystem_i/power_manager_i/power_manager_reg_top_i/u_cpu_switch_on_counter/q_reg[28]/CE (clocked by sys_clk_pin). Large setup violations at the end of those stages might be difficult to fix during the post-placement implementation flow and could be the result of non-optimal XDC constraints or non-optimal design architecture
Related violations: <none>

TIMING-16#781 Warning
Large setup violation  
There is a large setup violation of -5.877 ns between x_heep_system_i/core_v_mini_mcu_i/ao_peripheral_subsystem_i/obi_fifo_i/obi_req_fifo_i/mem_q_reg[0][addr][29]/C (clocked by sys_clk_pin) and x_heep_system_i/core_v_mini_mcu_i/ao_peripheral_subsystem_i/power_manager_i/power_manager_reg_top_i/u_cpu_switch_on_counter/q_reg[30]/CE (clocked by sys_clk_pin). Large setup violations at the end of those stages might be difficult to fix during the post-placement implementation flow and could be the result of non-optimal XDC constraints or non-optimal design architecture
Related violations: <none>

TIMING-16#782 Warning
Large setup violation  
There is a large setup violation of -5.882 ns between x_heep_system_i/core_v_mini_mcu_i/ao_peripheral_subsystem_i/obi_fifo_i/obi_req_fifo_i/mem_q_reg[0][addr][29]/C (clocked by sys_clk_pin) and x_heep_system_i/core_v_mini_mcu_i/ao_peripheral_subsystem_i/power_manager_i/power_manager_reg_top_i/u_cpu_reset_assert_counter/q_reg[13]/CE (clocked by sys_clk_pin). Large setup violations at the end of those stages might be difficult to fix during the post-placement implementation flow and could be the result of non-optimal XDC constraints or non-optimal design architecture
Related violations: <none>

TIMING-16#783 Warning
Large setup violation  
There is a large setup violation of -5.882 ns between x_heep_system_i/core_v_mini_mcu_i/ao_peripheral_subsystem_i/obi_fifo_i/obi_req_fifo_i/mem_q_reg[0][addr][29]/C (clocked by sys_clk_pin) and x_heep_system_i/core_v_mini_mcu_i/ao_peripheral_subsystem_i/power_manager_i/power_manager_reg_top_i/u_cpu_reset_assert_counter/q_reg[14]/CE (clocked by sys_clk_pin). Large setup violations at the end of those stages might be difficult to fix during the post-placement implementation flow and could be the result of non-optimal XDC constraints or non-optimal design architecture
Related violations: <none>

TIMING-16#784 Warning
Large setup violation  
There is a large setup violation of -5.886 ns between x_heep_system_i/core_v_mini_mcu_i/ao_peripheral_subsystem_i/obi_fifo_i/obi_req_fifo_i/mem_q_reg[0][addr][29]/C (clocked by sys_clk_pin) and x_heep_system_i/core_v_mini_mcu_i/ao_peripheral_subsystem_i/power_manager_i/power_manager_reg_top_i/u_cpu_switch_on_counter/q_reg[30]/D (clocked by sys_clk_pin). Large setup violations at the end of those stages might be difficult to fix during the post-placement implementation flow and could be the result of non-optimal XDC constraints or non-optimal design architecture
Related violations: <none>

TIMING-16#785 Warning
Large setup violation  
There is a large setup violation of -5.889 ns between x_heep_system_i/core_v_mini_mcu_i/ao_peripheral_subsystem_i/obi_fifo_i/obi_req_fifo_i/mem_q_reg[0][addr][29]/C (clocked by sys_clk_pin) and x_heep_system_i/core_v_mini_mcu_i/ao_peripheral_subsystem_i/power_manager_i/power_manager_reg_top_i/u_cpu_switch_on_counter/q_reg[10]/CE (clocked by sys_clk_pin). Large setup violations at the end of those stages might be difficult to fix during the post-placement implementation flow and could be the result of non-optimal XDC constraints or non-optimal design architecture
Related violations: <none>

TIMING-16#786 Warning
Large setup violation  
There is a large setup violation of -5.889 ns between x_heep_system_i/core_v_mini_mcu_i/ao_peripheral_subsystem_i/obi_fifo_i/obi_req_fifo_i/mem_q_reg[0][addr][29]/C (clocked by sys_clk_pin) and x_heep_system_i/core_v_mini_mcu_i/ao_peripheral_subsystem_i/power_manager_i/power_manager_reg_top_i/u_cpu_switch_on_counter/q_reg[12]/CE (clocked by sys_clk_pin). Large setup violations at the end of those stages might be difficult to fix during the post-placement implementation flow and could be the result of non-optimal XDC constraints or non-optimal design architecture
Related violations: <none>

TIMING-16#787 Warning
Large setup violation  
There is a large setup violation of -5.890 ns between x_heep_system_i/core_v_mini_mcu_i/ao_peripheral_subsystem_i/obi_fifo_i/obi_req_fifo_i/mem_q_reg[0][addr][29]/C (clocked by sys_clk_pin) and x_heep_system_i/core_v_mini_mcu_i/ao_peripheral_subsystem_i/power_manager_i/power_manager_reg_top_i/u_cpu_switch_on_counter/q_reg[14]/CE (clocked by sys_clk_pin). Large setup violations at the end of those stages might be difficult to fix during the post-placement implementation flow and could be the result of non-optimal XDC constraints or non-optimal design architecture
Related violations: <none>

TIMING-16#788 Warning
Large setup violation  
There is a large setup violation of -5.890 ns between x_heep_system_i/core_v_mini_mcu_i/ao_peripheral_subsystem_i/obi_fifo_i/obi_req_fifo_i/mem_q_reg[0][addr][29]/C (clocked by sys_clk_pin) and x_heep_system_i/core_v_mini_mcu_i/ao_peripheral_subsystem_i/power_manager_i/power_manager_reg_top_i/u_cpu_switch_on_counter/q_reg[17]/CE (clocked by sys_clk_pin). Large setup violations at the end of those stages might be difficult to fix during the post-placement implementation flow and could be the result of non-optimal XDC constraints or non-optimal design architecture
Related violations: <none>

TIMING-16#789 Warning
Large setup violation  
There is a large setup violation of -5.892 ns between x_heep_system_i/core_v_mini_mcu_i/ao_peripheral_subsystem_i/obi_fifo_i/obi_req_fifo_i/mem_q_reg[0][addr][29]/C (clocked by sys_clk_pin) and x_heep_system_i/core_v_mini_mcu_i/ao_peripheral_subsystem_i/power_manager_i/power_manager_reg_top_i/u_cpu_reset_assert_counter/q_reg[16]/D (clocked by sys_clk_pin). Large setup violations at the end of those stages might be difficult to fix during the post-placement implementation flow and could be the result of non-optimal XDC constraints or non-optimal design architecture
Related violations: <none>

TIMING-16#790 Warning
Large setup violation  
There is a large setup violation of -5.898 ns between x_heep_system_i/core_v_mini_mcu_i/ao_peripheral_subsystem_i/obi_fifo_i/obi_req_fifo_i/mem_q_reg[0][addr][29]/C (clocked by sys_clk_pin) and x_heep_system_i/core_v_mini_mcu_i/ao_peripheral_subsystem_i/power_manager_i/power_manager_reg_top_i/u_cpu_reset_assert_counter/q_reg[21]/D (clocked by sys_clk_pin). Large setup violations at the end of those stages might be difficult to fix during the post-placement implementation flow and could be the result of non-optimal XDC constraints or non-optimal design architecture
Related violations: <none>

TIMING-16#791 Warning
Large setup violation  
There is a large setup violation of -5.899 ns between x_heep_system_i/core_v_mini_mcu_i/ao_peripheral_subsystem_i/obi_fifo_i/obi_req_fifo_i/mem_q_reg[0][addr][29]/C (clocked by sys_clk_pin) and x_heep_system_i/core_v_mini_mcu_i/ao_peripheral_subsystem_i/gpio_ao_i/i_reg_file/u_intrpt_lvl_high_status_intrpt_lvl_high_status_23/q_reg[0]/D (clocked by sys_clk_pin). Large setup violations at the end of those stages might be difficult to fix during the post-placement implementation flow and could be the result of non-optimal XDC constraints or non-optimal design architecture
Related violations: <none>

TIMING-16#792 Warning
Large setup violation  
There is a large setup violation of -5.912 ns between x_heep_system_i/core_v_mini_mcu_i/ao_peripheral_subsystem_i/obi_fifo_i/obi_req_fifo_i/mem_q_reg[0][addr][29]/C (clocked by sys_clk_pin) and x_heep_system_i/core_v_mini_mcu_i/ao_peripheral_subsystem_i/power_manager_i/power_manager_reg_top_i/u_cpu_reset_assert_counter/q_reg[2]/CE (clocked by sys_clk_pin). Large setup violations at the end of those stages might be difficult to fix during the post-placement implementation flow and could be the result of non-optimal XDC constraints or non-optimal design architecture
Related violations: <none>

TIMING-16#793 Warning
Large setup violation  
There is a large setup violation of -5.912 ns between x_heep_system_i/core_v_mini_mcu_i/ao_peripheral_subsystem_i/obi_fifo_i/obi_req_fifo_i/mem_q_reg[0][addr][29]/C (clocked by sys_clk_pin) and x_heep_system_i/core_v_mini_mcu_i/ao_peripheral_subsystem_i/power_manager_i/power_manager_reg_top_i/u_cpu_reset_deassert_counter/q_reg[22]/D (clocked by sys_clk_pin). Large setup violations at the end of those stages might be difficult to fix during the post-placement implementation flow and could be the result of non-optimal XDC constraints or non-optimal design architecture
Related violations: <none>

TIMING-16#794 Warning
Large setup violation  
There is a large setup violation of -5.915 ns between x_heep_system_i/core_v_mini_mcu_i/ao_peripheral_subsystem_i/obi_fifo_i/obi_req_fifo_i/mem_q_reg[0][addr][29]/C (clocked by sys_clk_pin) and x_heep_system_i/core_v_mini_mcu_i/ao_peripheral_subsystem_i/power_manager_i/power_manager_reg_top_i/u_cpu_switch_off_counter/q_reg[18]/D (clocked by sys_clk_pin). Large setup violations at the end of those stages might be difficult to fix during the post-placement implementation flow and could be the result of non-optimal XDC constraints or non-optimal design architecture
Related violations: <none>

TIMING-16#795 Warning
Large setup violation  
There is a large setup violation of -5.916 ns between x_heep_system_i/core_v_mini_mcu_i/ao_peripheral_subsystem_i/obi_fifo_i/obi_req_fifo_i/mem_q_reg[0][addr][29]/C (clocked by sys_clk_pin) and x_heep_system_i/core_v_mini_mcu_i/ao_peripheral_subsystem_i/power_manager_i/power_manager_reg_top_i/u_cpu_switch_on_counter/q_reg[29]/CE (clocked by sys_clk_pin). Large setup violations at the end of those stages might be difficult to fix during the post-placement implementation flow and could be the result of non-optimal XDC constraints or non-optimal design architecture
Related violations: <none>

TIMING-16#796 Warning
Large setup violation  
There is a large setup violation of -5.918 ns between x_heep_system_i/core_v_mini_mcu_i/ao_peripheral_subsystem_i/obi_fifo_i/obi_req_fifo_i/mem_q_reg[0][addr][29]/C (clocked by sys_clk_pin) and x_heep_system_i/core_v_mini_mcu_i/ao_peripheral_subsystem_i/power_manager_i/power_manager_reg_top_i/u_cpu_switch_on_counter/q_reg[20]/CE (clocked by sys_clk_pin). Large setup violations at the end of those stages might be difficult to fix during the post-placement implementation flow and could be the result of non-optimal XDC constraints or non-optimal design architecture
Related violations: <none>

TIMING-16#797 Warning
Large setup violation  
There is a large setup violation of -5.918 ns between x_heep_system_i/core_v_mini_mcu_i/ao_peripheral_subsystem_i/obi_fifo_i/obi_req_fifo_i/mem_q_reg[0][addr][29]/C (clocked by sys_clk_pin) and x_heep_system_i/core_v_mini_mcu_i/ao_peripheral_subsystem_i/power_manager_i/power_manager_reg_top_i/u_cpu_switch_on_counter/q_reg[22]/CE (clocked by sys_clk_pin). Large setup violations at the end of those stages might be difficult to fix during the post-placement implementation flow and could be the result of non-optimal XDC constraints or non-optimal design architecture
Related violations: <none>

TIMING-16#798 Warning
Large setup violation  
There is a large setup violation of -5.924 ns between x_heep_system_i/core_v_mini_mcu_i/ao_peripheral_subsystem_i/obi_fifo_i/obi_req_fifo_i/mem_q_reg[0][addr][29]/C (clocked by sys_clk_pin) and x_heep_system_i/core_v_mini_mcu_i/ao_peripheral_subsystem_i/power_manager_i/power_manager_reg_top_i/u_cpu_iso_on_counter/q_reg[18]/CE (clocked by sys_clk_pin). Large setup violations at the end of those stages might be difficult to fix during the post-placement implementation flow and could be the result of non-optimal XDC constraints or non-optimal design architecture
Related violations: <none>

TIMING-16#799 Warning
Large setup violation  
There is a large setup violation of -5.933 ns between x_heep_system_i/core_v_mini_mcu_i/ao_peripheral_subsystem_i/obi_fifo_i/obi_req_fifo_i/mem_q_reg[0][addr][29]/C (clocked by sys_clk_pin) and x_heep_system_i/core_v_mini_mcu_i/ao_peripheral_subsystem_i/power_manager_i/power_manager_reg_top_i/u_cpu_iso_on_counter/q_reg[25]/CE (clocked by sys_clk_pin). Large setup violations at the end of those stages might be difficult to fix during the post-placement implementation flow and could be the result of non-optimal XDC constraints or non-optimal design architecture
Related violations: <none>

TIMING-16#800 Warning
Large setup violation  
There is a large setup violation of -5.933 ns between x_heep_system_i/core_v_mini_mcu_i/ao_peripheral_subsystem_i/obi_fifo_i/obi_req_fifo_i/mem_q_reg[0][addr][29]/C (clocked by sys_clk_pin) and x_heep_system_i/core_v_mini_mcu_i/ao_peripheral_subsystem_i/power_manager_i/power_manager_reg_top_i/u_cpu_iso_on_counter/q_reg[27]/CE (clocked by sys_clk_pin). Large setup violations at the end of those stages might be difficult to fix during the post-placement implementation flow and could be the result of non-optimal XDC constraints or non-optimal design architecture
Related violations: <none>

TIMING-16#801 Warning
Large setup violation  
There is a large setup violation of -5.933 ns between x_heep_system_i/core_v_mini_mcu_i/ao_peripheral_subsystem_i/obi_fifo_i/obi_req_fifo_i/mem_q_reg[0][addr][29]/C (clocked by sys_clk_pin) and x_heep_system_i/core_v_mini_mcu_i/ao_peripheral_subsystem_i/power_manager_i/power_manager_reg_top_i/u_cpu_iso_on_counter/q_reg[30]/CE (clocked by sys_clk_pin). Large setup violations at the end of those stages might be difficult to fix during the post-placement implementation flow and could be the result of non-optimal XDC constraints or non-optimal design architecture
Related violations: <none>

TIMING-16#802 Warning
Large setup violation  
There is a large setup violation of -5.933 ns between x_heep_system_i/core_v_mini_mcu_i/ao_peripheral_subsystem_i/obi_fifo_i/obi_req_fifo_i/mem_q_reg[0][addr][29]/C (clocked by sys_clk_pin) and x_heep_system_i/core_v_mini_mcu_i/ao_peripheral_subsystem_i/power_manager_i/power_manager_reg_top_i/u_cpu_reset_deassert_counter/q_reg[0]/CE (clocked by sys_clk_pin). Large setup violations at the end of those stages might be difficult to fix during the post-placement implementation flow and could be the result of non-optimal XDC constraints or non-optimal design architecture
Related violations: <none>

TIMING-16#803 Warning
Large setup violation  
There is a large setup violation of -5.933 ns between x_heep_system_i/core_v_mini_mcu_i/ao_peripheral_subsystem_i/obi_fifo_i/obi_req_fifo_i/mem_q_reg[0][addr][29]/C (clocked by sys_clk_pin) and x_heep_system_i/core_v_mini_mcu_i/ao_peripheral_subsystem_i/power_manager_i/power_manager_reg_top_i/u_cpu_reset_deassert_counter/q_reg[1]/CE (clocked by sys_clk_pin). Large setup violations at the end of those stages might be difficult to fix during the post-placement implementation flow and could be the result of non-optimal XDC constraints or non-optimal design architecture
Related violations: <none>

TIMING-16#804 Warning
Large setup violation  
There is a large setup violation of -5.933 ns between x_heep_system_i/core_v_mini_mcu_i/ao_peripheral_subsystem_i/obi_fifo_i/obi_req_fifo_i/mem_q_reg[0][addr][29]/C (clocked by sys_clk_pin) and x_heep_system_i/core_v_mini_mcu_i/ao_peripheral_subsystem_i/power_manager_i/power_manager_reg_top_i/u_cpu_reset_deassert_counter/q_reg[2]/CE (clocked by sys_clk_pin). Large setup violations at the end of those stages might be difficult to fix during the post-placement implementation flow and could be the result of non-optimal XDC constraints or non-optimal design architecture
Related violations: <none>

TIMING-16#805 Warning
Large setup violation  
There is a large setup violation of -5.934 ns between x_heep_system_i/core_v_mini_mcu_i/ao_peripheral_subsystem_i/obi_fifo_i/obi_req_fifo_i/mem_q_reg[0][addr][29]/C (clocked by sys_clk_pin) and x_heep_system_i/core_v_mini_mcu_i/ao_peripheral_subsystem_i/gpio_ao_i/i_reg_file/u_intrpt_lvl_high_status_intrpt_lvl_high_status_18/q_reg[0]/D (clocked by sys_clk_pin). Large setup violations at the end of those stages might be difficult to fix during the post-placement implementation flow and could be the result of non-optimal XDC constraints or non-optimal design architecture
Related violations: <none>

TIMING-16#806 Warning
Large setup violation  
There is a large setup violation of -5.941 ns between x_heep_system_i/core_v_mini_mcu_i/ao_peripheral_subsystem_i/obi_fifo_i/obi_req_fifo_i/mem_q_reg[0][addr][29]/C (clocked by sys_clk_pin) and x_heep_system_i/core_v_mini_mcu_i/ao_peripheral_subsystem_i/power_manager_i/power_manager_reg_top_i/u_cpu_reset_deassert_counter/q_reg[16]/D (clocked by sys_clk_pin). Large setup violations at the end of those stages might be difficult to fix during the post-placement implementation flow and could be the result of non-optimal XDC constraints or non-optimal design architecture
Related violations: <none>

TIMING-16#807 Warning
Large setup violation  
There is a large setup violation of -5.941 ns between x_heep_system_i/core_v_mini_mcu_i/ao_peripheral_subsystem_i/obi_fifo_i/obi_req_fifo_i/mem_q_reg[0][addr][29]/C (clocked by sys_clk_pin) and x_heep_system_i/core_v_mini_mcu_i/ao_peripheral_subsystem_i/power_manager_i/power_manager_reg_top_i/u_cpu_reset_deassert_counter/q_reg[25]/D (clocked by sys_clk_pin). Large setup violations at the end of those stages might be difficult to fix during the post-placement implementation flow and could be the result of non-optimal XDC constraints or non-optimal design architecture
Related violations: <none>

TIMING-16#808 Warning
Large setup violation  
There is a large setup violation of -5.941 ns between x_heep_system_i/core_v_mini_mcu_i/ao_peripheral_subsystem_i/obi_fifo_i/obi_req_fifo_i/mem_q_reg[0][addr][29]/C (clocked by sys_clk_pin) and x_heep_system_i/core_v_mini_mcu_i/ao_peripheral_subsystem_i/power_manager_i/power_manager_reg_top_i/u_cpu_switch_on_counter/q_reg[31]/CE (clocked by sys_clk_pin). Large setup violations at the end of those stages might be difficult to fix during the post-placement implementation flow and could be the result of non-optimal XDC constraints or non-optimal design architecture
Related violations: <none>

TIMING-16#809 Warning
Large setup violation  
There is a large setup violation of -5.943 ns between x_heep_system_i/core_v_mini_mcu_i/ao_peripheral_subsystem_i/obi_fifo_i/obi_req_fifo_i/mem_q_reg[0][addr][29]/C (clocked by sys_clk_pin) and x_heep_system_i/core_v_mini_mcu_i/ao_peripheral_subsystem_i/power_manager_i/power_manager_reg_top_i/u_cpu_switch_off_counter/q_reg[14]/D (clocked by sys_clk_pin). Large setup violations at the end of those stages might be difficult to fix during the post-placement implementation flow and could be the result of non-optimal XDC constraints or non-optimal design architecture
Related violations: <none>

TIMING-16#810 Warning
Large setup violation  
There is a large setup violation of -5.947 ns between x_heep_system_i/core_v_mini_mcu_i/ao_peripheral_subsystem_i/obi_fifo_i/obi_req_fifo_i/mem_q_reg[0][addr][29]/C (clocked by sys_clk_pin) and x_heep_system_i/core_v_mini_mcu_i/ao_peripheral_subsystem_i/power_manager_i/power_manager_reg_top_i/u_cpu_reset_deassert_counter/q_reg[26]/D (clocked by sys_clk_pin). Large setup violations at the end of those stages might be difficult to fix during the post-placement implementation flow and could be the result of non-optimal XDC constraints or non-optimal design architecture
Related violations: <none>

TIMING-16#811 Warning
Large setup violation  
There is a large setup violation of -5.948 ns between x_heep_system_i/core_v_mini_mcu_i/ao_peripheral_subsystem_i/obi_fifo_i/obi_req_fifo_i/mem_q_reg[0][addr][29]/C (clocked by sys_clk_pin) and x_heep_system_i/core_v_mini_mcu_i/ao_peripheral_subsystem_i/power_manager_i/power_manager_reg_top_i/u_cpu_switch_off_counter/q_reg[15]/D (clocked by sys_clk_pin). Large setup violations at the end of those stages might be difficult to fix during the post-placement implementation flow and could be the result of non-optimal XDC constraints or non-optimal design architecture
Related violations: <none>

TIMING-16#812 Warning
Large setup violation  
There is a large setup violation of -5.949 ns between x_heep_system_i/core_v_mini_mcu_i/ao_peripheral_subsystem_i/obi_fifo_i/obi_req_fifo_i/mem_q_reg[0][addr][29]/C (clocked by sys_clk_pin) and x_heep_system_i/core_v_mini_mcu_i/ao_peripheral_subsystem_i/power_manager_i/power_manager_reg_top_i/u_cpu_reset_assert_counter/q_reg[5]/CE (clocked by sys_clk_pin). Large setup violations at the end of those stages might be difficult to fix during the post-placement implementation flow and could be the result of non-optimal XDC constraints or non-optimal design architecture
Related violations: <none>

TIMING-16#813 Warning
Large setup violation  
There is a large setup violation of -5.949 ns between x_heep_system_i/core_v_mini_mcu_i/ao_peripheral_subsystem_i/obi_fifo_i/obi_req_fifo_i/mem_q_reg[0][addr][29]/C (clocked by sys_clk_pin) and x_heep_system_i/core_v_mini_mcu_i/ao_peripheral_subsystem_i/power_manager_i/power_manager_reg_top_i/u_cpu_reset_assert_counter/q_reg[7]/CE (clocked by sys_clk_pin). Large setup violations at the end of those stages might be difficult to fix during the post-placement implementation flow and could be the result of non-optimal XDC constraints or non-optimal design architecture
Related violations: <none>

TIMING-16#814 Warning
Large setup violation  
There is a large setup violation of -5.951 ns between x_heep_system_i/core_v_mini_mcu_i/ao_peripheral_subsystem_i/obi_fifo_i/obi_req_fifo_i/mem_q_reg[0][addr][29]/C (clocked by sys_clk_pin) and x_heep_system_i/core_v_mini_mcu_i/ao_peripheral_subsystem_i/power_manager_i/power_manager_reg_top_i/u_cpu_iso_on_counter/q_reg[20]/CE (clocked by sys_clk_pin). Large setup violations at the end of those stages might be difficult to fix during the post-placement implementation flow and could be the result of non-optimal XDC constraints or non-optimal design architecture
Related violations: <none>

TIMING-16#815 Warning
Large setup violation  
There is a large setup violation of -5.951 ns between x_heep_system_i/core_v_mini_mcu_i/ao_peripheral_subsystem_i/obi_fifo_i/obi_req_fifo_i/mem_q_reg[0][addr][29]/C (clocked by sys_clk_pin) and x_heep_system_i/core_v_mini_mcu_i/ao_peripheral_subsystem_i/power_manager_i/power_manager_reg_top_i/u_cpu_iso_on_counter/q_reg[21]/CE (clocked by sys_clk_pin). Large setup violations at the end of those stages might be difficult to fix during the post-placement implementation flow and could be the result of non-optimal XDC constraints or non-optimal design architecture
Related violations: <none>

TIMING-16#816 Warning
Large setup violation  
There is a large setup violation of -5.951 ns between x_heep_system_i/core_v_mini_mcu_i/ao_peripheral_subsystem_i/obi_fifo_i/obi_req_fifo_i/mem_q_reg[0][addr][29]/C (clocked by sys_clk_pin) and x_heep_system_i/core_v_mini_mcu_i/ao_peripheral_subsystem_i/power_manager_i/power_manager_reg_top_i/u_cpu_iso_on_counter/q_reg[22]/CE (clocked by sys_clk_pin). Large setup violations at the end of those stages might be difficult to fix during the post-placement implementation flow and could be the result of non-optimal XDC constraints or non-optimal design architecture
Related violations: <none>

TIMING-16#817 Warning
Large setup violation  
There is a large setup violation of -5.951 ns between x_heep_system_i/core_v_mini_mcu_i/ao_peripheral_subsystem_i/obi_fifo_i/obi_req_fifo_i/mem_q_reg[0][addr][29]/C (clocked by sys_clk_pin) and x_heep_system_i/core_v_mini_mcu_i/ao_peripheral_subsystem_i/power_manager_i/power_manager_reg_top_i/u_cpu_iso_on_counter/q_reg[23]/CE (clocked by sys_clk_pin). Large setup violations at the end of those stages might be difficult to fix during the post-placement implementation flow and could be the result of non-optimal XDC constraints or non-optimal design architecture
Related violations: <none>

TIMING-16#818 Warning
Large setup violation  
There is a large setup violation of -5.952 ns between x_heep_system_i/core_v_mini_mcu_i/ao_peripheral_subsystem_i/obi_fifo_i/obi_req_fifo_i/mem_q_reg[0][addr][29]/C (clocked by sys_clk_pin) and x_heep_system_i/core_v_mini_mcu_i/ao_peripheral_subsystem_i/gpio_ao_i/i_reg_file/u_intrpt_lvl_high_status_intrpt_lvl_high_status_1/q_reg[0]/D (clocked by sys_clk_pin). Large setup violations at the end of those stages might be difficult to fix during the post-placement implementation flow and could be the result of non-optimal XDC constraints or non-optimal design architecture
Related violations: <none>

TIMING-16#819 Warning
Large setup violation  
There is a large setup violation of -5.953 ns between x_heep_system_i/core_v_mini_mcu_i/ao_peripheral_subsystem_i/obi_fifo_i/obi_req_fifo_i/mem_q_reg[0][addr][29]/C (clocked by sys_clk_pin) and x_heep_system_i/core_v_mini_mcu_i/ao_peripheral_subsystem_i/power_manager_i/power_manager_reg_top_i/u_cpu_switch_off_counter/q_reg[26]/D (clocked by sys_clk_pin). Large setup violations at the end of those stages might be difficult to fix during the post-placement implementation flow and could be the result of non-optimal XDC constraints or non-optimal design architecture
Related violations: <none>

TIMING-16#820 Warning
Large setup violation  
There is a large setup violation of -5.954 ns between x_heep_system_i/core_v_mini_mcu_i/ao_peripheral_subsystem_i/obi_fifo_i/obi_req_fifo_i/mem_q_reg[0][addr][29]/C (clocked by sys_clk_pin) and x_heep_system_i/core_v_mini_mcu_i/ao_peripheral_subsystem_i/power_manager_i/power_manager_reg_top_i/u_cpu_reset_deassert_counter/q_reg[13]/D (clocked by sys_clk_pin). Large setup violations at the end of those stages might be difficult to fix during the post-placement implementation flow and could be the result of non-optimal XDC constraints or non-optimal design architecture
Related violations: <none>

TIMING-16#821 Warning
Large setup violation  
There is a large setup violation of -5.955 ns between x_heep_system_i/core_v_mini_mcu_i/ao_peripheral_subsystem_i/obi_fifo_i/obi_req_fifo_i/mem_q_reg[0][addr][29]/C (clocked by sys_clk_pin) and x_heep_system_i/core_v_mini_mcu_i/ao_peripheral_subsystem_i/gpio_ao_i/i_reg_file/u_intrpt_lvl_low_status_intrpt_lvl_low_status_1/q_reg[0]/D (clocked by sys_clk_pin). Large setup violations at the end of those stages might be difficult to fix during the post-placement implementation flow and could be the result of non-optimal XDC constraints or non-optimal design architecture
Related violations: <none>

TIMING-16#822 Warning
Large setup violation  
There is a large setup violation of -5.956 ns between x_heep_system_i/core_v_mini_mcu_i/ao_peripheral_subsystem_i/obi_fifo_i/obi_req_fifo_i/mem_q_reg[0][addr][29]/C (clocked by sys_clk_pin) and x_heep_system_i/core_v_mini_mcu_i/ao_peripheral_subsystem_i/power_manager_i/power_manager_reg_top_i/u_cpu_reset_deassert_counter/q_reg[9]/CE (clocked by sys_clk_pin). Large setup violations at the end of those stages might be difficult to fix during the post-placement implementation flow and could be the result of non-optimal XDC constraints or non-optimal design architecture
Related violations: <none>

TIMING-16#823 Warning
Large setup violation  
There is a large setup violation of -5.958 ns between x_heep_system_i/core_v_mini_mcu_i/ao_peripheral_subsystem_i/obi_fifo_i/obi_req_fifo_i/mem_q_reg[0][addr][29]/C (clocked by sys_clk_pin) and x_heep_system_i/core_v_mini_mcu_i/ao_peripheral_subsystem_i/power_manager_i/power_manager_reg_top_i/u_cpu_switch_off_counter/q_reg[17]/D (clocked by sys_clk_pin). Large setup violations at the end of those stages might be difficult to fix during the post-placement implementation flow and could be the result of non-optimal XDC constraints or non-optimal design architecture
Related violations: <none>

TIMING-16#824 Warning
Large setup violation  
There is a large setup violation of -5.959 ns between x_heep_system_i/core_v_mini_mcu_i/ao_peripheral_subsystem_i/obi_fifo_i/obi_req_fifo_i/mem_q_reg[0][addr][29]/C (clocked by sys_clk_pin) and x_heep_system_i/core_v_mini_mcu_i/ao_peripheral_subsystem_i/power_manager_i/power_manager_reg_top_i/u_cpu_reset_deassert_counter/q_reg[12]/D (clocked by sys_clk_pin). Large setup violations at the end of those stages might be difficult to fix during the post-placement implementation flow and could be the result of non-optimal XDC constraints or non-optimal design architecture
Related violations: <none>

TIMING-16#825 Warning
Large setup violation  
There is a large setup violation of -5.960 ns between x_heep_system_i/core_v_mini_mcu_i/ao_peripheral_subsystem_i/obi_fifo_i/obi_req_fifo_i/mem_q_reg[0][addr][29]/C (clocked by sys_clk_pin) and x_heep_system_i/core_v_mini_mcu_i/ao_peripheral_subsystem_i/power_manager_i/power_manager_reg_top_i/u_cpu_iso_on_counter/q_reg[19]/D (clocked by sys_clk_pin). Large setup violations at the end of those stages might be difficult to fix during the post-placement implementation flow and could be the result of non-optimal XDC constraints or non-optimal design architecture
Related violations: <none>

TIMING-16#826 Warning
Large setup violation  
There is a large setup violation of -5.960 ns between x_heep_system_i/core_v_mini_mcu_i/ao_peripheral_subsystem_i/obi_fifo_i/obi_req_fifo_i/mem_q_reg[0][addr][29]/C (clocked by sys_clk_pin) and x_heep_system_i/core_v_mini_mcu_i/ao_peripheral_subsystem_i/power_manager_i/power_manager_reg_top_i/u_cpu_switch_off_counter/q_reg[20]/D (clocked by sys_clk_pin). Large setup violations at the end of those stages might be difficult to fix during the post-placement implementation flow and could be the result of non-optimal XDC constraints or non-optimal design architecture
Related violations: <none>

TIMING-16#827 Warning
Large setup violation  
There is a large setup violation of -5.962 ns between x_heep_system_i/core_v_mini_mcu_i/ao_peripheral_subsystem_i/obi_fifo_i/obi_req_fifo_i/mem_q_reg[0][addr][29]/C (clocked by sys_clk_pin) and x_heep_system_i/core_v_mini_mcu_i/ao_peripheral_subsystem_i/power_manager_i/power_manager_reg_top_i/u_cpu_reset_assert_counter/q_reg[10]/CE (clocked by sys_clk_pin). Large setup violations at the end of those stages might be difficult to fix during the post-placement implementation flow and could be the result of non-optimal XDC constraints or non-optimal design architecture
Related violations: <none>

TIMING-16#828 Warning
Large setup violation  
There is a large setup violation of -5.962 ns between x_heep_system_i/core_v_mini_mcu_i/ao_peripheral_subsystem_i/obi_fifo_i/obi_req_fifo_i/mem_q_reg[0][addr][29]/C (clocked by sys_clk_pin) and x_heep_system_i/core_v_mini_mcu_i/ao_peripheral_subsystem_i/power_manager_i/power_manager_reg_top_i/u_cpu_reset_assert_counter/q_reg[11]/CE (clocked by sys_clk_pin). Large setup violations at the end of those stages might be difficult to fix during the post-placement implementation flow and could be the result of non-optimal XDC constraints or non-optimal design architecture
Related violations: <none>

TIMING-16#829 Warning
Large setup violation  
There is a large setup violation of -5.965 ns between x_heep_system_i/core_v_mini_mcu_i/ao_peripheral_subsystem_i/obi_fifo_i/obi_req_fifo_i/mem_q_reg[0][addr][29]/C (clocked by sys_clk_pin) and x_heep_system_i/core_v_mini_mcu_i/ao_peripheral_subsystem_i/power_manager_i/power_manager_reg_top_i/u_cpu_switch_off_counter/q_reg[27]/CE (clocked by sys_clk_pin). Large setup violations at the end of those stages might be difficult to fix during the post-placement implementation flow and could be the result of non-optimal XDC constraints or non-optimal design architecture
Related violations: <none>

TIMING-16#830 Warning
Large setup violation  
There is a large setup violation of -5.965 ns between x_heep_system_i/core_v_mini_mcu_i/ao_peripheral_subsystem_i/obi_fifo_i/obi_req_fifo_i/mem_q_reg[0][addr][29]/C (clocked by sys_clk_pin) and x_heep_system_i/core_v_mini_mcu_i/ao_peripheral_subsystem_i/power_manager_i/power_manager_reg_top_i/u_cpu_switch_off_counter/q_reg[29]/CE (clocked by sys_clk_pin). Large setup violations at the end of those stages might be difficult to fix during the post-placement implementation flow and could be the result of non-optimal XDC constraints or non-optimal design architecture
Related violations: <none>

TIMING-16#831 Warning
Large setup violation  
There is a large setup violation of -5.966 ns between x_heep_system_i/core_v_mini_mcu_i/ao_peripheral_subsystem_i/obi_fifo_i/obi_req_fifo_i/mem_q_reg[0][addr][29]/C (clocked by sys_clk_pin) and x_heep_system_i/core_v_mini_mcu_i/ao_peripheral_subsystem_i/power_manager_i/power_manager_reg_top_i/u_cpu_reset_assert_counter/q_reg[9]/CE (clocked by sys_clk_pin). Large setup violations at the end of those stages might be difficult to fix during the post-placement implementation flow and could be the result of non-optimal XDC constraints or non-optimal design architecture
Related violations: <none>

TIMING-16#832 Warning
Large setup violation  
There is a large setup violation of -5.968 ns between x_heep_system_i/core_v_mini_mcu_i/ao_peripheral_subsystem_i/obi_fifo_i/obi_req_fifo_i/mem_q_reg[0][addr][29]/C (clocked by sys_clk_pin) and x_heep_system_i/core_v_mini_mcu_i/ao_peripheral_subsystem_i/power_manager_i/power_manager_reg_top_i/u_cpu_iso_on_counter/q_reg[29]/CE (clocked by sys_clk_pin). Large setup violations at the end of those stages might be difficult to fix during the post-placement implementation flow and could be the result of non-optimal XDC constraints or non-optimal design architecture
Related violations: <none>

TIMING-16#833 Warning
Large setup violation  
There is a large setup violation of -5.968 ns between x_heep_system_i/core_v_mini_mcu_i/ao_peripheral_subsystem_i/obi_fifo_i/obi_req_fifo_i/mem_q_reg[0][addr][29]/C (clocked by sys_clk_pin) and x_heep_system_i/core_v_mini_mcu_i/ao_peripheral_subsystem_i/power_manager_i/power_manager_reg_top_i/u_cpu_iso_on_counter/q_reg[31]/CE (clocked by sys_clk_pin). Large setup violations at the end of those stages might be difficult to fix during the post-placement implementation flow and could be the result of non-optimal XDC constraints or non-optimal design architecture
Related violations: <none>

TIMING-16#834 Warning
Large setup violation  
There is a large setup violation of -5.969 ns between x_heep_system_i/core_v_mini_mcu_i/ao_peripheral_subsystem_i/obi_fifo_i/obi_req_fifo_i/mem_q_reg[0][addr][29]/C (clocked by sys_clk_pin) and x_heep_system_i/core_v_mini_mcu_i/ao_peripheral_subsystem_i/gpio_ao_i/i_reg_file/u_gpio_en_gpio_en_0/q_reg[0]/CE (clocked by sys_clk_pin). Large setup violations at the end of those stages might be difficult to fix during the post-placement implementation flow and could be the result of non-optimal XDC constraints or non-optimal design architecture
Related violations: <none>

TIMING-16#835 Warning
Large setup violation  
There is a large setup violation of -5.969 ns between x_heep_system_i/core_v_mini_mcu_i/ao_peripheral_subsystem_i/obi_fifo_i/obi_req_fifo_i/mem_q_reg[0][addr][29]/C (clocked by sys_clk_pin) and x_heep_system_i/core_v_mini_mcu_i/ao_peripheral_subsystem_i/gpio_ao_i/i_reg_file/u_gpio_en_gpio_en_1/q_reg[0]/CE (clocked by sys_clk_pin). Large setup violations at the end of those stages might be difficult to fix during the post-placement implementation flow and could be the result of non-optimal XDC constraints or non-optimal design architecture
Related violations: <none>

TIMING-16#836 Warning
Large setup violation  
There is a large setup violation of -5.969 ns between x_heep_system_i/core_v_mini_mcu_i/ao_peripheral_subsystem_i/obi_fifo_i/obi_req_fifo_i/mem_q_reg[0][addr][29]/C (clocked by sys_clk_pin) and x_heep_system_i/core_v_mini_mcu_i/ao_peripheral_subsystem_i/gpio_ao_i/i_reg_file/u_gpio_en_gpio_en_2/q_reg[0]/CE (clocked by sys_clk_pin). Large setup violations at the end of those stages might be difficult to fix during the post-placement implementation flow and could be the result of non-optimal XDC constraints or non-optimal design architecture
Related violations: <none>

TIMING-16#837 Warning
Large setup violation  
There is a large setup violation of -5.969 ns between x_heep_system_i/core_v_mini_mcu_i/ao_peripheral_subsystem_i/obi_fifo_i/obi_req_fifo_i/mem_q_reg[0][addr][29]/C (clocked by sys_clk_pin) and x_heep_system_i/core_v_mini_mcu_i/ao_peripheral_subsystem_i/gpio_ao_i/i_reg_file/u_gpio_en_gpio_en_7/q_reg[0]/CE (clocked by sys_clk_pin). Large setup violations at the end of those stages might be difficult to fix during the post-placement implementation flow and could be the result of non-optimal XDC constraints or non-optimal design architecture
Related violations: <none>

TIMING-16#838 Warning
Large setup violation  
There is a large setup violation of -5.971 ns between x_heep_system_i/core_v_mini_mcu_i/ao_peripheral_subsystem_i/obi_fifo_i/obi_req_fifo_i/mem_q_reg[0][addr][29]/C (clocked by sys_clk_pin) and x_heep_system_i/core_v_mini_mcu_i/ao_peripheral_subsystem_i/power_manager_i/power_manager_reg_top_i/u_cpu_switch_on_counter/q_reg[31]/D (clocked by sys_clk_pin). Large setup violations at the end of those stages might be difficult to fix during the post-placement implementation flow and could be the result of non-optimal XDC constraints or non-optimal design architecture
Related violations: <none>

TIMING-16#839 Warning
Large setup violation  
There is a large setup violation of -5.973 ns between x_heep_system_i/core_v_mini_mcu_i/ao_peripheral_subsystem_i/obi_fifo_i/obi_req_fifo_i/mem_q_reg[0][addr][29]/C (clocked by sys_clk_pin) and x_heep_system_i/core_v_mini_mcu_i/ao_peripheral_subsystem_i/power_manager_i/power_manager_reg_top_i/u_cpu_reset_assert_counter/q_reg[6]/CE (clocked by sys_clk_pin). Large setup violations at the end of those stages might be difficult to fix during the post-placement implementation flow and could be the result of non-optimal XDC constraints or non-optimal design architecture
Related violations: <none>

TIMING-16#840 Warning
Large setup violation  
There is a large setup violation of -5.973 ns between x_heep_system_i/core_v_mini_mcu_i/ao_peripheral_subsystem_i/obi_fifo_i/obi_req_fifo_i/mem_q_reg[0][addr][29]/C (clocked by sys_clk_pin) and x_heep_system_i/core_v_mini_mcu_i/ao_peripheral_subsystem_i/power_manager_i/power_manager_reg_top_i/u_cpu_reset_assert_counter/q_reg[8]/CE (clocked by sys_clk_pin). Large setup violations at the end of those stages might be difficult to fix during the post-placement implementation flow and could be the result of non-optimal XDC constraints or non-optimal design architecture
Related violations: <none>

TIMING-16#841 Warning
Large setup violation  
There is a large setup violation of -5.977 ns between x_heep_system_i/core_v_mini_mcu_i/ao_peripheral_subsystem_i/obi_fifo_i/obi_req_fifo_i/mem_q_reg[0][addr][29]/C (clocked by sys_clk_pin) and x_heep_system_i/core_v_mini_mcu_i/ao_peripheral_subsystem_i/power_manager_i/power_manager_reg_top_i/u_cpu_reset_assert_counter/q_reg[17]/CE (clocked by sys_clk_pin). Large setup violations at the end of those stages might be difficult to fix during the post-placement implementation flow and could be the result of non-optimal XDC constraints or non-optimal design architecture
Related violations: <none>

TIMING-16#842 Warning
Large setup violation  
There is a large setup violation of -5.977 ns between x_heep_system_i/core_v_mini_mcu_i/ao_peripheral_subsystem_i/obi_fifo_i/obi_req_fifo_i/mem_q_reg[0][addr][29]/C (clocked by sys_clk_pin) and x_heep_system_i/core_v_mini_mcu_i/ao_peripheral_subsystem_i/power_manager_i/power_manager_reg_top_i/u_cpu_reset_assert_counter/q_reg[18]/CE (clocked by sys_clk_pin). Large setup violations at the end of those stages might be difficult to fix during the post-placement implementation flow and could be the result of non-optimal XDC constraints or non-optimal design architecture
Related violations: <none>

TIMING-16#843 Warning
Large setup violation  
There is a large setup violation of -5.977 ns between x_heep_system_i/core_v_mini_mcu_i/ao_peripheral_subsystem_i/obi_fifo_i/obi_req_fifo_i/mem_q_reg[0][addr][29]/C (clocked by sys_clk_pin) and x_heep_system_i/core_v_mini_mcu_i/ao_peripheral_subsystem_i/power_manager_i/power_manager_reg_top_i/u_cpu_reset_assert_counter/q_reg[19]/CE (clocked by sys_clk_pin). Large setup violations at the end of those stages might be difficult to fix during the post-placement implementation flow and could be the result of non-optimal XDC constraints or non-optimal design architecture
Related violations: <none>

TIMING-16#844 Warning
Large setup violation  
There is a large setup violation of -5.977 ns between x_heep_system_i/core_v_mini_mcu_i/ao_peripheral_subsystem_i/obi_fifo_i/obi_req_fifo_i/mem_q_reg[0][addr][29]/C (clocked by sys_clk_pin) and x_heep_system_i/core_v_mini_mcu_i/ao_peripheral_subsystem_i/power_manager_i/power_manager_reg_top_i/u_cpu_reset_deassert_counter/q_reg[19]/D (clocked by sys_clk_pin). Large setup violations at the end of those stages might be difficult to fix during the post-placement implementation flow and could be the result of non-optimal XDC constraints or non-optimal design architecture
Related violations: <none>

TIMING-16#845 Warning
Large setup violation  
There is a large setup violation of -5.979 ns between x_heep_system_i/core_v_mini_mcu_i/ao_peripheral_subsystem_i/obi_fifo_i/obi_req_fifo_i/mem_q_reg[0][addr][29]/C (clocked by sys_clk_pin) and x_heep_system_i/core_v_mini_mcu_i/ao_peripheral_subsystem_i/power_manager_i/power_manager_reg_top_i/u_cpu_reset_deassert_counter/q_reg[18]/D (clocked by sys_clk_pin). Large setup violations at the end of those stages might be difficult to fix during the post-placement implementation flow and could be the result of non-optimal XDC constraints or non-optimal design architecture
Related violations: <none>

TIMING-16#846 Warning
Large setup violation  
There is a large setup violation of -5.983 ns between x_heep_system_i/core_v_mini_mcu_i/ao_peripheral_subsystem_i/obi_fifo_i/obi_req_fifo_i/mem_q_reg[0][addr][29]/C (clocked by sys_clk_pin) and x_heep_system_i/core_v_mini_mcu_i/ao_peripheral_subsystem_i/power_manager_i/power_manager_reg_top_i/u_cpu_reset_deassert_counter/q_reg[15]/D (clocked by sys_clk_pin). Large setup violations at the end of those stages might be difficult to fix during the post-placement implementation flow and could be the result of non-optimal XDC constraints or non-optimal design architecture
Related violations: <none>

TIMING-16#847 Warning
Large setup violation  
There is a large setup violation of -5.985 ns between x_heep_system_i/core_v_mini_mcu_i/ao_peripheral_subsystem_i/obi_fifo_i/obi_req_fifo_i/mem_q_reg[0][addr][29]/C (clocked by sys_clk_pin) and x_heep_system_i/core_v_mini_mcu_i/ao_peripheral_subsystem_i/power_manager_i/power_manager_reg_top_i/u_cpu_reset_deassert_counter/q_reg[20]/D (clocked by sys_clk_pin). Large setup violations at the end of those stages might be difficult to fix during the post-placement implementation flow and could be the result of non-optimal XDC constraints or non-optimal design architecture
Related violations: <none>

TIMING-16#848 Warning
Large setup violation  
There is a large setup violation of -5.986 ns between x_heep_system_i/core_v_mini_mcu_i/ao_peripheral_subsystem_i/obi_fifo_i/obi_req_fifo_i/mem_q_reg[0][addr][29]/C (clocked by sys_clk_pin) and x_heep_system_i/core_v_mini_mcu_i/ao_peripheral_subsystem_i/power_manager_i/power_manager_reg_top_i/u_cpu_reset_deassert_counter/q_reg[12]/CE (clocked by sys_clk_pin). Large setup violations at the end of those stages might be difficult to fix during the post-placement implementation flow and could be the result of non-optimal XDC constraints or non-optimal design architecture
Related violations: <none>

TIMING-16#849 Warning
Large setup violation  
There is a large setup violation of -5.986 ns between x_heep_system_i/core_v_mini_mcu_i/ao_peripheral_subsystem_i/obi_fifo_i/obi_req_fifo_i/mem_q_reg[0][addr][29]/C (clocked by sys_clk_pin) and x_heep_system_i/core_v_mini_mcu_i/ao_peripheral_subsystem_i/power_manager_i/power_manager_reg_top_i/u_cpu_reset_deassert_counter/q_reg[13]/CE (clocked by sys_clk_pin). Large setup violations at the end of those stages might be difficult to fix during the post-placement implementation flow and could be the result of non-optimal XDC constraints or non-optimal design architecture
Related violations: <none>

TIMING-16#850 Warning
Large setup violation  
There is a large setup violation of -5.986 ns between x_heep_system_i/core_v_mini_mcu_i/ao_peripheral_subsystem_i/obi_fifo_i/obi_req_fifo_i/mem_q_reg[0][addr][29]/C (clocked by sys_clk_pin) and x_heep_system_i/core_v_mini_mcu_i/ao_peripheral_subsystem_i/power_manager_i/power_manager_reg_top_i/u_cpu_reset_deassert_counter/q_reg[15]/CE (clocked by sys_clk_pin). Large setup violations at the end of those stages might be difficult to fix during the post-placement implementation flow and could be the result of non-optimal XDC constraints or non-optimal design architecture
Related violations: <none>

TIMING-16#851 Warning
Large setup violation  
There is a large setup violation of -5.988 ns between x_heep_system_i/core_v_mini_mcu_i/ao_peripheral_subsystem_i/obi_fifo_i/obi_req_fifo_i/mem_q_reg[0][addr][29]/C (clocked by sys_clk_pin) and x_heep_system_i/core_v_mini_mcu_i/ao_peripheral_subsystem_i/gpio_ao_i/i_reg_file/u_intrpt_lvl_high_status_intrpt_lvl_high_status_0/q_reg[0]/D (clocked by sys_clk_pin). Large setup violations at the end of those stages might be difficult to fix during the post-placement implementation flow and could be the result of non-optimal XDC constraints or non-optimal design architecture
Related violations: <none>

TIMING-16#852 Warning
Large setup violation  
There is a large setup violation of -5.989 ns between x_heep_system_i/core_v_mini_mcu_i/ao_peripheral_subsystem_i/obi_fifo_i/obi_req_fifo_i/mem_q_reg[0][addr][29]/C (clocked by sys_clk_pin) and x_heep_system_i/core_v_mini_mcu_i/ao_peripheral_subsystem_i/power_manager_i/power_manager_reg_top_i/u_cpu_switch_off_counter/q_reg[12]/D (clocked by sys_clk_pin). Large setup violations at the end of those stages might be difficult to fix during the post-placement implementation flow and could be the result of non-optimal XDC constraints or non-optimal design architecture
Related violations: <none>

TIMING-16#853 Warning
Large setup violation  
There is a large setup violation of -5.992 ns between x_heep_system_i/core_v_mini_mcu_i/ao_peripheral_subsystem_i/obi_fifo_i/obi_req_fifo_i/mem_q_reg[0][addr][29]/C (clocked by sys_clk_pin) and x_heep_system_i/core_v_mini_mcu_i/ao_peripheral_subsystem_i/power_manager_i/power_manager_reg_top_i/u_cpu_reset_assert_counter/q_reg[12]/CE (clocked by sys_clk_pin). Large setup violations at the end of those stages might be difficult to fix during the post-placement implementation flow and could be the result of non-optimal XDC constraints or non-optimal design architecture
Related violations: <none>

TIMING-16#854 Warning
Large setup violation  
There is a large setup violation of -5.992 ns between x_heep_system_i/core_v_mini_mcu_i/ao_peripheral_subsystem_i/obi_fifo_i/obi_req_fifo_i/mem_q_reg[0][addr][29]/C (clocked by sys_clk_pin) and x_heep_system_i/core_v_mini_mcu_i/ao_peripheral_subsystem_i/power_manager_i/power_manager_reg_top_i/u_cpu_reset_assert_counter/q_reg[15]/CE (clocked by sys_clk_pin). Large setup violations at the end of those stages might be difficult to fix during the post-placement implementation flow and could be the result of non-optimal XDC constraints or non-optimal design architecture
Related violations: <none>

TIMING-16#855 Warning
Large setup violation  
There is a large setup violation of -5.993 ns between x_heep_system_i/core_v_mini_mcu_i/ao_peripheral_subsystem_i/obi_fifo_i/obi_req_fifo_i/mem_q_reg[0][addr][29]/C (clocked by sys_clk_pin) and x_heep_system_i/core_v_mini_mcu_i/ao_peripheral_subsystem_i/power_manager_i/power_manager_reg_top_i/u_cpu_switch_on_counter/q_reg[24]/D (clocked by sys_clk_pin). Large setup violations at the end of those stages might be difficult to fix during the post-placement implementation flow and could be the result of non-optimal XDC constraints or non-optimal design architecture
Related violations: <none>

TIMING-16#856 Warning
Large setup violation  
There is a large setup violation of -5.996 ns between x_heep_system_i/core_v_mini_mcu_i/ao_peripheral_subsystem_i/obi_fifo_i/obi_req_fifo_i/mem_q_reg[0][addr][29]/C (clocked by sys_clk_pin) and x_heep_system_i/core_v_mini_mcu_i/ao_peripheral_subsystem_i/power_manager_i/power_manager_reg_top_i/u_cpu_reset_deassert_counter/q_reg[10]/CE (clocked by sys_clk_pin). Large setup violations at the end of those stages might be difficult to fix during the post-placement implementation flow and could be the result of non-optimal XDC constraints or non-optimal design architecture
Related violations: <none>

TIMING-16#857 Warning
Large setup violation  
There is a large setup violation of -5.996 ns between x_heep_system_i/core_v_mini_mcu_i/ao_peripheral_subsystem_i/obi_fifo_i/obi_req_fifo_i/mem_q_reg[0][addr][29]/C (clocked by sys_clk_pin) and x_heep_system_i/core_v_mini_mcu_i/ao_peripheral_subsystem_i/power_manager_i/power_manager_reg_top_i/u_cpu_reset_deassert_counter/q_reg[11]/CE (clocked by sys_clk_pin). Large setup violations at the end of those stages might be difficult to fix during the post-placement implementation flow and could be the result of non-optimal XDC constraints or non-optimal design architecture
Related violations: <none>

TIMING-16#858 Warning
Large setup violation  
There is a large setup violation of -6.004 ns between x_heep_system_i/core_v_mini_mcu_i/ao_peripheral_subsystem_i/obi_fifo_i/obi_req_fifo_i/mem_q_reg[0][addr][29]/C (clocked by sys_clk_pin) and x_heep_system_i/core_v_mini_mcu_i/ao_peripheral_subsystem_i/power_manager_i/power_manager_reg_top_i/u_cpu_reset_deassert_counter/q_reg[6]/CE (clocked by sys_clk_pin). Large setup violations at the end of those stages might be difficult to fix during the post-placement implementation flow and could be the result of non-optimal XDC constraints or non-optimal design architecture
Related violations: <none>

TIMING-16#859 Warning
Large setup violation  
There is a large setup violation of -6.004 ns between x_heep_system_i/core_v_mini_mcu_i/ao_peripheral_subsystem_i/obi_fifo_i/obi_req_fifo_i/mem_q_reg[0][addr][29]/C (clocked by sys_clk_pin) and x_heep_system_i/core_v_mini_mcu_i/ao_peripheral_subsystem_i/power_manager_i/power_manager_reg_top_i/u_cpu_reset_deassert_counter/q_reg[8]/CE (clocked by sys_clk_pin). Large setup violations at the end of those stages might be difficult to fix during the post-placement implementation flow and could be the result of non-optimal XDC constraints or non-optimal design architecture
Related violations: <none>

TIMING-16#860 Warning
Large setup violation  
There is a large setup violation of -6.005 ns between x_heep_system_i/core_v_mini_mcu_i/ao_peripheral_subsystem_i/obi_fifo_i/obi_req_fifo_i/mem_q_reg[0][addr][29]/C (clocked by sys_clk_pin) and x_heep_system_i/core_v_mini_mcu_i/ao_peripheral_subsystem_i/gpio_ao_i/i_reg_file/u_intrpt_fall_status_intrpt_fall_status_2/q_reg[0]/D (clocked by sys_clk_pin). Large setup violations at the end of those stages might be difficult to fix during the post-placement implementation flow and could be the result of non-optimal XDC constraints or non-optimal design architecture
Related violations: <none>

TIMING-16#861 Warning
Large setup violation  
There is a large setup violation of -6.009 ns between x_heep_system_i/core_v_mini_mcu_i/ao_peripheral_subsystem_i/obi_fifo_i/obi_req_fifo_i/mem_q_reg[0][addr][29]/C (clocked by sys_clk_pin) and x_heep_system_i/core_v_mini_mcu_i/ao_peripheral_subsystem_i/power_manager_i/power_manager_reg_top_i/u_cpu_reset_assert_counter/q_reg[20]/CE (clocked by sys_clk_pin). Large setup violations at the end of those stages might be difficult to fix during the post-placement implementation flow and could be the result of non-optimal XDC constraints or non-optimal design architecture
Related violations: <none>

TIMING-16#862 Warning
Large setup violation  
There is a large setup violation of -6.009 ns between x_heep_system_i/core_v_mini_mcu_i/ao_peripheral_subsystem_i/obi_fifo_i/obi_req_fifo_i/mem_q_reg[0][addr][29]/C (clocked by sys_clk_pin) and x_heep_system_i/core_v_mini_mcu_i/ao_peripheral_subsystem_i/power_manager_i/power_manager_reg_top_i/u_cpu_reset_assert_counter/q_reg[24]/CE (clocked by sys_clk_pin). Large setup violations at the end of those stages might be difficult to fix during the post-placement implementation flow and could be the result of non-optimal XDC constraints or non-optimal design architecture
Related violations: <none>

TIMING-16#863 Warning
Large setup violation  
There is a large setup violation of -6.012 ns between x_heep_system_i/core_v_mini_mcu_i/ao_peripheral_subsystem_i/obi_fifo_i/obi_req_fifo_i/mem_q_reg[0][addr][29]/C (clocked by sys_clk_pin) and x_heep_system_i/core_v_mini_mcu_i/ao_peripheral_subsystem_i/power_manager_i/power_manager_reg_top_i/u_cpu_reset_assert_counter/q_reg[24]/D (clocked by sys_clk_pin). Large setup violations at the end of those stages might be difficult to fix during the post-placement implementation flow and could be the result of non-optimal XDC constraints or non-optimal design architecture
Related violations: <none>

TIMING-16#864 Warning
Large setup violation  
There is a large setup violation of -6.014 ns between x_heep_system_i/core_v_mini_mcu_i/ao_peripheral_subsystem_i/obi_fifo_i/obi_req_fifo_i/mem_q_reg[0][addr][29]/C (clocked by sys_clk_pin) and x_heep_system_i/core_v_mini_mcu_i/ao_peripheral_subsystem_i/power_manager_i/power_manager_reg_top_i/u_cpu_reset_assert_counter/q_reg[27]/CE (clocked by sys_clk_pin). Large setup violations at the end of those stages might be difficult to fix during the post-placement implementation flow and could be the result of non-optimal XDC constraints or non-optimal design architecture
Related violations: <none>

TIMING-16#865 Warning
Large setup violation  
There is a large setup violation of -6.015 ns between x_heep_system_i/core_v_mini_mcu_i/ao_peripheral_subsystem_i/obi_fifo_i/obi_req_fifo_i/mem_q_reg[0][addr][29]/C (clocked by sys_clk_pin) and x_heep_system_i/core_v_mini_mcu_i/ao_peripheral_subsystem_i/power_manager_i/power_manager_reg_top_i/u_cpu_reset_deassert_counter/q_reg[20]/CE (clocked by sys_clk_pin). Large setup violations at the end of those stages might be difficult to fix during the post-placement implementation flow and could be the result of non-optimal XDC constraints or non-optimal design architecture
Related violations: <none>

TIMING-16#866 Warning
Large setup violation  
There is a large setup violation of -6.015 ns between x_heep_system_i/core_v_mini_mcu_i/ao_peripheral_subsystem_i/obi_fifo_i/obi_req_fifo_i/mem_q_reg[0][addr][29]/C (clocked by sys_clk_pin) and x_heep_system_i/core_v_mini_mcu_i/ao_peripheral_subsystem_i/power_manager_i/power_manager_reg_top_i/u_cpu_reset_deassert_counter/q_reg[23]/CE (clocked by sys_clk_pin). Large setup violations at the end of those stages might be difficult to fix during the post-placement implementation flow and could be the result of non-optimal XDC constraints or non-optimal design architecture
Related violations: <none>

TIMING-16#867 Warning
Large setup violation  
There is a large setup violation of -6.016 ns between x_heep_system_i/core_v_mini_mcu_i/ao_peripheral_subsystem_i/obi_fifo_i/obi_req_fifo_i/mem_q_reg[0][addr][29]/C (clocked by sys_clk_pin) and x_heep_system_i/core_v_mini_mcu_i/ao_peripheral_subsystem_i/power_manager_i/power_manager_reg_top_i/u_en_wait_for_intr/q_reg[12]/D (clocked by sys_clk_pin). Large setup violations at the end of those stages might be difficult to fix during the post-placement implementation flow and could be the result of non-optimal XDC constraints or non-optimal design architecture
Related violations: <none>

TIMING-16#868 Warning
Large setup violation  
There is a large setup violation of -6.020 ns between x_heep_system_i/core_v_mini_mcu_i/ao_peripheral_subsystem_i/obi_fifo_i/obi_req_fifo_i/mem_q_reg[0][addr][29]/C (clocked by sys_clk_pin) and x_heep_system_i/core_v_mini_mcu_i/ao_peripheral_subsystem_i/power_manager_i/power_manager_reg_top_i/u_cpu_reset_assert_counter/q_reg[20]/D (clocked by sys_clk_pin). Large setup violations at the end of those stages might be difficult to fix during the post-placement implementation flow and could be the result of non-optimal XDC constraints or non-optimal design architecture
Related violations: <none>

TIMING-16#869 Warning
Large setup violation  
There is a large setup violation of -6.024 ns between x_heep_system_i/core_v_mini_mcu_i/ao_peripheral_subsystem_i/obi_fifo_i/obi_req_fifo_i/mem_q_reg[0][addr][29]/C (clocked by sys_clk_pin) and x_heep_system_i/core_v_mini_mcu_i/ao_peripheral_subsystem_i/gpio_ao_i/i_reg_file/u_gpio_out_gpio_out_2/q_reg[0]/D (clocked by sys_clk_pin). Large setup violations at the end of those stages might be difficult to fix during the post-placement implementation flow and could be the result of non-optimal XDC constraints or non-optimal design architecture
Related violations: <none>

TIMING-16#870 Warning
Large setup violation  
There is a large setup violation of -6.027 ns between x_heep_system_i/core_v_mini_mcu_i/ao_peripheral_subsystem_i/obi_fifo_i/obi_req_fifo_i/mem_q_reg[0][addr][29]/C (clocked by sys_clk_pin) and x_heep_system_i/core_v_mini_mcu_i/ao_peripheral_subsystem_i/power_manager_i/power_manager_reg_top_i/u_en_wait_for_intr/q_reg[14]/D (clocked by sys_clk_pin). Large setup violations at the end of those stages might be difficult to fix during the post-placement implementation flow and could be the result of non-optimal XDC constraints or non-optimal design architecture
Related violations: <none>

TIMING-16#871 Warning
Large setup violation  
There is a large setup violation of -6.028 ns between x_heep_system_i/core_v_mini_mcu_i/ao_peripheral_subsystem_i/obi_fifo_i/obi_req_fifo_i/mem_q_reg[0][addr][29]/C (clocked by sys_clk_pin) and x_heep_system_i/core_v_mini_mcu_i/ao_peripheral_subsystem_i/power_manager_i/power_manager_reg_top_i/u_cpu_reset_deassert_counter/q_reg[24]/D (clocked by sys_clk_pin). Large setup violations at the end of those stages might be difficult to fix during the post-placement implementation flow and could be the result of non-optimal XDC constraints or non-optimal design architecture
Related violations: <none>

TIMING-16#872 Warning
Large setup violation  
There is a large setup violation of -6.028 ns between x_heep_system_i/core_v_mini_mcu_i/ao_peripheral_subsystem_i/obi_fifo_i/obi_req_fifo_i/mem_q_reg[0][addr][29]/C (clocked by sys_clk_pin) and x_heep_system_i/core_v_mini_mcu_i/ao_peripheral_subsystem_i/power_manager_i/power_manager_reg_top_i/u_cpu_switch_on_counter/q_reg[29]/D (clocked by sys_clk_pin). Large setup violations at the end of those stages might be difficult to fix during the post-placement implementation flow and could be the result of non-optimal XDC constraints or non-optimal design architecture
Related violations: <none>

TIMING-16#873 Warning
Large setup violation  
There is a large setup violation of -6.030 ns between x_heep_system_i/core_v_mini_mcu_i/ao_peripheral_subsystem_i/obi_fifo_i/obi_req_fifo_i/mem_q_reg[0][addr][29]/C (clocked by sys_clk_pin) and x_heep_system_i/core_v_mini_mcu_i/ao_peripheral_subsystem_i/power_manager_i/power_manager_reg_top_i/u_cpu_reset_assert_counter/q_reg[27]/D (clocked by sys_clk_pin). Large setup violations at the end of those stages might be difficult to fix during the post-placement implementation flow and could be the result of non-optimal XDC constraints or non-optimal design architecture
Related violations: <none>

TIMING-16#874 Warning
Large setup violation  
There is a large setup violation of -6.035 ns between x_heep_system_i/core_v_mini_mcu_i/ao_peripheral_subsystem_i/obi_fifo_i/obi_req_fifo_i/mem_q_reg[0][addr][29]/C (clocked by sys_clk_pin) and x_heep_system_i/core_v_mini_mcu_i/ao_peripheral_subsystem_i/gpio_ao_i/i_reg_file/u_intrpt_lvl_high_status_intrpt_lvl_high_status_6/q_reg[0]/D (clocked by sys_clk_pin). Large setup violations at the end of those stages might be difficult to fix during the post-placement implementation flow and could be the result of non-optimal XDC constraints or non-optimal design architecture
Related violations: <none>

TIMING-16#875 Warning
Large setup violation  
There is a large setup violation of -6.039 ns between x_heep_system_i/core_v_mini_mcu_i/ao_peripheral_subsystem_i/obi_fifo_i/obi_req_fifo_i/mem_q_reg[0][addr][29]/C (clocked by sys_clk_pin) and x_heep_system_i/core_v_mini_mcu_i/ao_peripheral_subsystem_i/power_manager_i/power_manager_reg_top_i/u_cpu_reset_assert_counter/q_reg[16]/CE (clocked by sys_clk_pin). Large setup violations at the end of those stages might be difficult to fix during the post-placement implementation flow and could be the result of non-optimal XDC constraints or non-optimal design architecture
Related violations: <none>

TIMING-16#876 Warning
Large setup violation  
There is a large setup violation of -6.039 ns between x_heep_system_i/core_v_mini_mcu_i/ao_peripheral_subsystem_i/obi_fifo_i/obi_req_fifo_i/mem_q_reg[0][addr][29]/C (clocked by sys_clk_pin) and x_heep_system_i/core_v_mini_mcu_i/ao_peripheral_subsystem_i/power_manager_i/power_manager_reg_top_i/u_cpu_reset_assert_counter/q_reg[21]/CE (clocked by sys_clk_pin). Large setup violations at the end of those stages might be difficult to fix during the post-placement implementation flow and could be the result of non-optimal XDC constraints or non-optimal design architecture
Related violations: <none>

TIMING-16#877 Warning
Large setup violation  
There is a large setup violation of -6.039 ns between x_heep_system_i/core_v_mini_mcu_i/ao_peripheral_subsystem_i/obi_fifo_i/obi_req_fifo_i/mem_q_reg[0][addr][29]/C (clocked by sys_clk_pin) and x_heep_system_i/core_v_mini_mcu_i/ao_peripheral_subsystem_i/power_manager_i/power_manager_reg_top_i/u_cpu_reset_assert_counter/q_reg[22]/CE (clocked by sys_clk_pin). Large setup violations at the end of those stages might be difficult to fix during the post-placement implementation flow and could be the result of non-optimal XDC constraints or non-optimal design architecture
Related violations: <none>

TIMING-16#878 Warning
Large setup violation  
There is a large setup violation of -6.039 ns between x_heep_system_i/core_v_mini_mcu_i/ao_peripheral_subsystem_i/obi_fifo_i/obi_req_fifo_i/mem_q_reg[0][addr][29]/C (clocked by sys_clk_pin) and x_heep_system_i/core_v_mini_mcu_i/ao_peripheral_subsystem_i/power_manager_i/power_manager_reg_top_i/u_cpu_reset_assert_counter/q_reg[23]/CE (clocked by sys_clk_pin). Large setup violations at the end of those stages might be difficult to fix during the post-placement implementation flow and could be the result of non-optimal XDC constraints or non-optimal design architecture
Related violations: <none>

TIMING-16#879 Warning
Large setup violation  
There is a large setup violation of -6.048 ns between x_heep_system_i/core_v_mini_mcu_i/ao_peripheral_subsystem_i/obi_fifo_i/obi_req_fifo_i/mem_q_reg[0][addr][29]/C (clocked by sys_clk_pin) and x_heep_system_i/core_v_mini_mcu_i/ao_peripheral_subsystem_i/gpio_ao_i/i_reg_file/u_intrpt_rise_status_intrpt_rise_status_18/q_reg[0]/D (clocked by sys_clk_pin). Large setup violations at the end of those stages might be difficult to fix during the post-placement implementation flow and could be the result of non-optimal XDC constraints or non-optimal design architecture
Related violations: <none>

TIMING-16#880 Warning
Large setup violation  
There is a large setup violation of -6.051 ns between x_heep_system_i/core_v_mini_mcu_i/ao_peripheral_subsystem_i/obi_fifo_i/obi_req_fifo_i/mem_q_reg[0][addr][29]/C (clocked by sys_clk_pin) and x_heep_system_i/core_v_mini_mcu_i/ao_peripheral_subsystem_i/power_manager_i/power_manager_reg_top_i/u_cpu_switch_off_counter/q_reg[19]/D (clocked by sys_clk_pin). Large setup violations at the end of those stages might be difficult to fix during the post-placement implementation flow and could be the result of non-optimal XDC constraints or non-optimal design architecture
Related violations: <none>

TIMING-16#881 Warning
Large setup violation  
There is a large setup violation of -6.058 ns between x_heep_system_i/core_v_mini_mcu_i/ao_peripheral_subsystem_i/obi_fifo_i/obi_req_fifo_i/mem_q_reg[0][addr][29]/C (clocked by sys_clk_pin) and x_heep_system_i/core_v_mini_mcu_i/ao_peripheral_subsystem_i/gpio_ao_i/i_reg_file/u_intrpt_rise_status_intrpt_rise_status_19/q_reg[0]/D (clocked by sys_clk_pin). Large setup violations at the end of those stages might be difficult to fix during the post-placement implementation flow and could be the result of non-optimal XDC constraints or non-optimal design architecture
Related violations: <none>

TIMING-16#882 Warning
Large setup violation  
There is a large setup violation of -6.069 ns between x_heep_system_i/core_v_mini_mcu_i/ao_peripheral_subsystem_i/obi_fifo_i/obi_req_fifo_i/mem_q_reg[0][addr][29]/C (clocked by sys_clk_pin) and x_heep_system_i/core_v_mini_mcu_i/ao_peripheral_subsystem_i/power_manager_i/power_manager_reg_top_i/u_cpu_switch_on_counter/q_reg[28]/D (clocked by sys_clk_pin). Large setup violations at the end of those stages might be difficult to fix during the post-placement implementation flow and could be the result of non-optimal XDC constraints or non-optimal design architecture
Related violations: <none>

TIMING-16#883 Warning
Large setup violation  
There is a large setup violation of -6.071 ns between x_heep_system_i/core_v_mini_mcu_i/ao_peripheral_subsystem_i/obi_fifo_i/obi_req_fifo_i/mem_q_reg[0][addr][29]/C (clocked by sys_clk_pin) and x_heep_system_i/core_v_mini_mcu_i/ao_peripheral_subsystem_i/gpio_ao_i/i_reg_file/u_intrpt_fall_status_intrpt_fall_status_19/q_reg[0]/D (clocked by sys_clk_pin). Large setup violations at the end of those stages might be difficult to fix during the post-placement implementation flow and could be the result of non-optimal XDC constraints or non-optimal design architecture
Related violations: <none>

TIMING-16#884 Warning
Large setup violation  
There is a large setup violation of -6.072 ns between x_heep_system_i/core_v_mini_mcu_i/ao_peripheral_subsystem_i/obi_fifo_i/obi_req_fifo_i/mem_q_reg[0][addr][29]/C (clocked by sys_clk_pin) and x_heep_system_i/core_v_mini_mcu_i/ao_peripheral_subsystem_i/gpio_ao_i/i_reg_file/u_gpio_en_gpio_en_13/q_reg[0]/CE (clocked by sys_clk_pin). Large setup violations at the end of those stages might be difficult to fix during the post-placement implementation flow and could be the result of non-optimal XDC constraints or non-optimal design architecture
Related violations: <none>

TIMING-16#885 Warning
Large setup violation  
There is a large setup violation of -6.072 ns between x_heep_system_i/core_v_mini_mcu_i/ao_peripheral_subsystem_i/obi_fifo_i/obi_req_fifo_i/mem_q_reg[0][addr][29]/C (clocked by sys_clk_pin) and x_heep_system_i/core_v_mini_mcu_i/ao_peripheral_subsystem_i/gpio_ao_i/i_reg_file/u_gpio_en_gpio_en_14/q_reg[0]/CE (clocked by sys_clk_pin). Large setup violations at the end of those stages might be difficult to fix during the post-placement implementation flow and could be the result of non-optimal XDC constraints or non-optimal design architecture
Related violations: <none>

TIMING-16#886 Warning
Large setup violation  
There is a large setup violation of -6.072 ns between x_heep_system_i/core_v_mini_mcu_i/ao_peripheral_subsystem_i/obi_fifo_i/obi_req_fifo_i/mem_q_reg[0][addr][29]/C (clocked by sys_clk_pin) and x_heep_system_i/core_v_mini_mcu_i/ao_peripheral_subsystem_i/gpio_ao_i/i_reg_file/u_gpio_en_gpio_en_23/q_reg[0]/CE (clocked by sys_clk_pin). Large setup violations at the end of those stages might be difficult to fix during the post-placement implementation flow and could be the result of non-optimal XDC constraints or non-optimal design architecture
Related violations: <none>

TIMING-16#887 Warning
Large setup violation  
There is a large setup violation of -6.072 ns between x_heep_system_i/core_v_mini_mcu_i/ao_peripheral_subsystem_i/obi_fifo_i/obi_req_fifo_i/mem_q_reg[0][addr][29]/C (clocked by sys_clk_pin) and x_heep_system_i/core_v_mini_mcu_i/ao_peripheral_subsystem_i/gpio_ao_i/i_reg_file/u_gpio_en_gpio_en_28/q_reg[0]/CE (clocked by sys_clk_pin). Large setup violations at the end of those stages might be difficult to fix during the post-placement implementation flow and could be the result of non-optimal XDC constraints or non-optimal design architecture
Related violations: <none>

TIMING-16#888 Warning
Large setup violation  
There is a large setup violation of -6.073 ns between x_heep_system_i/core_v_mini_mcu_i/ao_peripheral_subsystem_i/obi_fifo_i/obi_req_fifo_i/mem_q_reg[0][addr][29]/C (clocked by sys_clk_pin) and x_heep_system_i/core_v_mini_mcu_i/ao_peripheral_subsystem_i/power_manager_i/power_manager_reg_top_i/u_cpu_iso_on_counter/q_reg[25]/D (clocked by sys_clk_pin). Large setup violations at the end of those stages might be difficult to fix during the post-placement implementation flow and could be the result of non-optimal XDC constraints or non-optimal design architecture
Related violations: <none>

TIMING-16#889 Warning
Large setup violation  
There is a large setup violation of -6.073 ns between x_heep_system_i/core_v_mini_mcu_i/ao_peripheral_subsystem_i/obi_fifo_i/obi_req_fifo_i/mem_q_reg[0][addr][29]/C (clocked by sys_clk_pin) and x_heep_system_i/core_v_mini_mcu_i/ao_peripheral_subsystem_i/power_manager_i/power_manager_reg_top_i/u_cpu_iso_on_counter/q_reg[30]/D (clocked by sys_clk_pin). Large setup violations at the end of those stages might be difficult to fix during the post-placement implementation flow and could be the result of non-optimal XDC constraints or non-optimal design architecture
Related violations: <none>

TIMING-16#890 Warning
Large setup violation  
There is a large setup violation of -6.084 ns between x_heep_system_i/core_v_mini_mcu_i/ao_peripheral_subsystem_i/obi_fifo_i/obi_req_fifo_i/mem_q_reg[0][addr][29]/C (clocked by sys_clk_pin) and x_heep_system_i/core_v_mini_mcu_i/ao_peripheral_subsystem_i/gpio_ao_i/i_reg_file/u_gpio_en_gpio_en_5/q_reg[0]/CE (clocked by sys_clk_pin). Large setup violations at the end of those stages might be difficult to fix during the post-placement implementation flow and could be the result of non-optimal XDC constraints or non-optimal design architecture
Related violations: <none>

TIMING-16#891 Warning
Large setup violation  
There is a large setup violation of -6.084 ns between x_heep_system_i/core_v_mini_mcu_i/ao_peripheral_subsystem_i/obi_fifo_i/obi_req_fifo_i/mem_q_reg[0][addr][29]/C (clocked by sys_clk_pin) and x_heep_system_i/core_v_mini_mcu_i/ao_peripheral_subsystem_i/gpio_ao_i/i_reg_file/u_gpio_en_gpio_en_6/q_reg[0]/CE (clocked by sys_clk_pin). Large setup violations at the end of those stages might be difficult to fix during the post-placement implementation flow and could be the result of non-optimal XDC constraints or non-optimal design architecture
Related violations: <none>

TIMING-16#892 Warning
Large setup violation  
There is a large setup violation of -6.097 ns between x_heep_system_i/core_v_mini_mcu_i/ao_peripheral_subsystem_i/obi_fifo_i/obi_req_fifo_i/mem_q_reg[0][addr][29]/C (clocked by sys_clk_pin) and x_heep_system_i/core_v_mini_mcu_i/ao_peripheral_subsystem_i/power_manager_i/power_manager_reg_top_i/u_cpu_reset_assert_counter/q_reg[25]/CE (clocked by sys_clk_pin). Large setup violations at the end of those stages might be difficult to fix during the post-placement implementation flow and could be the result of non-optimal XDC constraints or non-optimal design architecture
Related violations: <none>

TIMING-16#893 Warning
Large setup violation  
There is a large setup violation of -6.097 ns between x_heep_system_i/core_v_mini_mcu_i/ao_peripheral_subsystem_i/obi_fifo_i/obi_req_fifo_i/mem_q_reg[0][addr][29]/C (clocked by sys_clk_pin) and x_heep_system_i/core_v_mini_mcu_i/ao_peripheral_subsystem_i/power_manager_i/power_manager_reg_top_i/u_cpu_reset_assert_counter/q_reg[26]/CE (clocked by sys_clk_pin). Large setup violations at the end of those stages might be difficult to fix during the post-placement implementation flow and could be the result of non-optimal XDC constraints or non-optimal design architecture
Related violations: <none>

TIMING-16#894 Warning
Large setup violation  
There is a large setup violation of -6.104 ns between x_heep_system_i/core_v_mini_mcu_i/ao_peripheral_subsystem_i/obi_fifo_i/obi_req_fifo_i/mem_q_reg[0][addr][29]/C (clocked by sys_clk_pin) and x_heep_system_i/core_v_mini_mcu_i/ao_peripheral_subsystem_i/power_manager_i/power_manager_reg_top_i/u_cpu_reset_assert_counter/q_reg[28]/CE (clocked by sys_clk_pin). Large setup violations at the end of those stages might be difficult to fix during the post-placement implementation flow and could be the result of non-optimal XDC constraints or non-optimal design architecture
Related violations: <none>

TIMING-16#895 Warning
Large setup violation  
There is a large setup violation of -6.104 ns between x_heep_system_i/core_v_mini_mcu_i/ao_peripheral_subsystem_i/obi_fifo_i/obi_req_fifo_i/mem_q_reg[0][addr][29]/C (clocked by sys_clk_pin) and x_heep_system_i/core_v_mini_mcu_i/ao_peripheral_subsystem_i/power_manager_i/power_manager_reg_top_i/u_cpu_reset_assert_counter/q_reg[29]/CE (clocked by sys_clk_pin). Large setup violations at the end of those stages might be difficult to fix during the post-placement implementation flow and could be the result of non-optimal XDC constraints or non-optimal design architecture
Related violations: <none>

TIMING-16#896 Warning
Large setup violation  
There is a large setup violation of -6.104 ns between x_heep_system_i/core_v_mini_mcu_i/ao_peripheral_subsystem_i/obi_fifo_i/obi_req_fifo_i/mem_q_reg[0][addr][29]/C (clocked by sys_clk_pin) and x_heep_system_i/core_v_mini_mcu_i/ao_peripheral_subsystem_i/power_manager_i/power_manager_reg_top_i/u_cpu_reset_assert_counter/q_reg[30]/CE (clocked by sys_clk_pin). Large setup violations at the end of those stages might be difficult to fix during the post-placement implementation flow and could be the result of non-optimal XDC constraints or non-optimal design architecture
Related violations: <none>

TIMING-16#897 Warning
Large setup violation  
There is a large setup violation of -6.116 ns between x_heep_system_i/core_v_mini_mcu_i/ao_peripheral_subsystem_i/obi_fifo_i/obi_req_fifo_i/mem_q_reg[0][addr][29]/C (clocked by sys_clk_pin) and x_heep_system_i/core_v_mini_mcu_i/ao_peripheral_subsystem_i/power_manager_i/power_manager_reg_top_i/u_cpu_reset_assert_counter/q_reg[31]/CE (clocked by sys_clk_pin). Large setup violations at the end of those stages might be difficult to fix during the post-placement implementation flow and could be the result of non-optimal XDC constraints or non-optimal design architecture
Related violations: <none>

TIMING-16#898 Warning
Large setup violation  
There is a large setup violation of -6.122 ns between x_heep_system_i/core_v_mini_mcu_i/ao_peripheral_subsystem_i/obi_fifo_i/obi_req_fifo_i/mem_q_reg[0][addr][29]/C (clocked by sys_clk_pin) and x_heep_system_i/core_v_mini_mcu_i/ao_peripheral_subsystem_i/gpio_ao_i/i_reg_file/u_intrpt_rise_status_intrpt_rise_status_1/q_reg[0]/D (clocked by sys_clk_pin). Large setup violations at the end of those stages might be difficult to fix during the post-placement implementation flow and could be the result of non-optimal XDC constraints or non-optimal design architecture
Related violations: <none>

TIMING-16#899 Warning
Large setup violation  
There is a large setup violation of -6.125 ns between x_heep_system_i/core_v_mini_mcu_i/ao_peripheral_subsystem_i/obi_fifo_i/obi_req_fifo_i/mem_q_reg[0][addr][29]/C (clocked by sys_clk_pin) and x_heep_system_i/core_v_mini_mcu_i/ao_peripheral_subsystem_i/power_manager_i/power_manager_reg_top_i/u_cpu_reset_deassert_counter/q_reg[21]/CE (clocked by sys_clk_pin). Large setup violations at the end of those stages might be difficult to fix during the post-placement implementation flow and could be the result of non-optimal XDC constraints or non-optimal design architecture
Related violations: <none>

TIMING-16#900 Warning
Large setup violation  
There is a large setup violation of -6.125 ns between x_heep_system_i/core_v_mini_mcu_i/ao_peripheral_subsystem_i/obi_fifo_i/obi_req_fifo_i/mem_q_reg[0][addr][29]/C (clocked by sys_clk_pin) and x_heep_system_i/core_v_mini_mcu_i/ao_peripheral_subsystem_i/power_manager_i/power_manager_reg_top_i/u_cpu_reset_deassert_counter/q_reg[22]/CE (clocked by sys_clk_pin). Large setup violations at the end of those stages might be difficult to fix during the post-placement implementation flow and could be the result of non-optimal XDC constraints or non-optimal design architecture
Related violations: <none>

TIMING-16#901 Warning
Large setup violation  
There is a large setup violation of -6.125 ns between x_heep_system_i/core_v_mini_mcu_i/ao_peripheral_subsystem_i/obi_fifo_i/obi_req_fifo_i/mem_q_reg[0][addr][29]/C (clocked by sys_clk_pin) and x_heep_system_i/core_v_mini_mcu_i/ao_peripheral_subsystem_i/power_manager_i/power_manager_reg_top_i/u_cpu_reset_deassert_counter/q_reg[24]/CE (clocked by sys_clk_pin). Large setup violations at the end of those stages might be difficult to fix during the post-placement implementation flow and could be the result of non-optimal XDC constraints or non-optimal design architecture
Related violations: <none>

TIMING-16#902 Warning
Large setup violation  
There is a large setup violation of -6.125 ns between x_heep_system_i/core_v_mini_mcu_i/ao_peripheral_subsystem_i/obi_fifo_i/obi_req_fifo_i/mem_q_reg[0][addr][29]/C (clocked by sys_clk_pin) and x_heep_system_i/core_v_mini_mcu_i/ao_peripheral_subsystem_i/power_manager_i/power_manager_reg_top_i/u_cpu_switch_on_counter/q_reg[27]/D (clocked by sys_clk_pin). Large setup violations at the end of those stages might be difficult to fix during the post-placement implementation flow and could be the result of non-optimal XDC constraints or non-optimal design architecture
Related violations: <none>

TIMING-16#903 Warning
Large setup violation  
There is a large setup violation of -6.127 ns between x_heep_system_i/core_v_mini_mcu_i/ao_peripheral_subsystem_i/obi_fifo_i/obi_req_fifo_i/mem_q_reg[0][addr][29]/C (clocked by sys_clk_pin) and x_heep_system_i/core_v_mini_mcu_i/ao_peripheral_subsystem_i/power_manager_i/power_manager_reg_top_i/u_cpu_switch_on_counter/q_reg[26]/D (clocked by sys_clk_pin). Large setup violations at the end of those stages might be difficult to fix during the post-placement implementation flow and could be the result of non-optimal XDC constraints or non-optimal design architecture
Related violations: <none>

TIMING-16#904 Warning
Large setup violation  
There is a large setup violation of -6.129 ns between x_heep_system_i/core_v_mini_mcu_i/ao_peripheral_subsystem_i/obi_fifo_i/obi_req_fifo_i/mem_q_reg[0][addr][29]/C (clocked by sys_clk_pin) and x_heep_system_i/core_v_mini_mcu_i/ao_peripheral_subsystem_i/power_manager_i/power_manager_reg_top_i/u_cpu_reset_deassert_counter/q_reg[14]/CE (clocked by sys_clk_pin). Large setup violations at the end of those stages might be difficult to fix during the post-placement implementation flow and could be the result of non-optimal XDC constraints or non-optimal design architecture
Related violations: <none>

TIMING-16#905 Warning
Large setup violation  
There is a large setup violation of -6.132 ns between x_heep_system_i/core_v_mini_mcu_i/ao_peripheral_subsystem_i/obi_fifo_i/obi_req_fifo_i/mem_q_reg[0][addr][29]/C (clocked by sys_clk_pin) and x_heep_system_i/core_v_mini_mcu_i/ao_peripheral_subsystem_i/gpio_ao_i/i_reg_file/u_intrpt_fall_status_intrpt_fall_status_1/q_reg[0]/D (clocked by sys_clk_pin). Large setup violations at the end of those stages might be difficult to fix during the post-placement implementation flow and could be the result of non-optimal XDC constraints or non-optimal design architecture
Related violations: <none>

TIMING-16#906 Warning
Large setup violation  
There is a large setup violation of -6.135 ns between x_heep_system_i/core_v_mini_mcu_i/ao_peripheral_subsystem_i/obi_fifo_i/obi_req_fifo_i/mem_q_reg[0][addr][29]/C (clocked by sys_clk_pin) and x_heep_system_i/core_v_mini_mcu_i/ao_peripheral_subsystem_i/power_manager_i/power_manager_reg_top_i/u_cpu_reset_deassert_counter/q_reg[16]/CE (clocked by sys_clk_pin). Large setup violations at the end of those stages might be difficult to fix during the post-placement implementation flow and could be the result of non-optimal XDC constraints or non-optimal design architecture
Related violations: <none>

TIMING-16#907 Warning
Large setup violation  
There is a large setup violation of -6.135 ns between x_heep_system_i/core_v_mini_mcu_i/ao_peripheral_subsystem_i/obi_fifo_i/obi_req_fifo_i/mem_q_reg[0][addr][29]/C (clocked by sys_clk_pin) and x_heep_system_i/core_v_mini_mcu_i/ao_peripheral_subsystem_i/power_manager_i/power_manager_reg_top_i/u_cpu_reset_deassert_counter/q_reg[17]/CE (clocked by sys_clk_pin). Large setup violations at the end of those stages might be difficult to fix during the post-placement implementation flow and could be the result of non-optimal XDC constraints or non-optimal design architecture
Related violations: <none>

TIMING-16#908 Warning
Large setup violation  
There is a large setup violation of -6.135 ns between x_heep_system_i/core_v_mini_mcu_i/ao_peripheral_subsystem_i/obi_fifo_i/obi_req_fifo_i/mem_q_reg[0][addr][29]/C (clocked by sys_clk_pin) and x_heep_system_i/core_v_mini_mcu_i/ao_peripheral_subsystem_i/power_manager_i/power_manager_reg_top_i/u_cpu_reset_deassert_counter/q_reg[18]/CE (clocked by sys_clk_pin). Large setup violations at the end of those stages might be difficult to fix during the post-placement implementation flow and could be the result of non-optimal XDC constraints or non-optimal design architecture
Related violations: <none>

TIMING-16#909 Warning
Large setup violation  
There is a large setup violation of -6.135 ns between x_heep_system_i/core_v_mini_mcu_i/ao_peripheral_subsystem_i/obi_fifo_i/obi_req_fifo_i/mem_q_reg[0][addr][29]/C (clocked by sys_clk_pin) and x_heep_system_i/core_v_mini_mcu_i/ao_peripheral_subsystem_i/power_manager_i/power_manager_reg_top_i/u_cpu_reset_deassert_counter/q_reg[19]/CE (clocked by sys_clk_pin). Large setup violations at the end of those stages might be difficult to fix during the post-placement implementation flow and could be the result of non-optimal XDC constraints or non-optimal design architecture
Related violations: <none>

TIMING-16#910 Warning
Large setup violation  
There is a large setup violation of -6.141 ns between x_heep_system_i/core_v_mini_mcu_i/ao_peripheral_subsystem_i/obi_fifo_i/obi_req_fifo_i/mem_q_reg[0][addr][29]/C (clocked by sys_clk_pin) and x_heep_system_i/core_v_mini_mcu_i/ao_peripheral_subsystem_i/power_manager_i/power_manager_reg_top_i/u_cpu_reset_deassert_counter/q_reg[30]/D (clocked by sys_clk_pin). Large setup violations at the end of those stages might be difficult to fix during the post-placement implementation flow and could be the result of non-optimal XDC constraints or non-optimal design architecture
Related violations: <none>

TIMING-16#911 Warning
Large setup violation  
There is a large setup violation of -6.148 ns between x_heep_system_i/core_v_mini_mcu_i/ao_peripheral_subsystem_i/obi_fifo_i/obi_req_fifo_i/mem_q_reg[0][addr][29]/C (clocked by sys_clk_pin) and x_heep_system_i/core_v_mini_mcu_i/ao_peripheral_subsystem_i/gpio_ao_i/i_reg_file/u_intrpt_lvl_low_status_intrpt_lvl_low_status_14/q_reg[0]/D (clocked by sys_clk_pin). Large setup violations at the end of those stages might be difficult to fix during the post-placement implementation flow and could be the result of non-optimal XDC constraints or non-optimal design architecture
Related violations: <none>

TIMING-16#912 Warning
Large setup violation  
There is a large setup violation of -6.148 ns between x_heep_system_i/core_v_mini_mcu_i/ao_peripheral_subsystem_i/obi_fifo_i/obi_req_fifo_i/mem_q_reg[0][addr][29]/C (clocked by sys_clk_pin) and x_heep_system_i/core_v_mini_mcu_i/ao_peripheral_subsystem_i/periph_to_reg_i/r_rdata_q_reg[9]/D (clocked by sys_clk_pin). Large setup violations at the end of those stages might be difficult to fix during the post-placement implementation flow and could be the result of non-optimal XDC constraints or non-optimal design architecture
Related violations: <none>

TIMING-16#913 Warning
Large setup violation  
There is a large setup violation of -6.150 ns between x_heep_system_i/core_v_mini_mcu_i/ao_peripheral_subsystem_i/obi_fifo_i/obi_req_fifo_i/mem_q_reg[0][addr][29]/C (clocked by sys_clk_pin) and x_heep_system_i/core_v_mini_mcu_i/ao_peripheral_subsystem_i/gpio_ao_i/i_reg_file/u_intrpt_lvl_low_status_intrpt_lvl_low_status_28/q_reg[0]/D (clocked by sys_clk_pin). Large setup violations at the end of those stages might be difficult to fix during the post-placement implementation flow and could be the result of non-optimal XDC constraints or non-optimal design architecture
Related violations: <none>

TIMING-16#914 Warning
Large setup violation  
There is a large setup violation of -6.163 ns between x_heep_system_i/core_v_mini_mcu_i/ao_peripheral_subsystem_i/obi_fifo_i/obi_req_fifo_i/mem_q_reg[0][addr][29]/C (clocked by sys_clk_pin) and x_heep_system_i/core_v_mini_mcu_i/ao_peripheral_subsystem_i/gpio_ao_i/i_reg_file/u_intrpt_lvl_low_status_intrpt_lvl_low_status_5/q_reg[0]/D (clocked by sys_clk_pin). Large setup violations at the end of those stages might be difficult to fix during the post-placement implementation flow and could be the result of non-optimal XDC constraints or non-optimal design architecture
Related violations: <none>

TIMING-16#915 Warning
Large setup violation  
There is a large setup violation of -6.167 ns between x_heep_system_i/core_v_mini_mcu_i/ao_peripheral_subsystem_i/obi_fifo_i/obi_req_fifo_i/mem_q_reg[0][addr][29]/C (clocked by sys_clk_pin) and x_heep_system_i/core_v_mini_mcu_i/ao_peripheral_subsystem_i/power_manager_i/power_manager_reg_top_i/u_cpu_counters_stop_cpu_switch_on_stop_bit_counter/q_reg[0]/D (clocked by sys_clk_pin). Large setup violations at the end of those stages might be difficult to fix during the post-placement implementation flow and could be the result of non-optimal XDC constraints or non-optimal design architecture
Related violations: <none>

TIMING-16#916 Warning
Large setup violation  
There is a large setup violation of -6.170 ns between x_heep_system_i/core_v_mini_mcu_i/ao_peripheral_subsystem_i/obi_fifo_i/obi_req_fifo_i/mem_q_reg[0][addr][29]/C (clocked by sys_clk_pin) and x_heep_system_i/core_v_mini_mcu_i/ao_peripheral_subsystem_i/power_manager_i/power_manager_reg_top_i/u_cpu_reset_deassert_counter/q_reg[25]/CE (clocked by sys_clk_pin). Large setup violations at the end of those stages might be difficult to fix during the post-placement implementation flow and could be the result of non-optimal XDC constraints or non-optimal design architecture
Related violations: <none>

TIMING-16#917 Warning
Large setup violation  
There is a large setup violation of -6.170 ns between x_heep_system_i/core_v_mini_mcu_i/ao_peripheral_subsystem_i/obi_fifo_i/obi_req_fifo_i/mem_q_reg[0][addr][29]/C (clocked by sys_clk_pin) and x_heep_system_i/core_v_mini_mcu_i/ao_peripheral_subsystem_i/power_manager_i/power_manager_reg_top_i/u_cpu_reset_deassert_counter/q_reg[26]/CE (clocked by sys_clk_pin). Large setup violations at the end of those stages might be difficult to fix during the post-placement implementation flow and could be the result of non-optimal XDC constraints or non-optimal design architecture
Related violations: <none>

TIMING-16#918 Warning
Large setup violation  
There is a large setup violation of -6.170 ns between x_heep_system_i/core_v_mini_mcu_i/ao_peripheral_subsystem_i/obi_fifo_i/obi_req_fifo_i/mem_q_reg[0][addr][29]/C (clocked by sys_clk_pin) and x_heep_system_i/core_v_mini_mcu_i/ao_peripheral_subsystem_i/power_manager_i/power_manager_reg_top_i/u_cpu_reset_deassert_counter/q_reg[29]/CE (clocked by sys_clk_pin). Large setup violations at the end of those stages might be difficult to fix during the post-placement implementation flow and could be the result of non-optimal XDC constraints or non-optimal design architecture
Related violations: <none>

TIMING-16#919 Warning
Large setup violation  
There is a large setup violation of -6.170 ns between x_heep_system_i/core_v_mini_mcu_i/ao_peripheral_subsystem_i/obi_fifo_i/obi_req_fifo_i/mem_q_reg[0][addr][29]/C (clocked by sys_clk_pin) and x_heep_system_i/core_v_mini_mcu_i/ao_peripheral_subsystem_i/power_manager_i/power_manager_reg_top_i/u_cpu_reset_deassert_counter/q_reg[30]/CE (clocked by sys_clk_pin). Large setup violations at the end of those stages might be difficult to fix during the post-placement implementation flow and could be the result of non-optimal XDC constraints or non-optimal design architecture
Related violations: <none>

TIMING-16#920 Warning
Large setup violation  
There is a large setup violation of -6.198 ns between x_heep_system_i/core_v_mini_mcu_i/ao_peripheral_subsystem_i/obi_fifo_i/obi_req_fifo_i/mem_q_reg[0][addr][29]/C (clocked by sys_clk_pin) and x_heep_system_i/core_v_mini_mcu_i/ao_peripheral_subsystem_i/power_manager_i/power_manager_reg_top_i/u_cpu_switch_off_counter/q_reg[24]/D (clocked by sys_clk_pin). Large setup violations at the end of those stages might be difficult to fix during the post-placement implementation flow and could be the result of non-optimal XDC constraints or non-optimal design architecture
Related violations: <none>

TIMING-16#921 Warning
Large setup violation  
There is a large setup violation of -6.199 ns between x_heep_system_i/core_v_mini_mcu_i/ao_peripheral_subsystem_i/obi_fifo_i/obi_req_fifo_i/mem_q_reg[0][addr][29]/C (clocked by sys_clk_pin) and x_heep_system_i/core_v_mini_mcu_i/ao_peripheral_subsystem_i/power_manager_i/power_manager_reg_top_i/u_en_wait_for_intr/q_reg[13]/D (clocked by sys_clk_pin). Large setup violations at the end of those stages might be difficult to fix during the post-placement implementation flow and could be the result of non-optimal XDC constraints or non-optimal design architecture
Related violations: <none>

TIMING-16#922 Warning
Large setup violation  
There is a large setup violation of -6.230 ns between x_heep_system_i/core_v_mini_mcu_i/ao_peripheral_subsystem_i/obi_fifo_i/obi_req_fifo_i/mem_q_reg[0][addr][29]/C (clocked by sys_clk_pin) and x_heep_system_i/core_v_mini_mcu_i/ao_peripheral_subsystem_i/gpio_ao_i/i_reg_file/u_intrpt_lvl_low_status_intrpt_lvl_low_status_4/q_reg[0]/D (clocked by sys_clk_pin). Large setup violations at the end of those stages might be difficult to fix during the post-placement implementation flow and could be the result of non-optimal XDC constraints or non-optimal design architecture
Related violations: <none>

TIMING-16#923 Warning
Large setup violation  
There is a large setup violation of -6.232 ns between x_heep_system_i/core_v_mini_mcu_i/ao_peripheral_subsystem_i/obi_fifo_i/obi_req_fifo_i/mem_q_reg[0][addr][29]/C (clocked by sys_clk_pin) and x_heep_system_i/core_v_mini_mcu_i/ao_peripheral_subsystem_i/periph_to_reg_i/r_rdata_q_reg[13]/D (clocked by sys_clk_pin). Large setup violations at the end of those stages might be difficult to fix during the post-placement implementation flow and could be the result of non-optimal XDC constraints or non-optimal design architecture
Related violations: <none>

TIMING-16#924 Warning
Large setup violation  
There is a large setup violation of -6.233 ns between x_heep_system_i/core_v_mini_mcu_i/ao_peripheral_subsystem_i/obi_fifo_i/obi_req_fifo_i/mem_q_reg[0][addr][29]/C (clocked by sys_clk_pin) and x_heep_system_i/core_v_mini_mcu_i/ao_peripheral_subsystem_i/periph_to_reg_i/r_rdata_q_reg[6]/D (clocked by sys_clk_pin). Large setup violations at the end of those stages might be difficult to fix during the post-placement implementation flow and could be the result of non-optimal XDC constraints or non-optimal design architecture
Related violations: <none>

TIMING-16#925 Warning
Large setup violation  
There is a large setup violation of -6.236 ns between x_heep_system_i/core_v_mini_mcu_i/ao_peripheral_subsystem_i/obi_fifo_i/obi_req_fifo_i/mem_q_reg[0][addr][29]/C (clocked by sys_clk_pin) and x_heep_system_i/core_v_mini_mcu_i/ao_peripheral_subsystem_i/gpio_ao_i/i_reg_file/u_intrpt_lvl_low_status_intrpt_lvl_low_status_8/q_reg[0]/D (clocked by sys_clk_pin). Large setup violations at the end of those stages might be difficult to fix during the post-placement implementation flow and could be the result of non-optimal XDC constraints or non-optimal design architecture
Related violations: <none>

TIMING-16#926 Warning
Large setup violation  
There is a large setup violation of -6.245 ns between x_heep_system_i/core_v_mini_mcu_i/ao_peripheral_subsystem_i/obi_fifo_i/obi_req_fifo_i/mem_q_reg[0][addr][29]/C (clocked by sys_clk_pin) and x_heep_system_i/core_v_mini_mcu_i/ao_peripheral_subsystem_i/gpio_ao_i/i_reg_file/u_intrpt_lvl_low_en_intrpt_lvl_low_en_1/q_reg[0]/CE (clocked by sys_clk_pin). Large setup violations at the end of those stages might be difficult to fix during the post-placement implementation flow and could be the result of non-optimal XDC constraints or non-optimal design architecture
Related violations: <none>

TIMING-16#927 Warning
Large setup violation  
There is a large setup violation of -6.245 ns between x_heep_system_i/core_v_mini_mcu_i/ao_peripheral_subsystem_i/obi_fifo_i/obi_req_fifo_i/mem_q_reg[0][addr][29]/C (clocked by sys_clk_pin) and x_heep_system_i/core_v_mini_mcu_i/ao_peripheral_subsystem_i/gpio_ao_i/i_reg_file/u_intrpt_lvl_low_en_intrpt_lvl_low_en_18/q_reg[0]/CE (clocked by sys_clk_pin). Large setup violations at the end of those stages might be difficult to fix during the post-placement implementation flow and could be the result of non-optimal XDC constraints or non-optimal design architecture
Related violations: <none>

TIMING-16#928 Warning
Large setup violation  
There is a large setup violation of -6.245 ns between x_heep_system_i/core_v_mini_mcu_i/ao_peripheral_subsystem_i/obi_fifo_i/obi_req_fifo_i/mem_q_reg[0][addr][29]/C (clocked by sys_clk_pin) and x_heep_system_i/core_v_mini_mcu_i/ao_peripheral_subsystem_i/gpio_ao_i/i_reg_file/u_intrpt_lvl_low_en_intrpt_lvl_low_en_19/q_reg[0]/CE (clocked by sys_clk_pin). Large setup violations at the end of those stages might be difficult to fix during the post-placement implementation flow and could be the result of non-optimal XDC constraints or non-optimal design architecture
Related violations: <none>

TIMING-16#929 Warning
Large setup violation  
There is a large setup violation of -6.253 ns between x_heep_system_i/core_v_mini_mcu_i/ao_peripheral_subsystem_i/obi_fifo_i/obi_req_fifo_i/mem_q_reg[0][addr][29]/C (clocked by sys_clk_pin) and x_heep_system_i/core_v_mini_mcu_i/ao_peripheral_subsystem_i/power_manager_i/power_manager_reg_top_i/u_cpu_reset_deassert_counter/q_reg[28]/D (clocked by sys_clk_pin). Large setup violations at the end of those stages might be difficult to fix during the post-placement implementation flow and could be the result of non-optimal XDC constraints or non-optimal design architecture
Related violations: <none>

TIMING-16#930 Warning
Large setup violation  
There is a large setup violation of -6.258 ns between x_heep_system_i/core_v_mini_mcu_i/ao_peripheral_subsystem_i/obi_fifo_i/obi_req_fifo_i/mem_q_reg[0][addr][29]/C (clocked by sys_clk_pin) and x_heep_system_i/core_v_mini_mcu_i/ao_peripheral_subsystem_i/power_manager_i/power_manager_reg_top_i/u_cpu_reset_deassert_counter/q_reg[27]/D (clocked by sys_clk_pin). Large setup violations at the end of those stages might be difficult to fix during the post-placement implementation flow and could be the result of non-optimal XDC constraints or non-optimal design architecture
Related violations: <none>

TIMING-16#931 Warning
Large setup violation  
There is a large setup violation of -6.279 ns between x_heep_system_i/core_v_mini_mcu_i/ao_peripheral_subsystem_i/obi_fifo_i/obi_req_fifo_i/mem_q_reg[0][addr][29]/C (clocked by sys_clk_pin) and x_heep_system_i/core_v_mini_mcu_i/ao_peripheral_subsystem_i/periph_to_reg_i/r_rdata_q_reg[21]/D (clocked by sys_clk_pin). Large setup violations at the end of those stages might be difficult to fix during the post-placement implementation flow and could be the result of non-optimal XDC constraints or non-optimal design architecture
Related violations: <none>

TIMING-16#932 Warning
Large setup violation  
There is a large setup violation of -6.280 ns between x_heep_system_i/core_v_mini_mcu_i/ao_peripheral_subsystem_i/obi_fifo_i/obi_req_fifo_i/mem_q_reg[0][addr][29]/C (clocked by sys_clk_pin) and x_heep_system_i/core_v_mini_mcu_i/ao_peripheral_subsystem_i/power_manager_i/power_manager_reg_top_i/u_cpu_reset_deassert_counter/q_reg[27]/CE (clocked by sys_clk_pin). Large setup violations at the end of those stages might be difficult to fix during the post-placement implementation flow and could be the result of non-optimal XDC constraints or non-optimal design architecture
Related violations: <none>

TIMING-16#933 Warning
Large setup violation  
There is a large setup violation of -6.280 ns between x_heep_system_i/core_v_mini_mcu_i/ao_peripheral_subsystem_i/obi_fifo_i/obi_req_fifo_i/mem_q_reg[0][addr][29]/C (clocked by sys_clk_pin) and x_heep_system_i/core_v_mini_mcu_i/ao_peripheral_subsystem_i/power_manager_i/power_manager_reg_top_i/u_cpu_reset_deassert_counter/q_reg[28]/CE (clocked by sys_clk_pin). Large setup violations at the end of those stages might be difficult to fix during the post-placement implementation flow and could be the result of non-optimal XDC constraints or non-optimal design architecture
Related violations: <none>

TIMING-16#934 Warning
Large setup violation  
There is a large setup violation of -6.280 ns between x_heep_system_i/core_v_mini_mcu_i/ao_peripheral_subsystem_i/obi_fifo_i/obi_req_fifo_i/mem_q_reg[0][addr][29]/C (clocked by sys_clk_pin) and x_heep_system_i/core_v_mini_mcu_i/ao_peripheral_subsystem_i/power_manager_i/power_manager_reg_top_i/u_cpu_reset_deassert_counter/q_reg[31]/CE (clocked by sys_clk_pin). Large setup violations at the end of those stages might be difficult to fix during the post-placement implementation flow and could be the result of non-optimal XDC constraints or non-optimal design architecture
Related violations: <none>

TIMING-16#935 Warning
Large setup violation  
There is a large setup violation of -6.281 ns between x_heep_system_i/core_v_mini_mcu_i/ao_peripheral_subsystem_i/obi_fifo_i/obi_req_fifo_i/mem_q_reg[0][addr][29]/C (clocked by sys_clk_pin) and x_heep_system_i/core_v_mini_mcu_i/ao_peripheral_subsystem_i/gpio_ao_i/i_reg_file/u_intrpt_lvl_low_en_intrpt_lvl_low_en_17/q_reg[0]/CE (clocked by sys_clk_pin). Large setup violations at the end of those stages might be difficult to fix during the post-placement implementation flow and could be the result of non-optimal XDC constraints or non-optimal design architecture
Related violations: <none>

TIMING-16#936 Warning
Large setup violation  
There is a large setup violation of -6.298 ns between x_heep_system_i/core_v_mini_mcu_i/ao_peripheral_subsystem_i/obi_fifo_i/obi_req_fifo_i/mem_q_reg[0][addr][29]/C (clocked by sys_clk_pin) and x_heep_system_i/core_v_mini_mcu_i/ao_peripheral_subsystem_i/periph_to_reg_i/r_rdata_q_reg[20]/D (clocked by sys_clk_pin). Large setup violations at the end of those stages might be difficult to fix during the post-placement implementation flow and could be the result of non-optimal XDC constraints or non-optimal design architecture
Related violations: <none>

TIMING-16#937 Warning
Large setup violation  
There is a large setup violation of -6.310 ns between x_heep_system_i/core_v_mini_mcu_i/ao_peripheral_subsystem_i/obi_fifo_i/obi_req_fifo_i/mem_q_reg[0][addr][29]/C (clocked by sys_clk_pin) and x_heep_system_i/core_v_mini_mcu_i/ao_peripheral_subsystem_i/gpio_ao_i/i_reg_file/u_intrpt_lvl_low_status_intrpt_lvl_low_status_13/q_reg[0]/D (clocked by sys_clk_pin). Large setup violations at the end of those stages might be difficult to fix during the post-placement implementation flow and could be the result of non-optimal XDC constraints or non-optimal design architecture
Related violations: <none>

TIMING-16#938 Warning
Large setup violation  
There is a large setup violation of -6.328 ns between x_heep_system_i/core_v_mini_mcu_i/ao_peripheral_subsystem_i/obi_fifo_i/obi_req_fifo_i/mem_q_reg[0][addr][29]/C (clocked by sys_clk_pin) and x_heep_system_i/core_v_mini_mcu_i/ao_peripheral_subsystem_i/power_manager_i/power_manager_reg_top_i/u_cpu_reset_deassert_counter/q_reg[29]/D (clocked by sys_clk_pin). Large setup violations at the end of those stages might be difficult to fix during the post-placement implementation flow and could be the result of non-optimal XDC constraints or non-optimal design architecture
Related violations: <none>

TIMING-16#939 Warning
Large setup violation  
There is a large setup violation of -6.343 ns between x_heep_system_i/core_v_mini_mcu_i/ao_peripheral_subsystem_i/obi_fifo_i/obi_req_fifo_i/mem_q_reg[0][addr][29]/C (clocked by sys_clk_pin) and x_heep_system_i/core_v_mini_mcu_i/ao_peripheral_subsystem_i/power_manager_i/power_manager_reg_top_i/u_cpu_switch_off_counter/q_reg[27]/D (clocked by sys_clk_pin). Large setup violations at the end of those stages might be difficult to fix during the post-placement implementation flow and could be the result of non-optimal XDC constraints or non-optimal design architecture
Related violations: <none>

TIMING-16#940 Warning
Large setup violation  
There is a large setup violation of -6.344 ns between x_heep_system_i/core_v_mini_mcu_i/ao_peripheral_subsystem_i/obi_fifo_i/obi_req_fifo_i/mem_q_reg[0][addr][29]/C (clocked by sys_clk_pin) and x_heep_system_i/core_v_mini_mcu_i/ao_peripheral_subsystem_i/gpio_ao_i/i_reg_file/u_intrpt_lvl_high_status_intrpt_lvl_high_status_5/q_reg[0]/D (clocked by sys_clk_pin). Large setup violations at the end of those stages might be difficult to fix during the post-placement implementation flow and could be the result of non-optimal XDC constraints or non-optimal design architecture
Related violations: <none>

TIMING-16#941 Warning
Large setup violation  
There is a large setup violation of -6.349 ns between x_heep_system_i/core_v_mini_mcu_i/ao_peripheral_subsystem_i/obi_fifo_i/obi_req_fifo_i/mem_q_reg[0][addr][29]/C (clocked by sys_clk_pin) and x_heep_system_i/core_v_mini_mcu_i/ao_peripheral_subsystem_i/periph_to_reg_i/r_rdata_q_reg[8]/D (clocked by sys_clk_pin). Large setup violations at the end of those stages might be difficult to fix during the post-placement implementation flow and could be the result of non-optimal XDC constraints or non-optimal design architecture
Related violations: <none>

TIMING-16#942 Warning
Large setup violation  
There is a large setup violation of -6.357 ns between x_heep_system_i/core_v_mini_mcu_i/ao_peripheral_subsystem_i/obi_fifo_i/obi_req_fifo_i/mem_q_reg[0][addr][29]/C (clocked by sys_clk_pin) and x_heep_system_i/core_v_mini_mcu_i/ao_peripheral_subsystem_i/gpio_ao_i/i_reg_file/u_intrpt_lvl_low_en_intrpt_lvl_low_en_10/q_reg[0]/CE (clocked by sys_clk_pin). Large setup violations at the end of those stages might be difficult to fix during the post-placement implementation flow and could be the result of non-optimal XDC constraints or non-optimal design architecture
Related violations: <none>

TIMING-16#943 Warning
Large setup violation  
There is a large setup violation of -6.357 ns between x_heep_system_i/core_v_mini_mcu_i/ao_peripheral_subsystem_i/obi_fifo_i/obi_req_fifo_i/mem_q_reg[0][addr][29]/C (clocked by sys_clk_pin) and x_heep_system_i/core_v_mini_mcu_i/ao_peripheral_subsystem_i/gpio_ao_i/i_reg_file/u_intrpt_lvl_low_en_intrpt_lvl_low_en_11/q_reg[0]/CE (clocked by sys_clk_pin). Large setup violations at the end of those stages might be difficult to fix during the post-placement implementation flow and could be the result of non-optimal XDC constraints or non-optimal design architecture
Related violations: <none>

TIMING-16#944 Warning
Large setup violation  
There is a large setup violation of -6.357 ns between x_heep_system_i/core_v_mini_mcu_i/ao_peripheral_subsystem_i/obi_fifo_i/obi_req_fifo_i/mem_q_reg[0][addr][29]/C (clocked by sys_clk_pin) and x_heep_system_i/core_v_mini_mcu_i/ao_peripheral_subsystem_i/gpio_ao_i/i_reg_file/u_intrpt_lvl_low_en_intrpt_lvl_low_en_20/q_reg[0]/CE (clocked by sys_clk_pin). Large setup violations at the end of those stages might be difficult to fix during the post-placement implementation flow and could be the result of non-optimal XDC constraints or non-optimal design architecture
Related violations: <none>

TIMING-16#945 Warning
Large setup violation  
There is a large setup violation of -6.357 ns between x_heep_system_i/core_v_mini_mcu_i/ao_peripheral_subsystem_i/obi_fifo_i/obi_req_fifo_i/mem_q_reg[0][addr][29]/C (clocked by sys_clk_pin) and x_heep_system_i/core_v_mini_mcu_i/ao_peripheral_subsystem_i/gpio_ao_i/i_reg_file/u_intrpt_lvl_low_en_intrpt_lvl_low_en_9/q_reg[0]/CE (clocked by sys_clk_pin). Large setup violations at the end of those stages might be difficult to fix during the post-placement implementation flow and could be the result of non-optimal XDC constraints or non-optimal design architecture
Related violations: <none>

TIMING-16#946 Warning
Large setup violation  
There is a large setup violation of -6.364 ns between x_heep_system_i/core_v_mini_mcu_i/ao_peripheral_subsystem_i/obi_fifo_i/obi_req_fifo_i/mem_q_reg[0][addr][29]/C (clocked by sys_clk_pin) and x_heep_system_i/core_v_mini_mcu_i/ao_peripheral_subsystem_i/power_manager_i/power_manager_reg_top_i/u_cpu_reset_deassert_counter/q_reg[31]/D (clocked by sys_clk_pin). Large setup violations at the end of those stages might be difficult to fix during the post-placement implementation flow and could be the result of non-optimal XDC constraints or non-optimal design architecture
Related violations: <none>

TIMING-16#947 Warning
Large setup violation  
There is a large setup violation of -6.369 ns between x_heep_system_i/core_v_mini_mcu_i/ao_peripheral_subsystem_i/obi_fifo_i/obi_req_fifo_i/mem_q_reg[0][addr][29]/C (clocked by sys_clk_pin) and x_heep_system_i/core_v_mini_mcu_i/ao_peripheral_subsystem_i/gpio_ao_i/i_reg_file/u_intrpt_lvl_low_en_intrpt_lvl_low_en_16/q_reg[0]/CE (clocked by sys_clk_pin). Large setup violations at the end of those stages might be difficult to fix during the post-placement implementation flow and could be the result of non-optimal XDC constraints or non-optimal design architecture
Related violations: <none>

TIMING-16#948 Warning
Large setup violation  
There is a large setup violation of -6.377 ns between x_heep_system_i/core_v_mini_mcu_i/ao_peripheral_subsystem_i/obi_fifo_i/obi_req_fifo_i/mem_q_reg[0][addr][29]/C (clocked by sys_clk_pin) and x_heep_system_i/core_v_mini_mcu_i/ao_peripheral_subsystem_i/gpio_ao_i/i_reg_file/u_intrpt_lvl_low_status_intrpt_lvl_low_status_3/q_reg[0]/D (clocked by sys_clk_pin). Large setup violations at the end of those stages might be difficult to fix during the post-placement implementation flow and could be the result of non-optimal XDC constraints or non-optimal design architecture
Related violations: <none>

TIMING-16#949 Warning
Large setup violation  
There is a large setup violation of -6.399 ns between x_heep_system_i/core_v_mini_mcu_i/ao_peripheral_subsystem_i/obi_fifo_i/obi_req_fifo_i/mem_q_reg[0][addr][29]/C (clocked by sys_clk_pin) and x_heep_system_i/core_v_mini_mcu_i/ao_peripheral_subsystem_i/periph_to_reg_i/r_rdata_q_reg[15]/D (clocked by sys_clk_pin). Large setup violations at the end of those stages might be difficult to fix during the post-placement implementation flow and could be the result of non-optimal XDC constraints or non-optimal design architecture
Related violations: <none>

TIMING-16#950 Warning
Large setup violation  
There is a large setup violation of -6.416 ns between x_heep_system_i/core_v_mini_mcu_i/ao_peripheral_subsystem_i/obi_fifo_i/obi_req_fifo_i/mem_q_reg[0][addr][29]/C (clocked by sys_clk_pin) and x_heep_system_i/core_v_mini_mcu_i/ao_peripheral_subsystem_i/periph_to_reg_i/r_rdata_q_reg[26]/D (clocked by sys_clk_pin). Large setup violations at the end of those stages might be difficult to fix during the post-placement implementation flow and could be the result of non-optimal XDC constraints or non-optimal design architecture
Related violations: <none>

TIMING-16#951 Warning
Large setup violation  
There is a large setup violation of -6.417 ns between x_heep_system_i/core_v_mini_mcu_i/ao_peripheral_subsystem_i/obi_fifo_i/obi_req_fifo_i/mem_q_reg[0][addr][29]/C (clocked by sys_clk_pin) and x_heep_system_i/core_v_mini_mcu_i/ao_peripheral_subsystem_i/gpio_ao_i/i_reg_file/u_intrpt_lvl_low_en_intrpt_lvl_low_en_24/q_reg[0]/CE (clocked by sys_clk_pin). Large setup violations at the end of those stages might be difficult to fix during the post-placement implementation flow and could be the result of non-optimal XDC constraints or non-optimal design architecture
Related violations: <none>

TIMING-16#952 Warning
Large setup violation  
There is a large setup violation of -6.448 ns between x_heep_system_i/core_v_mini_mcu_i/ao_peripheral_subsystem_i/obi_fifo_i/obi_req_fifo_i/mem_q_reg[0][addr][29]/C (clocked by sys_clk_pin) and x_heep_system_i/core_v_mini_mcu_i/ao_peripheral_subsystem_i/gpio_ao_i/i_reg_file/u_intrpt_lvl_low_en_intrpt_lvl_low_en_2/q_reg[0]/CE (clocked by sys_clk_pin). Large setup violations at the end of those stages might be difficult to fix during the post-placement implementation flow and could be the result of non-optimal XDC constraints or non-optimal design architecture
Related violations: <none>

TIMING-16#953 Warning
Large setup violation  
There is a large setup violation of -6.448 ns between x_heep_system_i/core_v_mini_mcu_i/ao_peripheral_subsystem_i/obi_fifo_i/obi_req_fifo_i/mem_q_reg[0][addr][29]/C (clocked by sys_clk_pin) and x_heep_system_i/core_v_mini_mcu_i/ao_peripheral_subsystem_i/gpio_ao_i/i_reg_file/u_intrpt_lvl_low_en_intrpt_lvl_low_en_7/q_reg[0]/CE (clocked by sys_clk_pin). Large setup violations at the end of those stages might be difficult to fix during the post-placement implementation flow and could be the result of non-optimal XDC constraints or non-optimal design architecture
Related violations: <none>

TIMING-16#954 Warning
Large setup violation  
There is a large setup violation of -6.455 ns between x_heep_system_i/core_v_mini_mcu_i/ao_peripheral_subsystem_i/obi_fifo_i/obi_req_fifo_i/mem_q_reg[0][addr][29]/C (clocked by sys_clk_pin) and x_heep_system_i/core_v_mini_mcu_i/ao_peripheral_subsystem_i/periph_to_reg_i/r_rdata_q_reg[22]/D (clocked by sys_clk_pin). Large setup violations at the end of those stages might be difficult to fix during the post-placement implementation flow and could be the result of non-optimal XDC constraints or non-optimal design architecture
Related violations: <none>

TIMING-16#955 Warning
Large setup violation  
There is a large setup violation of -6.478 ns between x_heep_system_i/core_v_mini_mcu_i/ao_peripheral_subsystem_i/obi_fifo_i/obi_req_fifo_i/mem_q_reg[0][addr][29]/C (clocked by sys_clk_pin) and x_heep_system_i/core_v_mini_mcu_i/ao_peripheral_subsystem_i/periph_to_reg_i/r_rdata_q_reg[23]/D (clocked by sys_clk_pin). Large setup violations at the end of those stages might be difficult to fix during the post-placement implementation flow and could be the result of non-optimal XDC constraints or non-optimal design architecture
Related violations: <none>

TIMING-16#956 Warning
Large setup violation  
There is a large setup violation of -6.479 ns between x_heep_system_i/core_v_mini_mcu_i/ao_peripheral_subsystem_i/obi_fifo_i/obi_req_fifo_i/mem_q_reg[0][addr][29]/C (clocked by sys_clk_pin) and x_heep_system_i/core_v_mini_mcu_i/ao_peripheral_subsystem_i/gpio_ao_i/i_reg_file/u_intrpt_lvl_low_en_intrpt_lvl_low_en_0/q_reg[0]/CE (clocked by sys_clk_pin). Large setup violations at the end of those stages might be difficult to fix during the post-placement implementation flow and could be the result of non-optimal XDC constraints or non-optimal design architecture
Related violations: <none>

TIMING-16#957 Warning
Large setup violation  
There is a large setup violation of -6.479 ns between x_heep_system_i/core_v_mini_mcu_i/ao_peripheral_subsystem_i/obi_fifo_i/obi_req_fifo_i/mem_q_reg[0][addr][29]/C (clocked by sys_clk_pin) and x_heep_system_i/core_v_mini_mcu_i/ao_peripheral_subsystem_i/gpio_ao_i/i_reg_file/u_intrpt_lvl_low_en_intrpt_lvl_low_en_3/q_reg[0]/CE (clocked by sys_clk_pin). Large setup violations at the end of those stages might be difficult to fix during the post-placement implementation flow and could be the result of non-optimal XDC constraints or non-optimal design architecture
Related violations: <none>

TIMING-16#958 Warning
Large setup violation  
There is a large setup violation of -6.479 ns between x_heep_system_i/core_v_mini_mcu_i/ao_peripheral_subsystem_i/obi_fifo_i/obi_req_fifo_i/mem_q_reg[0][addr][29]/C (clocked by sys_clk_pin) and x_heep_system_i/core_v_mini_mcu_i/ao_peripheral_subsystem_i/gpio_ao_i/i_reg_file/u_intrpt_lvl_low_en_intrpt_lvl_low_en_4/q_reg[0]/CE (clocked by sys_clk_pin). Large setup violations at the end of those stages might be difficult to fix during the post-placement implementation flow and could be the result of non-optimal XDC constraints or non-optimal design architecture
Related violations: <none>

TIMING-16#959 Warning
Large setup violation  
There is a large setup violation of -6.510 ns between x_heep_system_i/core_v_mini_mcu_i/ao_peripheral_subsystem_i/obi_fifo_i/obi_req_fifo_i/mem_q_reg[0][addr][29]/C (clocked by sys_clk_pin) and x_heep_system_i/core_v_mini_mcu_i/ao_peripheral_subsystem_i/gpio_ao_i/i_reg_file/u_intrpt_lvl_low_en_intrpt_lvl_low_en_25/q_reg[0]/CE (clocked by sys_clk_pin). Large setup violations at the end of those stages might be difficult to fix during the post-placement implementation flow and could be the result of non-optimal XDC constraints or non-optimal design architecture
Related violations: <none>

TIMING-16#960 Warning
Large setup violation  
There is a large setup violation of -6.532 ns between x_heep_system_i/core_v_mini_mcu_i/ao_peripheral_subsystem_i/obi_fifo_i/obi_req_fifo_i/mem_q_reg[0][addr][29]/C (clocked by sys_clk_pin) and x_heep_system_i/core_v_mini_mcu_i/ao_peripheral_subsystem_i/gpio_ao_i/i_reg_file/u_intrpt_lvl_low_en_intrpt_lvl_low_en_22/q_reg[0]/CE (clocked by sys_clk_pin). Large setup violations at the end of those stages might be difficult to fix during the post-placement implementation flow and could be the result of non-optimal XDC constraints or non-optimal design architecture
Related violations: <none>

TIMING-16#961 Warning
Large setup violation  
There is a large setup violation of -6.532 ns between x_heep_system_i/core_v_mini_mcu_i/ao_peripheral_subsystem_i/obi_fifo_i/obi_req_fifo_i/mem_q_reg[0][addr][29]/C (clocked by sys_clk_pin) and x_heep_system_i/core_v_mini_mcu_i/ao_peripheral_subsystem_i/gpio_ao_i/i_reg_file/u_intrpt_lvl_low_en_intrpt_lvl_low_en_27/q_reg[0]/CE (clocked by sys_clk_pin). Large setup violations at the end of those stages might be difficult to fix during the post-placement implementation flow and could be the result of non-optimal XDC constraints or non-optimal design architecture
Related violations: <none>

TIMING-16#962 Warning
Large setup violation  
There is a large setup violation of -6.532 ns between x_heep_system_i/core_v_mini_mcu_i/ao_peripheral_subsystem_i/obi_fifo_i/obi_req_fifo_i/mem_q_reg[0][addr][29]/C (clocked by sys_clk_pin) and x_heep_system_i/core_v_mini_mcu_i/ao_peripheral_subsystem_i/gpio_ao_i/i_reg_file/u_intrpt_lvl_low_en_intrpt_lvl_low_en_29/q_reg[0]/CE (clocked by sys_clk_pin). Large setup violations at the end of those stages might be difficult to fix during the post-placement implementation flow and could be the result of non-optimal XDC constraints or non-optimal design architecture
Related violations: <none>

TIMING-16#963 Warning
Large setup violation  
There is a large setup violation of -6.545 ns between x_heep_system_i/core_v_mini_mcu_i/ao_peripheral_subsystem_i/obi_fifo_i/obi_req_fifo_i/mem_q_reg[0][addr][29]/C (clocked by sys_clk_pin) and x_heep_system_i/core_v_mini_mcu_i/ao_peripheral_subsystem_i/periph_to_reg_i/r_rdata_q_reg[29]/D (clocked by sys_clk_pin). Large setup violations at the end of those stages might be difficult to fix during the post-placement implementation flow and could be the result of non-optimal XDC constraints or non-optimal design architecture
Related violations: <none>

TIMING-16#964 Warning
Large setup violation  
There is a large setup violation of -6.555 ns between x_heep_system_i/core_v_mini_mcu_i/ao_peripheral_subsystem_i/obi_fifo_i/obi_req_fifo_i/mem_q_reg[0][addr][29]/C (clocked by sys_clk_pin) and x_heep_system_i/core_v_mini_mcu_i/ao_peripheral_subsystem_i/gpio_ao_i/i_reg_file/u_intrpt_lvl_low_en_intrpt_lvl_low_en_31/q_reg[0]/CE (clocked by sys_clk_pin). Large setup violations at the end of those stages might be difficult to fix during the post-placement implementation flow and could be the result of non-optimal XDC constraints or non-optimal design architecture
Related violations: <none>

TIMING-16#965 Warning
Large setup violation  
There is a large setup violation of -6.562 ns between x_heep_system_i/core_v_mini_mcu_i/ao_peripheral_subsystem_i/obi_fifo_i/obi_req_fifo_i/mem_q_reg[0][addr][29]/C (clocked by sys_clk_pin) and x_heep_system_i/core_v_mini_mcu_i/ao_peripheral_subsystem_i/power_manager_i/power_manager_reg_top_i/u_cpu_counters_stop_cpu_iso_on_stop_bit_counter/q_reg[0]/D (clocked by sys_clk_pin). Large setup violations at the end of those stages might be difficult to fix during the post-placement implementation flow and could be the result of non-optimal XDC constraints or non-optimal design architecture
Related violations: <none>

TIMING-16#966 Warning
Large setup violation  
There is a large setup violation of -6.568 ns between x_heep_system_i/core_v_mini_mcu_i/ao_peripheral_subsystem_i/obi_fifo_i/obi_req_fifo_i/mem_q_reg[0][addr][29]/C (clocked by sys_clk_pin) and x_heep_system_i/core_v_mini_mcu_i/ao_peripheral_subsystem_i/gpio_ao_i/i_reg_file/u_intrpt_lvl_low_en_intrpt_lvl_low_en_5/q_reg[0]/CE (clocked by sys_clk_pin). Large setup violations at the end of those stages might be difficult to fix during the post-placement implementation flow and could be the result of non-optimal XDC constraints or non-optimal design architecture
Related violations: <none>

TIMING-16#967 Warning
Large setup violation  
There is a large setup violation of -6.573 ns between x_heep_system_i/core_v_mini_mcu_i/ao_peripheral_subsystem_i/obi_fifo_i/obi_req_fifo_i/mem_q_reg[0][addr][29]/C (clocked by sys_clk_pin) and x_heep_system_i/core_v_mini_mcu_i/ao_peripheral_subsystem_i/gpio_ao_i/i_reg_file/u_intrpt_lvl_low_en_intrpt_lvl_low_en_21/q_reg[0]/CE (clocked by sys_clk_pin). Large setup violations at the end of those stages might be difficult to fix during the post-placement implementation flow and could be the result of non-optimal XDC constraints or non-optimal design architecture
Related violations: <none>

TIMING-16#968 Warning
Large setup violation  
There is a large setup violation of -6.588 ns between x_heep_system_i/core_v_mini_mcu_i/ao_peripheral_subsystem_i/obi_fifo_i/obi_req_fifo_i/mem_q_reg[0][addr][29]/C (clocked by sys_clk_pin) and x_heep_system_i/core_v_mini_mcu_i/ao_peripheral_subsystem_i/gpio_ao_i/i_reg_file/u_intrpt_lvl_low_en_intrpt_lvl_low_en_8/q_reg[0]/CE (clocked by sys_clk_pin). Large setup violations at the end of those stages might be difficult to fix during the post-placement implementation flow and could be the result of non-optimal XDC constraints or non-optimal design architecture
Related violations: <none>

TIMING-16#969 Warning
Large setup violation  
There is a large setup violation of -6.598 ns between x_heep_system_i/core_v_mini_mcu_i/ao_peripheral_subsystem_i/obi_fifo_i/obi_req_fifo_i/mem_q_reg[0][addr][29]/C (clocked by sys_clk_pin) and x_heep_system_i/core_v_mini_mcu_i/ao_peripheral_subsystem_i/periph_to_reg_i/r_rdata_q_reg[25]/D (clocked by sys_clk_pin). Large setup violations at the end of those stages might be difficult to fix during the post-placement implementation flow and could be the result of non-optimal XDC constraints or non-optimal design architecture
Related violations: <none>

TIMING-16#970 Warning
Large setup violation  
There is a large setup violation of -6.602 ns between x_heep_system_i/core_v_mini_mcu_i/ao_peripheral_subsystem_i/obi_fifo_i/obi_req_fifo_i/mem_q_reg[0][addr][29]/C (clocked by sys_clk_pin) and x_heep_system_i/core_v_mini_mcu_i/ao_peripheral_subsystem_i/gpio_ao_i/i_reg_file/u_intrpt_lvl_low_status_intrpt_lvl_low_status_0/q_reg[0]/D (clocked by sys_clk_pin). Large setup violations at the end of those stages might be difficult to fix during the post-placement implementation flow and could be the result of non-optimal XDC constraints or non-optimal design architecture
Related violations: <none>

TIMING-16#971 Warning
Large setup violation  
There is a large setup violation of -6.654 ns between x_heep_system_i/core_v_mini_mcu_i/ao_peripheral_subsystem_i/obi_fifo_i/obi_req_fifo_i/mem_q_reg[0][addr][29]/C (clocked by sys_clk_pin) and x_heep_system_i/core_v_mini_mcu_i/ao_peripheral_subsystem_i/gpio_ao_i/i_reg_file/u_intrpt_lvl_low_en_intrpt_lvl_low_en_6/q_reg[0]/CE (clocked by sys_clk_pin). Large setup violations at the end of those stages might be difficult to fix during the post-placement implementation flow and could be the result of non-optimal XDC constraints or non-optimal design architecture
Related violations: <none>

TIMING-16#972 Warning
Large setup violation  
There is a large setup violation of -6.670 ns between x_heep_system_i/core_v_mini_mcu_i/ao_peripheral_subsystem_i/obi_fifo_i/obi_req_fifo_i/mem_q_reg[0][addr][29]/C (clocked by sys_clk_pin) and x_heep_system_i/core_v_mini_mcu_i/ao_peripheral_subsystem_i/gpio_ao_i/i_reg_file/u_intrpt_lvl_low_status_intrpt_lvl_low_status_6/q_reg[0]/D (clocked by sys_clk_pin). Large setup violations at the end of those stages might be difficult to fix during the post-placement implementation flow and could be the result of non-optimal XDC constraints or non-optimal design architecture
Related violations: <none>

TIMING-16#973 Warning
Large setup violation  
There is a large setup violation of -6.718 ns between x_heep_system_i/core_v_mini_mcu_i/ao_peripheral_subsystem_i/obi_fifo_i/obi_req_fifo_i/mem_q_reg[0][addr][29]/C (clocked by sys_clk_pin) and x_heep_system_i/core_v_mini_mcu_i/ao_peripheral_subsystem_i/gpio_ao_i/i_reg_file/u_intrpt_lvl_low_en_intrpt_lvl_low_en_12/q_reg[0]/CE (clocked by sys_clk_pin). Large setup violations at the end of those stages might be difficult to fix during the post-placement implementation flow and could be the result of non-optimal XDC constraints or non-optimal design architecture
Related violations: <none>

TIMING-16#974 Warning
Large setup violation  
There is a large setup violation of -6.718 ns between x_heep_system_i/core_v_mini_mcu_i/ao_peripheral_subsystem_i/obi_fifo_i/obi_req_fifo_i/mem_q_reg[0][addr][29]/C (clocked by sys_clk_pin) and x_heep_system_i/core_v_mini_mcu_i/ao_peripheral_subsystem_i/gpio_ao_i/i_reg_file/u_intrpt_lvl_low_en_intrpt_lvl_low_en_26/q_reg[0]/CE (clocked by sys_clk_pin). Large setup violations at the end of those stages might be difficult to fix during the post-placement implementation flow and could be the result of non-optimal XDC constraints or non-optimal design architecture
Related violations: <none>

TIMING-16#975 Warning
Large setup violation  
There is a large setup violation of -6.718 ns between x_heep_system_i/core_v_mini_mcu_i/ao_peripheral_subsystem_i/obi_fifo_i/obi_req_fifo_i/mem_q_reg[0][addr][29]/C (clocked by sys_clk_pin) and x_heep_system_i/core_v_mini_mcu_i/ao_peripheral_subsystem_i/gpio_ao_i/i_reg_file/u_intrpt_lvl_low_en_intrpt_lvl_low_en_30/q_reg[0]/CE (clocked by sys_clk_pin). Large setup violations at the end of those stages might be difficult to fix during the post-placement implementation flow and could be the result of non-optimal XDC constraints or non-optimal design architecture
Related violations: <none>

TIMING-16#976 Warning
Large setup violation  
There is a large setup violation of -6.741 ns between x_heep_system_i/core_v_mini_mcu_i/ao_peripheral_subsystem_i/obi_fifo_i/obi_req_fifo_i/mem_q_reg[0][addr][29]/C (clocked by sys_clk_pin) and x_heep_system_i/core_v_mini_mcu_i/ao_peripheral_subsystem_i/gpio_ao_i/i_reg_file/u_intrpt_lvl_low_en_intrpt_lvl_low_en_15/q_reg[0]/CE (clocked by sys_clk_pin). Large setup violations at the end of those stages might be difficult to fix during the post-placement implementation flow and could be the result of non-optimal XDC constraints or non-optimal design architecture
Related violations: <none>

TIMING-16#977 Warning
Large setup violation  
There is a large setup violation of -6.778 ns between x_heep_system_i/core_v_mini_mcu_i/ao_peripheral_subsystem_i/obi_fifo_i/obi_req_fifo_i/mem_q_reg[0][addr][29]/C (clocked by sys_clk_pin) and x_heep_system_i/core_v_mini_mcu_i/ao_peripheral_subsystem_i/periph_to_reg_i/r_rdata_q_reg[7]/D (clocked by sys_clk_pin). Large setup violations at the end of those stages might be difficult to fix during the post-placement implementation flow and could be the result of non-optimal XDC constraints or non-optimal design architecture
Related violations: <none>

TIMING-16#978 Warning
Large setup violation  
There is a large setup violation of -6.828 ns between x_heep_system_i/core_v_mini_mcu_i/ao_peripheral_subsystem_i/obi_fifo_i/obi_req_fifo_i/mem_q_reg[0][addr][29]/C (clocked by sys_clk_pin) and x_heep_system_i/core_v_mini_mcu_i/ao_peripheral_subsystem_i/periph_to_reg_i/r_rdata_q_reg[10]/D (clocked by sys_clk_pin). Large setup violations at the end of those stages might be difficult to fix during the post-placement implementation flow and could be the result of non-optimal XDC constraints or non-optimal design architecture
Related violations: <none>

TIMING-16#979 Warning
Large setup violation  
There is a large setup violation of -6.843 ns between x_heep_system_i/core_v_mini_mcu_i/ao_peripheral_subsystem_i/obi_fifo_i/obi_req_fifo_i/mem_q_reg[0][addr][29]/C (clocked by sys_clk_pin) and x_heep_system_i/core_v_mini_mcu_i/ao_peripheral_subsystem_i/periph_to_reg_i/r_rdata_q_reg[14]/D (clocked by sys_clk_pin). Large setup violations at the end of those stages might be difficult to fix during the post-placement implementation flow and could be the result of non-optimal XDC constraints or non-optimal design architecture
Related violations: <none>

TIMING-16#980 Warning
Large setup violation  
There is a large setup violation of -6.927 ns between x_heep_system_i/core_v_mini_mcu_i/ao_peripheral_subsystem_i/obi_fifo_i/obi_req_fifo_i/mem_q_reg[0][addr][29]/C (clocked by sys_clk_pin) and x_heep_system_i/core_v_mini_mcu_i/ao_peripheral_subsystem_i/gpio_ao_i/i_reg_file/u_intrpt_lvl_low_en_intrpt_lvl_low_en_13/q_reg[0]/CE (clocked by sys_clk_pin). Large setup violations at the end of those stages might be difficult to fix during the post-placement implementation flow and could be the result of non-optimal XDC constraints or non-optimal design architecture
Related violations: <none>

TIMING-16#981 Warning
Large setup violation  
There is a large setup violation of -6.927 ns between x_heep_system_i/core_v_mini_mcu_i/ao_peripheral_subsystem_i/obi_fifo_i/obi_req_fifo_i/mem_q_reg[0][addr][29]/C (clocked by sys_clk_pin) and x_heep_system_i/core_v_mini_mcu_i/ao_peripheral_subsystem_i/gpio_ao_i/i_reg_file/u_intrpt_lvl_low_en_intrpt_lvl_low_en_14/q_reg[0]/CE (clocked by sys_clk_pin). Large setup violations at the end of those stages might be difficult to fix during the post-placement implementation flow and could be the result of non-optimal XDC constraints or non-optimal design architecture
Related violations: <none>

TIMING-16#982 Warning
Large setup violation  
There is a large setup violation of -6.927 ns between x_heep_system_i/core_v_mini_mcu_i/ao_peripheral_subsystem_i/obi_fifo_i/obi_req_fifo_i/mem_q_reg[0][addr][29]/C (clocked by sys_clk_pin) and x_heep_system_i/core_v_mini_mcu_i/ao_peripheral_subsystem_i/gpio_ao_i/i_reg_file/u_intrpt_lvl_low_en_intrpt_lvl_low_en_23/q_reg[0]/CE (clocked by sys_clk_pin). Large setup violations at the end of those stages might be difficult to fix during the post-placement implementation flow and could be the result of non-optimal XDC constraints or non-optimal design architecture
Related violations: <none>

TIMING-16#983 Warning
Large setup violation  
There is a large setup violation of -6.927 ns between x_heep_system_i/core_v_mini_mcu_i/ao_peripheral_subsystem_i/obi_fifo_i/obi_req_fifo_i/mem_q_reg[0][addr][29]/C (clocked by sys_clk_pin) and x_heep_system_i/core_v_mini_mcu_i/ao_peripheral_subsystem_i/gpio_ao_i/i_reg_file/u_intrpt_lvl_low_en_intrpt_lvl_low_en_28/q_reg[0]/CE (clocked by sys_clk_pin). Large setup violations at the end of those stages might be difficult to fix during the post-placement implementation flow and could be the result of non-optimal XDC constraints or non-optimal design architecture
Related violations: <none>

TIMING-16#984 Warning
Large setup violation  
There is a large setup violation of -6.944 ns between x_heep_system_i/core_v_mini_mcu_i/ao_peripheral_subsystem_i/obi_fifo_i/obi_req_fifo_i/mem_q_reg[0][addr][29]/C (clocked by sys_clk_pin) and x_heep_system_i/core_v_mini_mcu_i/ao_peripheral_subsystem_i/periph_to_reg_i/r_rdata_q_reg[11]/D (clocked by sys_clk_pin). Large setup violations at the end of those stages might be difficult to fix during the post-placement implementation flow and could be the result of non-optimal XDC constraints or non-optimal design architecture
Related violations: <none>

TIMING-16#985 Warning
Large setup violation  
There is a large setup violation of -6.956 ns between x_heep_system_i/core_v_mini_mcu_i/ao_peripheral_subsystem_i/obi_fifo_i/obi_req_fifo_i/mem_q_reg[0][addr][29]/C (clocked by sys_clk_pin) and x_heep_system_i/core_v_mini_mcu_i/ao_peripheral_subsystem_i/periph_to_reg_i/r_rdata_q_reg[18]/D (clocked by sys_clk_pin). Large setup violations at the end of those stages might be difficult to fix during the post-placement implementation flow and could be the result of non-optimal XDC constraints or non-optimal design architecture
Related violations: <none>

TIMING-16#986 Warning
Large setup violation  
There is a large setup violation of -7.021 ns between x_heep_system_i/core_v_mini_mcu_i/ao_peripheral_subsystem_i/obi_fifo_i/obi_req_fifo_i/mem_q_reg[0][addr][29]/C (clocked by sys_clk_pin) and x_heep_system_i/core_v_mini_mcu_i/ao_peripheral_subsystem_i/periph_to_reg_i/r_rdata_q_reg[19]/D (clocked by sys_clk_pin). Large setup violations at the end of those stages might be difficult to fix during the post-placement implementation flow and could be the result of non-optimal XDC constraints or non-optimal design architecture
Related violations: <none>

TIMING-16#987 Warning
Large setup violation  
There is a large setup violation of -7.032 ns between x_heep_system_i/core_v_mini_mcu_i/ao_peripheral_subsystem_i/obi_fifo_i/obi_req_fifo_i/mem_q_reg[0][addr][29]/C (clocked by sys_clk_pin) and x_heep_system_i/core_v_mini_mcu_i/ao_peripheral_subsystem_i/periph_to_reg_i/r_rdata_q_reg[24]/D (clocked by sys_clk_pin). Large setup violations at the end of those stages might be difficult to fix during the post-placement implementation flow and could be the result of non-optimal XDC constraints or non-optimal design architecture
Related violations: <none>

TIMING-16#988 Warning
Large setup violation  
There is a large setup violation of -7.047 ns between x_heep_system_i/core_v_mini_mcu_i/ao_peripheral_subsystem_i/obi_fifo_i/obi_req_fifo_i/mem_q_reg[0][addr][29]/C (clocked by sys_clk_pin) and x_heep_system_i/core_v_mini_mcu_i/ao_peripheral_subsystem_i/periph_to_reg_i/r_rdata_q_reg[16]/D (clocked by sys_clk_pin). Large setup violations at the end of those stages might be difficult to fix during the post-placement implementation flow and could be the result of non-optimal XDC constraints or non-optimal design architecture
Related violations: <none>

TIMING-16#989 Warning
Large setup violation  
There is a large setup violation of -7.163 ns between x_heep_system_i/core_v_mini_mcu_i/ao_peripheral_subsystem_i/obi_fifo_i/obi_req_fifo_i/mem_q_reg[0][addr][29]/C (clocked by sys_clk_pin) and x_heep_system_i/core_v_mini_mcu_i/ao_peripheral_subsystem_i/periph_to_reg_i/r_rdata_q_reg[12]/D (clocked by sys_clk_pin). Large setup violations at the end of those stages might be difficult to fix during the post-placement implementation flow and could be the result of non-optimal XDC constraints or non-optimal design architecture
Related violations: <none>

TIMING-16#990 Warning
Large setup violation  
There is a large setup violation of -7.168 ns between x_heep_system_i/core_v_mini_mcu_i/ao_peripheral_subsystem_i/obi_fifo_i/obi_req_fifo_i/mem_q_reg[0][addr][29]/C (clocked by sys_clk_pin) and x_heep_system_i/core_v_mini_mcu_i/ao_peripheral_subsystem_i/periph_to_reg_i/r_rdata_q_reg[1]/D (clocked by sys_clk_pin). Large setup violations at the end of those stages might be difficult to fix during the post-placement implementation flow and could be the result of non-optimal XDC constraints or non-optimal design architecture
Related violations: <none>

TIMING-16#991 Warning
Large setup violation  
There is a large setup violation of -7.203 ns between x_heep_system_i/core_v_mini_mcu_i/ao_peripheral_subsystem_i/obi_fifo_i/obi_req_fifo_i/mem_q_reg[0][addr][29]/C (clocked by sys_clk_pin) and x_heep_system_i/core_v_mini_mcu_i/ao_peripheral_subsystem_i/periph_to_reg_i/r_rdata_q_reg[4]/D (clocked by sys_clk_pin). Large setup violations at the end of those stages might be difficult to fix during the post-placement implementation flow and could be the result of non-optimal XDC constraints or non-optimal design architecture
Related violations: <none>

TIMING-16#992 Warning
Large setup violation  
There is a large setup violation of -7.247 ns between x_heep_system_i/core_v_mini_mcu_i/ao_peripheral_subsystem_i/obi_fifo_i/obi_req_fifo_i/mem_q_reg[0][addr][29]/C (clocked by sys_clk_pin) and x_heep_system_i/core_v_mini_mcu_i/ao_peripheral_subsystem_i/periph_to_reg_i/r_rdata_q_reg[17]/D (clocked by sys_clk_pin). Large setup violations at the end of those stages might be difficult to fix during the post-placement implementation flow and could be the result of non-optimal XDC constraints or non-optimal design architecture
Related violations: <none>

TIMING-16#993 Warning
Large setup violation  
There is a large setup violation of -7.258 ns between x_heep_system_i/core_v_mini_mcu_i/ao_peripheral_subsystem_i/obi_fifo_i/obi_req_fifo_i/mem_q_reg[0][addr][29]/C (clocked by sys_clk_pin) and x_heep_system_i/core_v_mini_mcu_i/ao_peripheral_subsystem_i/periph_to_reg_i/r_rdata_q_reg[30]/D (clocked by sys_clk_pin). Large setup violations at the end of those stages might be difficult to fix during the post-placement implementation flow and could be the result of non-optimal XDC constraints or non-optimal design architecture
Related violations: <none>

TIMING-16#994 Warning
Large setup violation  
There is a large setup violation of -7.274 ns between x_heep_system_i/core_v_mini_mcu_i/ao_peripheral_subsystem_i/obi_fifo_i/obi_req_fifo_i/mem_q_reg[0][addr][29]/C (clocked by sys_clk_pin) and x_heep_system_i/core_v_mini_mcu_i/ao_peripheral_subsystem_i/periph_to_reg_i/r_rdata_q_reg[5]/D (clocked by sys_clk_pin). Large setup violations at the end of those stages might be difficult to fix during the post-placement implementation flow and could be the result of non-optimal XDC constraints or non-optimal design architecture
Related violations: <none>

TIMING-16#995 Warning
Large setup violation  
There is a large setup violation of -7.301 ns between x_heep_system_i/core_v_mini_mcu_i/ao_peripheral_subsystem_i/obi_fifo_i/obi_req_fifo_i/mem_q_reg[0][addr][30]/C (clocked by sys_clk_pin) and x_heep_system_i/core_v_mini_mcu_i/ao_peripheral_subsystem_i/periph_to_reg_i/r_rdata_q_reg[2]/D (clocked by sys_clk_pin). Large setup violations at the end of those stages might be difficult to fix during the post-placement implementation flow and could be the result of non-optimal XDC constraints or non-optimal design architecture
Related violations: <none>

TIMING-16#996 Warning
Large setup violation  
There is a large setup violation of -7.346 ns between x_heep_system_i/core_v_mini_mcu_i/ao_peripheral_subsystem_i/obi_fifo_i/obi_req_fifo_i/mem_q_reg[0][addr][29]/C (clocked by sys_clk_pin) and x_heep_system_i/core_v_mini_mcu_i/ao_peripheral_subsystem_i/periph_to_reg_i/r_rdata_q_reg[28]/D (clocked by sys_clk_pin). Large setup violations at the end of those stages might be difficult to fix during the post-placement implementation flow and could be the result of non-optimal XDC constraints or non-optimal design architecture
Related violations: <none>

TIMING-16#997 Warning
Large setup violation  
There is a large setup violation of -7.384 ns between x_heep_system_i/core_v_mini_mcu_i/ao_peripheral_subsystem_i/obi_fifo_i/obi_req_fifo_i/mem_q_reg[0][addr][30]/C (clocked by sys_clk_pin) and x_heep_system_i/core_v_mini_mcu_i/ao_peripheral_subsystem_i/periph_to_reg_i/r_rdata_q_reg[3]/D (clocked by sys_clk_pin). Large setup violations at the end of those stages might be difficult to fix during the post-placement implementation flow and could be the result of non-optimal XDC constraints or non-optimal design architecture
Related violations: <none>

TIMING-16#998 Warning
Large setup violation  
There is a large setup violation of -7.489 ns between x_heep_system_i/core_v_mini_mcu_i/ao_peripheral_subsystem_i/obi_fifo_i/obi_req_fifo_i/mem_q_reg[0][addr][29]/C (clocked by sys_clk_pin) and x_heep_system_i/core_v_mini_mcu_i/ao_peripheral_subsystem_i/periph_to_reg_i/r_rdata_q_reg[27]/D (clocked by sys_clk_pin). Large setup violations at the end of those stages might be difficult to fix during the post-placement implementation flow and could be the result of non-optimal XDC constraints or non-optimal design architecture
Related violations: <none>

TIMING-16#999 Warning
Large setup violation  
There is a large setup violation of -7.490 ns between x_heep_system_i/core_v_mini_mcu_i/ao_peripheral_subsystem_i/obi_fifo_i/obi_req_fifo_i/mem_q_reg[0][addr][29]/C (clocked by sys_clk_pin) and x_heep_system_i/core_v_mini_mcu_i/ao_peripheral_subsystem_i/periph_to_reg_i/r_rdata_q_reg[0]/D (clocked by sys_clk_pin). Large setup violations at the end of those stages might be difficult to fix during the post-placement implementation flow and could be the result of non-optimal XDC constraints or non-optimal design architecture
Related violations: <none>

TIMING-16#1000 Warning
Large setup violation  
There is a large setup violation of -7.728 ns between x_heep_system_i/core_v_mini_mcu_i/ao_peripheral_subsystem_i/obi_fifo_i/obi_req_fifo_i/mem_q_reg[0][addr][29]/C (clocked by sys_clk_pin) and x_heep_system_i/core_v_mini_mcu_i/ao_peripheral_subsystem_i/periph_to_reg_i/r_rdata_q_reg[31]/D (clocked by sys_clk_pin). Large setup violations at the end of those stages might be difficult to fix during the post-placement implementation flow and could be the result of non-optimal XDC constraints or non-optimal design architecture
Related violations: <none>

TIMING-18#1 Warning
Missing input or output delay  
An input delay is missing on boot_select_i relative to the rising and/or falling clock edge(s) of sys_clk_pin.
Related violations: <none>

TIMING-18#2 Warning
Missing input or output delay  
An input delay is missing on cw_pdic_i relative to the rising and/or falling clock edge(s) of sys_clk_pin.
Related violations: <none>

TIMING-18#3 Warning
Missing input or output delay  
An input delay is missing on gpio_io[0] relative to the rising and/or falling clock edge(s) of sys_clk_pin.
Related violations: <none>

TIMING-18#4 Warning
Missing input or output delay  
An input delay is missing on gpio_io[10] relative to the rising and/or falling clock edge(s) of sys_clk_pin.
Related violations: <none>

TIMING-18#5 Warning
Missing input or output delay  
An input delay is missing on gpio_io[11] relative to the rising and/or falling clock edge(s) of sys_clk_pin.
Related violations: <none>

TIMING-18#6 Warning
Missing input or output delay  
An input delay is missing on gpio_io[12] relative to the rising and/or falling clock edge(s) of sys_clk_pin.
Related violations: <none>

TIMING-18#7 Warning
Missing input or output delay  
An input delay is missing on gpio_io[13] relative to the rising and/or falling clock edge(s) of sys_clk_pin.
Related violations: <none>

TIMING-18#8 Warning
Missing input or output delay  
An input delay is missing on gpio_io[1] relative to the rising and/or falling clock edge(s) of sys_clk_pin.
Related violations: <none>

TIMING-18#9 Warning
Missing input or output delay  
An input delay is missing on gpio_io[2] relative to the rising and/or falling clock edge(s) of sys_clk_pin.
Related violations: <none>

TIMING-18#10 Warning
Missing input or output delay  
An input delay is missing on gpio_io[3] relative to the rising and/or falling clock edge(s) of sys_clk_pin.
Related violations: <none>

TIMING-18#11 Warning
Missing input or output delay  
An input delay is missing on gpio_io[4] relative to the rising and/or falling clock edge(s) of sys_clk_pin.
Related violations: <none>

TIMING-18#12 Warning
Missing input or output delay  
An input delay is missing on gpio_io[5] relative to the rising and/or falling clock edge(s) of sys_clk_pin.
Related violations: <none>

TIMING-18#13 Warning
Missing input or output delay  
An input delay is missing on gpio_io[6] relative to the rising and/or falling clock edge(s) of sys_clk_pin.
Related violations: <none>

TIMING-18#14 Warning
Missing input or output delay  
An input delay is missing on gpio_io[7] relative to the rising and/or falling clock edge(s) of sys_clk_pin.
Related violations: <none>

TIMING-18#15 Warning
Missing input or output delay  
An input delay is missing on gpio_io[8] relative to the rising and/or falling clock edge(s) of sys_clk_pin.
Related violations: <none>

TIMING-18#16 Warning
Missing input or output delay  
An input delay is missing on gpio_io[9] relative to the rising and/or falling clock edge(s) of sys_clk_pin.
Related violations: <none>

TIMING-18#17 Warning
Missing input or output delay  
An input delay is missing on jtag_tdi_i relative to the rising and/or falling clock edge(s) of jtag_clk_pin.
Related violations: <none>

TIMING-18#18 Warning
Missing input or output delay  
An input delay is missing on jtag_tms_i relative to the rising and/or falling clock edge(s) of jtag_clk_pin.
Related violations: <none>

TIMING-18#19 Warning
Missing input or output delay  
An input delay is missing on jtag_trst_ni relative to the rising and/or falling clock edge(s) of jtag_clk_pin.
Related violations: <none>

TIMING-18#20 Warning
Missing input or output delay  
An input delay is missing on rst_i relative to the rising and/or falling clock edge(s) of sys_clk_pin.
Related violations: <none>

TIMING-18#21 Warning
Missing input or output delay  
An input delay is missing on uart_rx_i relative to the rising and/or falling clock edge(s) of sys_clk_pin.
Related violations: <none>

TIMING-18#22 Warning
Missing input or output delay  
An output delay is missing on clk_led_o relative to the rising and/or falling clock edge(s) of sys_clk_pin.
Related violations: <none>

TIMING-18#23 Warning
Missing input or output delay  
An output delay is missing on exit_value_o relative to the rising and/or falling clock edge(s) of sys_clk_pin.
Related violations: <none>

TIMING-18#24 Warning
Missing input or output delay  
An output delay is missing on gpio_io[0] relative to the rising and/or falling clock edge(s) of sys_clk_pin.
Related violations: <none>

TIMING-18#25 Warning
Missing input or output delay  
An output delay is missing on gpio_io[10] relative to the rising and/or falling clock edge(s) of sys_clk_pin.
Related violations: <none>

TIMING-18#26 Warning
Missing input or output delay  
An output delay is missing on gpio_io[11] relative to the rising and/or falling clock edge(s) of sys_clk_pin.
Related violations: <none>

TIMING-18#27 Warning
Missing input or output delay  
An output delay is missing on gpio_io[12] relative to the rising and/or falling clock edge(s) of sys_clk_pin.
Related violations: <none>

TIMING-18#28 Warning
Missing input or output delay  
An output delay is missing on gpio_io[13] relative to the rising and/or falling clock edge(s) of sys_clk_pin.
Related violations: <none>

TIMING-18#29 Warning
Missing input or output delay  
An output delay is missing on gpio_io[1] relative to the rising and/or falling clock edge(s) of sys_clk_pin.
Related violations: <none>

TIMING-18#30 Warning
Missing input or output delay  
An output delay is missing on gpio_io[2] relative to the rising and/or falling clock edge(s) of sys_clk_pin.
Related violations: <none>

TIMING-18#31 Warning
Missing input or output delay  
An output delay is missing on gpio_io[3] relative to the rising and/or falling clock edge(s) of sys_clk_pin.
Related violations: <none>

TIMING-18#32 Warning
Missing input or output delay  
An output delay is missing on gpio_io[4] relative to the rising and/or falling clock edge(s) of sys_clk_pin.
Related violations: <none>

TIMING-18#33 Warning
Missing input or output delay  
An output delay is missing on gpio_io[5] relative to the rising and/or falling clock edge(s) of sys_clk_pin.
Related violations: <none>

TIMING-18#34 Warning
Missing input or output delay  
An output delay is missing on gpio_io[6] relative to the rising and/or falling clock edge(s) of sys_clk_pin.
Related violations: <none>

TIMING-18#35 Warning
Missing input or output delay  
An output delay is missing on gpio_io[7] relative to the rising and/or falling clock edge(s) of sys_clk_pin.
Related violations: <none>

TIMING-18#36 Warning
Missing input or output delay  
An output delay is missing on gpio_io[8] relative to the rising and/or falling clock edge(s) of sys_clk_pin.
Related violations: <none>

TIMING-18#37 Warning
Missing input or output delay  
An output delay is missing on gpio_io[9] relative to the rising and/or falling clock edge(s) of sys_clk_pin.
Related violations: <none>

TIMING-18#38 Warning
Missing input or output delay  
An output delay is missing on jtag_tdo_o relative to the rising and/or falling clock edge(s) of jtag_clk_pin.
Related violations: <none>

TIMING-18#39 Warning
Missing input or output delay  
An output delay is missing on uart_tx_o relative to the rising and/or falling clock edge(s) of sys_clk_pin.
Related violations: <none>

XDCH-2#1 Warning
Same min and max delay values on IO port  
The same input delay of 2.000 ns has been defined on port 'cw_usb_addr_i[0]' relative to clock usb_clk_pin for both max and min. Make sure this reflects the design intent.
set_input_delay -clock usb_clk_pin 2.000 [get_ports cw_usb_addr_i]
/home/ando/git/x-heep-tflite/hw/fpga/constraints/cw305/constraints.xdc (Line: 11)
Related violations: <none>

XDCH-2#2 Warning
Same min and max delay values on IO port  
The same input delay of 2.000 ns has been defined on port 'cw_usb_addr_i[10]' relative to clock usb_clk_pin for both max and min. Make sure this reflects the design intent.
set_input_delay -clock usb_clk_pin 2.000 [get_ports cw_usb_addr_i]
/home/ando/git/x-heep-tflite/hw/fpga/constraints/cw305/constraints.xdc (Line: 11)
Related violations: <none>

XDCH-2#3 Warning
Same min and max delay values on IO port  
The same input delay of 2.000 ns has been defined on port 'cw_usb_addr_i[11]' relative to clock usb_clk_pin for both max and min. Make sure this reflects the design intent.
set_input_delay -clock usb_clk_pin 2.000 [get_ports cw_usb_addr_i]
/home/ando/git/x-heep-tflite/hw/fpga/constraints/cw305/constraints.xdc (Line: 11)
Related violations: <none>

XDCH-2#4 Warning
Same min and max delay values on IO port  
The same input delay of 2.000 ns has been defined on port 'cw_usb_addr_i[12]' relative to clock usb_clk_pin for both max and min. Make sure this reflects the design intent.
set_input_delay -clock usb_clk_pin 2.000 [get_ports cw_usb_addr_i]
/home/ando/git/x-heep-tflite/hw/fpga/constraints/cw305/constraints.xdc (Line: 11)
Related violations: <none>

XDCH-2#5 Warning
Same min and max delay values on IO port  
The same input delay of 2.000 ns has been defined on port 'cw_usb_addr_i[13]' relative to clock usb_clk_pin for both max and min. Make sure this reflects the design intent.
set_input_delay -clock usb_clk_pin 2.000 [get_ports cw_usb_addr_i]
/home/ando/git/x-heep-tflite/hw/fpga/constraints/cw305/constraints.xdc (Line: 11)
Related violations: <none>

XDCH-2#6 Warning
Same min and max delay values on IO port  
The same input delay of 2.000 ns has been defined on port 'cw_usb_addr_i[14]' relative to clock usb_clk_pin for both max and min. Make sure this reflects the design intent.
set_input_delay -clock usb_clk_pin 2.000 [get_ports cw_usb_addr_i]
/home/ando/git/x-heep-tflite/hw/fpga/constraints/cw305/constraints.xdc (Line: 11)
Related violations: <none>

XDCH-2#7 Warning
Same min and max delay values on IO port  
The same input delay of 2.000 ns has been defined on port 'cw_usb_addr_i[15]' relative to clock usb_clk_pin for both max and min. Make sure this reflects the design intent.
set_input_delay -clock usb_clk_pin 2.000 [get_ports cw_usb_addr_i]
/home/ando/git/x-heep-tflite/hw/fpga/constraints/cw305/constraints.xdc (Line: 11)
Related violations: <none>

XDCH-2#8 Warning
Same min and max delay values on IO port  
The same input delay of 2.000 ns has been defined on port 'cw_usb_addr_i[16]' relative to clock usb_clk_pin for both max and min. Make sure this reflects the design intent.
set_input_delay -clock usb_clk_pin 2.000 [get_ports cw_usb_addr_i]
/home/ando/git/x-heep-tflite/hw/fpga/constraints/cw305/constraints.xdc (Line: 11)
Related violations: <none>

XDCH-2#9 Warning
Same min and max delay values on IO port  
The same input delay of 2.000 ns has been defined on port 'cw_usb_addr_i[17]' relative to clock usb_clk_pin for both max and min. Make sure this reflects the design intent.
set_input_delay -clock usb_clk_pin 2.000 [get_ports cw_usb_addr_i]
/home/ando/git/x-heep-tflite/hw/fpga/constraints/cw305/constraints.xdc (Line: 11)
Related violations: <none>

XDCH-2#10 Warning
Same min and max delay values on IO port  
The same input delay of 2.000 ns has been defined on port 'cw_usb_addr_i[18]' relative to clock usb_clk_pin for both max and min. Make sure this reflects the design intent.
set_input_delay -clock usb_clk_pin 2.000 [get_ports cw_usb_addr_i]
/home/ando/git/x-heep-tflite/hw/fpga/constraints/cw305/constraints.xdc (Line: 11)
Related violations: <none>

XDCH-2#11 Warning
Same min and max delay values on IO port  
The same input delay of 2.000 ns has been defined on port 'cw_usb_addr_i[19]' relative to clock usb_clk_pin for both max and min. Make sure this reflects the design intent.
set_input_delay -clock usb_clk_pin 2.000 [get_ports cw_usb_addr_i]
/home/ando/git/x-heep-tflite/hw/fpga/constraints/cw305/constraints.xdc (Line: 11)
Related violations: <none>

XDCH-2#12 Warning
Same min and max delay values on IO port  
The same input delay of 2.000 ns has been defined on port 'cw_usb_addr_i[1]' relative to clock usb_clk_pin for both max and min. Make sure this reflects the design intent.
set_input_delay -clock usb_clk_pin 2.000 [get_ports cw_usb_addr_i]
/home/ando/git/x-heep-tflite/hw/fpga/constraints/cw305/constraints.xdc (Line: 11)
Related violations: <none>

XDCH-2#13 Warning
Same min and max delay values on IO port  
The same input delay of 2.000 ns has been defined on port 'cw_usb_addr_i[20]' relative to clock usb_clk_pin for both max and min. Make sure this reflects the design intent.
set_input_delay -clock usb_clk_pin 2.000 [get_ports cw_usb_addr_i]
/home/ando/git/x-heep-tflite/hw/fpga/constraints/cw305/constraints.xdc (Line: 11)
Related violations: <none>

XDCH-2#14 Warning
Same min and max delay values on IO port  
The same input delay of 2.000 ns has been defined on port 'cw_usb_addr_i[2]' relative to clock usb_clk_pin for both max and min. Make sure this reflects the design intent.
set_input_delay -clock usb_clk_pin 2.000 [get_ports cw_usb_addr_i]
/home/ando/git/x-heep-tflite/hw/fpga/constraints/cw305/constraints.xdc (Line: 11)
Related violations: <none>

XDCH-2#15 Warning
Same min and max delay values on IO port  
The same input delay of 2.000 ns has been defined on port 'cw_usb_addr_i[3]' relative to clock usb_clk_pin for both max and min. Make sure this reflects the design intent.
set_input_delay -clock usb_clk_pin 2.000 [get_ports cw_usb_addr_i]
/home/ando/git/x-heep-tflite/hw/fpga/constraints/cw305/constraints.xdc (Line: 11)
Related violations: <none>

XDCH-2#16 Warning
Same min and max delay values on IO port  
The same input delay of 2.000 ns has been defined on port 'cw_usb_addr_i[4]' relative to clock usb_clk_pin for both max and min. Make sure this reflects the design intent.
set_input_delay -clock usb_clk_pin 2.000 [get_ports cw_usb_addr_i]
/home/ando/git/x-heep-tflite/hw/fpga/constraints/cw305/constraints.xdc (Line: 11)
Related violations: <none>

XDCH-2#17 Warning
Same min and max delay values on IO port  
The same input delay of 2.000 ns has been defined on port 'cw_usb_addr_i[5]' relative to clock usb_clk_pin for both max and min. Make sure this reflects the design intent.
set_input_delay -clock usb_clk_pin 2.000 [get_ports cw_usb_addr_i]
/home/ando/git/x-heep-tflite/hw/fpga/constraints/cw305/constraints.xdc (Line: 11)
Related violations: <none>

XDCH-2#18 Warning
Same min and max delay values on IO port  
The same input delay of 2.000 ns has been defined on port 'cw_usb_addr_i[6]' relative to clock usb_clk_pin for both max and min. Make sure this reflects the design intent.
set_input_delay -clock usb_clk_pin 2.000 [get_ports cw_usb_addr_i]
/home/ando/git/x-heep-tflite/hw/fpga/constraints/cw305/constraints.xdc (Line: 11)
Related violations: <none>

XDCH-2#19 Warning
Same min and max delay values on IO port  
The same input delay of 2.000 ns has been defined on port 'cw_usb_addr_i[7]' relative to clock usb_clk_pin for both max and min. Make sure this reflects the design intent.
set_input_delay -clock usb_clk_pin 2.000 [get_ports cw_usb_addr_i]
/home/ando/git/x-heep-tflite/hw/fpga/constraints/cw305/constraints.xdc (Line: 11)
Related violations: <none>

XDCH-2#20 Warning
Same min and max delay values on IO port  
The same input delay of 2.000 ns has been defined on port 'cw_usb_addr_i[8]' relative to clock usb_clk_pin for both max and min. Make sure this reflects the design intent.
set_input_delay -clock usb_clk_pin 2.000 [get_ports cw_usb_addr_i]
/home/ando/git/x-heep-tflite/hw/fpga/constraints/cw305/constraints.xdc (Line: 11)
Related violations: <none>

XDCH-2#21 Warning
Same min and max delay values on IO port  
The same input delay of 2.000 ns has been defined on port 'cw_usb_addr_i[9]' relative to clock usb_clk_pin for both max and min. Make sure this reflects the design intent.
set_input_delay -clock usb_clk_pin 2.000 [get_ports cw_usb_addr_i]
/home/ando/git/x-heep-tflite/hw/fpga/constraints/cw305/constraints.xdc (Line: 11)
Related violations: <none>

XDCH-2#22 Warning
Same min and max delay values on IO port  
The same input delay of 2.000 ns has been defined on port 'cw_usb_cs_ni' relative to clock usb_clk_pin for both max and min. Make sure this reflects the design intent.
set_input_delay -clock usb_clk_pin 2.000 [get_ports cw_usb_cs_ni]
/home/ando/git/x-heep-tflite/hw/fpga/constraints/cw305/constraints.xdc (Line: 7)
Related violations: <none>

XDCH-2#23 Warning
Same min and max delay values on IO port  
The same input delay of 2.000 ns has been defined on port 'cw_usb_data_io[0]' relative to clock usb_clk_pin for both max and min. Make sure this reflects the design intent.
set_input_delay -clock usb_clk_pin 2.000 [get_ports cw_usb_data_io]
/home/ando/git/x-heep-tflite/hw/fpga/constraints/cw305/constraints.xdc (Line: 10)
Related violations: <none>

XDCH-2#24 Warning
Same min and max delay values on IO port  
The same input delay of 2.000 ns has been defined on port 'cw_usb_data_io[1]' relative to clock usb_clk_pin for both max and min. Make sure this reflects the design intent.
set_input_delay -clock usb_clk_pin 2.000 [get_ports cw_usb_data_io]
/home/ando/git/x-heep-tflite/hw/fpga/constraints/cw305/constraints.xdc (Line: 10)
Related violations: <none>

XDCH-2#25 Warning
Same min and max delay values on IO port  
The same input delay of 2.000 ns has been defined on port 'cw_usb_data_io[2]' relative to clock usb_clk_pin for both max and min. Make sure this reflects the design intent.
set_input_delay -clock usb_clk_pin 2.000 [get_ports cw_usb_data_io]
/home/ando/git/x-heep-tflite/hw/fpga/constraints/cw305/constraints.xdc (Line: 10)
Related violations: <none>

XDCH-2#26 Warning
Same min and max delay values on IO port  
The same input delay of 2.000 ns has been defined on port 'cw_usb_data_io[3]' relative to clock usb_clk_pin for both max and min. Make sure this reflects the design intent.
set_input_delay -clock usb_clk_pin 2.000 [get_ports cw_usb_data_io]
/home/ando/git/x-heep-tflite/hw/fpga/constraints/cw305/constraints.xdc (Line: 10)
Related violations: <none>

XDCH-2#27 Warning
Same min and max delay values on IO port  
The same input delay of 2.000 ns has been defined on port 'cw_usb_data_io[4]' relative to clock usb_clk_pin for both max and min. Make sure this reflects the design intent.
set_input_delay -clock usb_clk_pin 2.000 [get_ports cw_usb_data_io]
/home/ando/git/x-heep-tflite/hw/fpga/constraints/cw305/constraints.xdc (Line: 10)
Related violations: <none>

XDCH-2#28 Warning
Same min and max delay values on IO port  
The same input delay of 2.000 ns has been defined on port 'cw_usb_data_io[5]' relative to clock usb_clk_pin for both max and min. Make sure this reflects the design intent.
set_input_delay -clock usb_clk_pin 2.000 [get_ports cw_usb_data_io]
/home/ando/git/x-heep-tflite/hw/fpga/constraints/cw305/constraints.xdc (Line: 10)
Related violations: <none>

XDCH-2#29 Warning
Same min and max delay values on IO port  
The same input delay of 2.000 ns has been defined on port 'cw_usb_data_io[6]' relative to clock usb_clk_pin for both max and min. Make sure this reflects the design intent.
set_input_delay -clock usb_clk_pin 2.000 [get_ports cw_usb_data_io]
/home/ando/git/x-heep-tflite/hw/fpga/constraints/cw305/constraints.xdc (Line: 10)
Related violations: <none>

XDCH-2#30 Warning
Same min and max delay values on IO port  
The same input delay of 2.000 ns has been defined on port 'cw_usb_data_io[7]' relative to clock usb_clk_pin for both max and min. Make sure this reflects the design intent.
set_input_delay -clock usb_clk_pin 2.000 [get_ports cw_usb_data_io]
/home/ando/git/x-heep-tflite/hw/fpga/constraints/cw305/constraints.xdc (Line: 10)
Related violations: <none>

XDCH-2#31 Warning
Same min and max delay values on IO port  
The same input delay of 2.000 ns has been defined on port 'cw_usb_rd_ni' relative to clock usb_clk_pin for both max and min. Make sure this reflects the design intent.
set_input_delay -clock usb_clk_pin 2.000 [get_ports cw_usb_rd_ni]
/home/ando/git/x-heep-tflite/hw/fpga/constraints/cw305/constraints.xdc (Line: 8)
Related violations: <none>

XDCH-2#32 Warning
Same min and max delay values on IO port  
The same input delay of 2.000 ns has been defined on port 'cw_usb_we_ni' relative to clock usb_clk_pin for both max and min. Make sure this reflects the design intent.
set_input_delay -clock usb_clk_pin 2.000 [get_ports cw_usb_we_ni]
/home/ando/git/x-heep-tflite/hw/fpga/constraints/cw305/constraints.xdc (Line: 9)
Related violations: <none>

XDCH-2#33 Warning
Same min and max delay values on IO port  
The same output delay of 0.000 ns has been defined on port 'cw_usb_data_io[0]' relative to clock usb_clk_pin for both max and min. Make sure this reflects the design intent.
set_output_delay -clock usb_clk_pin 0.000 [get_ports cw_usb_data_io]
/home/ando/git/x-heep-tflite/hw/fpga/constraints/cw305/constraints.xdc (Line: 14)
Related violations: <none>

XDCH-2#34 Warning
Same min and max delay values on IO port  
The same output delay of 0.000 ns has been defined on port 'cw_usb_data_io[1]' relative to clock usb_clk_pin for both max and min. Make sure this reflects the design intent.
set_output_delay -clock usb_clk_pin 0.000 [get_ports cw_usb_data_io]
/home/ando/git/x-heep-tflite/hw/fpga/constraints/cw305/constraints.xdc (Line: 14)
Related violations: <none>

XDCH-2#35 Warning
Same min and max delay values on IO port  
The same output delay of 0.000 ns has been defined on port 'cw_usb_data_io[2]' relative to clock usb_clk_pin for both max and min. Make sure this reflects the design intent.
set_output_delay -clock usb_clk_pin 0.000 [get_ports cw_usb_data_io]
/home/ando/git/x-heep-tflite/hw/fpga/constraints/cw305/constraints.xdc (Line: 14)
Related violations: <none>

XDCH-2#36 Warning
Same min and max delay values on IO port  
The same output delay of 0.000 ns has been defined on port 'cw_usb_data_io[3]' relative to clock usb_clk_pin for both max and min. Make sure this reflects the design intent.
set_output_delay -clock usb_clk_pin 0.000 [get_ports cw_usb_data_io]
/home/ando/git/x-heep-tflite/hw/fpga/constraints/cw305/constraints.xdc (Line: 14)
Related violations: <none>

XDCH-2#37 Warning
Same min and max delay values on IO port  
The same output delay of 0.000 ns has been defined on port 'cw_usb_data_io[4]' relative to clock usb_clk_pin for both max and min. Make sure this reflects the design intent.
set_output_delay -clock usb_clk_pin 0.000 [get_ports cw_usb_data_io]
/home/ando/git/x-heep-tflite/hw/fpga/constraints/cw305/constraints.xdc (Line: 14)
Related violations: <none>

XDCH-2#38 Warning
Same min and max delay values on IO port  
The same output delay of 0.000 ns has been defined on port 'cw_usb_data_io[5]' relative to clock usb_clk_pin for both max and min. Make sure this reflects the design intent.
set_output_delay -clock usb_clk_pin 0.000 [get_ports cw_usb_data_io]
/home/ando/git/x-heep-tflite/hw/fpga/constraints/cw305/constraints.xdc (Line: 14)
Related violations: <none>

XDCH-2#39 Warning
Same min and max delay values on IO port  
The same output delay of 0.000 ns has been defined on port 'cw_usb_data_io[6]' relative to clock usb_clk_pin for both max and min. Make sure this reflects the design intent.
set_output_delay -clock usb_clk_pin 0.000 [get_ports cw_usb_data_io]
/home/ando/git/x-heep-tflite/hw/fpga/constraints/cw305/constraints.xdc (Line: 14)
Related violations: <none>

XDCH-2#40 Warning
Same min and max delay values on IO port  
The same output delay of 0.000 ns has been defined on port 'cw_usb_data_io[7]' relative to clock usb_clk_pin for both max and min. Make sure this reflects the design intent.
set_output_delay -clock usb_clk_pin 0.000 [get_ports cw_usb_data_io]
/home/ando/git/x-heep-tflite/hw/fpga/constraints/cw305/constraints.xdc (Line: 14)
Related violations: <none>


